[INFO] Scanning for projects...
Downloading from central: https://repo.maven.apache.org/maven2/org/springframework/boot/maven-metadata.xml
Downloading from central: https://repo.maven.apache.org/maven2/org/cyclonedx/maven-metadata.xml
Downloading from central: https://repo.maven.apache.org/maven2/org/flywaydb/maven-metadata.xml
Downloading from central: https://repo.maven.apache.org/maven2/io/github/git-commit-id/maven-metadata.xml
Progress (1): 249 B
Progress (2): 249 B | 234 B
Progress (3): 249 B | 234 B | 255 B
                                   
Downloaded from central: https://repo.maven.apache.org/maven2/io/github/git-commit-id/maven-metadata.xml (255 B at 180 B/s)
Downloaded from central: https://repo.maven.apache.org/maven2/org/flywaydb/maven-metadata.xml (234 B at 165 B/s)
Downloaded from central: https://repo.maven.apache.org/maven2/org/springframework/boot/maven-metadata.xml (249 B at 176 B/s)
Downloading from central: https://repo.maven.apache.org/maven2/org/jooq/maven-metadata.xml
Downloading from central: https://repo.maven.apache.org/maven2/org/liquibase/maven-metadata.xml
Downloading from central: https://repo.maven.apache.org/maven2/org/jetbrains/kotlin/maven-metadata.xml
Progress (1): 398 B
Progress (2): 398 B | 394 B
Progress (3): 398 B | 394 B | 375 B
                                   
Downloaded from central: https://repo.maven.apache.org/maven2/org/jooq/maven-metadata.xml (398 B at 8.5 kB/s)
Downloaded from central: https://repo.maven.apache.org/maven2/org/liquibase/maven-metadata.xml (394 B at 8.2 kB/s)
Downloading from central: https://repo.maven.apache.org/maven2/org/graalvm/buildtools/maven-metadata.xml
Downloading from central: https://repo.maven.apache.org/maven2/org/apache/maven/plugins/maven-metadata.xml
Downloaded from central: https://repo.maven.apache.org/maven2/org/jetbrains/kotlin/maven-metadata.xml (375 B at 7.1 kB/s)
Downloading from central: https://repo.maven.apache.org/maven2/org/codehaus/mojo/maven-metadata.xml
Progress (1): 242 B
Progress (2): 242 B | 3.1 kB
Progress (3): 242 B | 3.1 kB | 4.0 kB
Progress (3): 242 B | 7.7 kB | 4.0 kB
Progress (3): 242 B | 7.7 kB | 9.3 kB
Progress (3): 242 B | 12 kB | 9.3 kB 
Progress (3): 242 B | 17 kB | 9.3 kB
Progress (3): 242 B | 17 kB | 14 kB 
Progress (3): 242 B | 20 kB | 14 kB
Progress (3): 242 B | 21 kB | 14 kB
                                   
Downloaded from central: https://repo.maven.apache.org/maven2/org/graalvm/buildtools/maven-metadata.xml (242 B at 4.4 kB/s)
Downloaded from central: https://repo.maven.apache.org/maven2/org/apache/maven/plugins/maven-metadata.xml (14 kB at 230 kB/s)
Progress (2): 21 kB | 243 B
                           
Downloaded from central: https://repo.maven.apache.org/maven2/org/cyclonedx/maven-metadata.xml (243 B at 156 B/s)
Downloaded from central: https://repo.maven.apache.org/maven2/org/codehaus/mojo/maven-metadata.xml (21 kB at 208 kB/s)
[INFO] 
[INFO] ---------------------------< com:ServiceGo >----------------------------
[INFO] Building ServiceGo 0.0.1-SNAPSHOT
[INFO]   from pom.xml
[INFO] --------------------------------[ jar ]---------------------------------
[INFO] 
[INFO] >>> spring-boot:4.0.3:run (default-cli) > test-compile @ ServiceGo >>>
[INFO] 
[INFO] --- resources:3.3.1:resources (default-resources) @ ServiceGo ---
[INFO] Copying 3 resources from src\main\resources to target\classes
[INFO] Copying 11 resources from src\main\resources to target\classes
[INFO] 
[INFO] --- compiler:3.14.1:compile (default-compile) @ ServiceGo ---
[INFO] Nothing to compile - all classes are up to date.
[INFO] 
[INFO] --- resources:3.3.1:testResources (default-testResources) @ ServiceGo ---
[INFO] Copying 1 resource from src\test\resources to target\test-classes
[INFO] 
[INFO] --- compiler:3.14.1:testCompile (default-testCompile) @ ServiceGo ---
[INFO] Nothing to compile - all classes are up to date.
[INFO] 
[INFO] <<< spring-boot:4.0.3:run (default-cli) < test-compile @ ServiceGo <<<
[INFO] 
[INFO] 
[INFO] --- spring-boot:4.0.3:run (default-cli) @ ServiceGo ---
Downloading from central: https://repo.maven.apache.org/maven2/org/springframework/boot/spring-boot-buildpack-platform/4.0.3/spring-boot-buildpack-platform-4.0.3.jar
Downloading from central: https://repo.maven.apache.org/maven2/net/java/dev/jna/jna-platform/5.17.0/jna-platform-5.17.0.jar
Downloading from central: https://repo.maven.apache.org/maven2/net/java/dev/jna/jna/5.17.0/jna-5.17.0.jar
Downloading from central: https://repo.maven.apache.org/maven2/org/apache/commons/commons-compress/1.27.1/commons-compress-1.27.1.jar
Downloading from central: https://repo.maven.apache.org/maven2/org/apache/commons/commons-lang3/3.16.0/commons-lang3-3.16.0.jar
Progress (1): 0.9/330 kB
Progress (1): 2.3/330 kB
Progress (1): 3.6/330 kB
Progress (1): 5.0/330 kB
Progress (1): 6.4/330 kB
Progress (1): 7.7/330 kB
Progress (1): 9.1/330 kB
Progress (1): 10/330 kB 
Progress (1): 12/330 kB
Progress (1): 13/330 kB
Progress (1): 15/330 kB
Progress (1): 16/330 kB
Progress (1): 17/330 kB
Progress (1): 18/330 kB
Progress (1): 20/330 kB
Progress (1): 21/330 kB
Progress (1): 23/330 kB
Progress (1): 24/330 kB
Progress (1): 25/330 kB
Progress (1): 27/330 kB
Progress (1): 28/330 kB
Progress (1): 29/330 kB
Progress (1): 31/330 kB
Progress (1): 32/330 kB
Progress (1): 33/330 kB
Progress (1): 35/330 kB
Progress (1): 36/330 kB
Progress (1): 38/330 kB
Progress (1): 39/330 kB
Progress (2): 39/330 kB | 0/1.4 MB
Progress (2): 40/330 kB | 0/1.4 MB
Progress (3): 40/330 kB | 0/1.4 MB | 0/2.0 MB
Progress (3): 42/330 kB | 0/1.4 MB | 0/2.0 MB
Progress (3): 42/330 kB | 0/1.4 MB | 0/2.0 MB
Progress (3): 42/330 kB | 0/1.4 MB | 0/2.0 MB
Progress (3): 43/330 kB | 0/1.4 MB | 0/2.0 MB
Progress (3): 43/330 kB | 0/1.4 MB | 0/2.0 MB
Progress (3): 43/330 kB | 0/1.4 MB | 0/2.0 MB
Progress (3): 43/330 kB | 0/1.4 MB | 0/2.0 MB
Progress (3): 43/330 kB | 0/1.4 MB | 0/2.0 MB
Progress (3): 43/330 kB | 0/1.4 MB | 0/2.0 MB
Progress (3): 43/330 kB | 0/1.4 MB | 0/2.0 MB
Progress (3): 47/330 kB | 0/1.4 MB | 0/2.0 MB
Progress (3): 47/330 kB | 0/1.4 MB | 0/2.0 MB
Progress (3): 47/330 kB | 0/1.4 MB | 0/2.0 MB
Progress (3): 47/330 kB | 0/1.4 MB | 0/2.0 MB
Progress (3): 47/330 kB | 0/1.4 MB | 0/2.0 MB
Progress (3): 47/330 kB | 0/1.4 MB | 0/2.0 MB
Progress (3): 47/330 kB | 0/1.4 MB | 0/2.0 MB
Progress (3): 47/330 kB | 0/1.4 MB | 0/2.0 MB
Progress (3): 47/330 kB | 0/1.4 MB | 0/2.0 MB
Progress (3): 51/330 kB | 0/1.4 MB | 0/2.0 MB
Progress (3): 51/330 kB | 0/1.4 MB | 0/2.0 MB
Progress (3): 51/330 kB | 0/1.4 MB | 0/2.0 MB
Progress (3): 51/330 kB | 0/1.4 MB | 0/2.0 MB
Progress (4): 51/330 kB | 0/1.4 MB | 0/2.0 MB | 0/1.1 MB
Progress (4): 51/330 kB | 0/1.4 MB | 0/2.0 MB | 0/1.1 MB
Progress (4): 51/330 kB | 0/1.4 MB | 0/2.0 MB | 0/1.1 MB
Progress (4): 51/330 kB | 0/1.4 MB | 0/2.0 MB | 0/1.1 MB
Progress (4): 51/330 kB | 0/1.4 MB | 0/2.0 MB | 0/1.1 MB
Progress (4): 51/330 kB | 0/1.4 MB | 0/2.0 MB | 0/1.1 MB
Progress (4): 51/330 kB | 0/1.4 MB | 0/2.0 MB | 0/1.1 MB
Progress (4): 51/330 kB | 0/1.4 MB | 0/2.0 MB | 0/1.1 MB
Progress (4): 51/330 kB | 0/1.4 MB | 0/2.0 MB | 0/1.1 MB
Progress (4): 51/330 kB | 0/1.4 MB | 0/2.0 MB | 0/1.1 MB
Progress (4): 51/330 kB | 0/1.4 MB | 0/2.0 MB | 0/1.1 MB
Progress (4): 51/330 kB | 0/1.4 MB | 0/2.0 MB | 0/1.1 MB
Progress (4): 51/330 kB | 0/1.4 MB | 0/2.0 MB | 0/1.1 MB
Progress (4): 51/330 kB | 0/1.4 MB | 0/2.0 MB | 0/1.1 MB
Progress (4): 51/330 kB | 0/1.4 MB | 0/2.0 MB | 0/1.1 MB
Progress (4): 51/330 kB | 0/1.4 MB | 0/2.0 MB | 0/1.1 MB
Progress (4): 51/330 kB | 0/1.4 MB | 0/2.0 MB | 0/1.1 MB
Progress (4): 51/330 kB | 0/1.4 MB | 0/2.0 MB | 0/1.1 MB
Progress (4): 51/330 kB | 0/1.4 MB | 0/2.0 MB | 0/1.1 MB
Progress (4): 51/330 kB | 0/1.4 MB | 0/2.0 MB | 0/1.1 MB
Progress (4): 51/330 kB | 0/1.4 MB | 0/2.0 MB | 0/1.1 MB
Progress (4): 51/330 kB | 0/1.4 MB | 0/2.0 MB | 0/1.1 MB
Progress (4): 51/330 kB | 0/1.4 MB | 0/2.0 MB | 0/1.1 MB
Progress (4): 51/330 kB | 0/1.4 MB | 0/2.0 MB | 0/1.1 MB
Progress (4): 51/330 kB | 0/1.4 MB | 0/2.0 MB | 0/1.1 MB
Progress (4): 51/330 kB | 0/1.4 MB | 0/2.0 MB | 0/1.1 MB
Progress (4): 51/330 kB | 0/1.4 MB | 0/2.0 MB | 0/1.1 MB
Progress (4): 51/330 kB | 0/1.4 MB | 0/2.0 MB | 0/1.1 MB
Progress (4): 51/330 kB | 0/1.4 MB | 0/2.0 MB | 0/1.1 MB
Progress (4): 51/330 kB | 0/1.4 MB | 0/2.0 MB | 0/1.1 MB
Progress (4): 51/330 kB | 0/1.4 MB | 0/2.0 MB | 0/1.1 MB
Progress (4): 56/330 kB | 0/1.4 MB | 0/2.0 MB | 0/1.1 MB
Progress (4): 56/330 kB | 0/1.4 MB | 0/2.0 MB | 0/1.1 MB
Progress (4): 56/330 kB | 0/1.4 MB | 0/2.0 MB | 0/1.1 MB
Progress (4): 56/330 kB | 0/1.4 MB | 0/2.0 MB | 0/1.1 MB
Progress (4): 56/330 kB | 0/1.4 MB | 0/2.0 MB | 0/1.1 MB
Progress (4): 56/330 kB | 0/1.4 MB | 0/2.0 MB | 0/1.1 MB
Progress (4): 56/330 kB | 0/1.4 MB | 0/2.0 MB | 0/1.1 MB
Progress (4): 56/330 kB | 0/1.4 MB | 0/2.0 MB | 0/1.1 MB
Progress (4): 60/330 kB | 0/1.4 MB | 0/2.0 MB | 0/1.1 MB
Progress (4): 60/330 kB | 0/1.4 MB | 0/2.0 MB | 0/1.1 MB
Progress (4): 60/330 kB | 0/1.4 MB | 0/2.0 MB | 0/1.1 MB
Progress (4): 60/330 kB | 0/1.4 MB | 0/2.0 MB | 0/1.1 MB
Progress (4): 60/330 kB | 0/1.4 MB | 0/2.0 MB | 0/1.1 MB
Progress (4): 60/330 kB | 0/1.4 MB | 0/2.0 MB | 0/1.1 MB
Progress (4): 64/330 kB | 0/1.4 MB | 0/2.0 MB | 0/1.1 MB
Progress (4): 64/330 kB | 0/1.4 MB | 0/2.0 MB | 0/1.1 MB
Progress (4): 64/330 kB | 0/1.4 MB | 0/2.0 MB | 0/1.1 MB
Progress (4): 64/330 kB | 0/1.4 MB | 0/2.0 MB | 0/1.1 MB
Progress (4): 64/330 kB | 0/1.4 MB | 0/2.0 MB | 0/1.1 MB
Progress (4): 64/330 kB | 0/1.4 MB | 0/2.0 MB | 0/1.1 MB
Progress (4): 64/330 kB | 0/1.4 MB | 0/2.0 MB | 0/1.1 MB
Progress (4): 64/330 kB | 0/1.4 MB | 0/2.0 MB | 0/1.1 MB
Progress (4): 68/330 kB | 0/1.4 MB | 0/2.0 MB | 0/1.1 MB
Progress (4): 68/330 kB | 0/1.4 MB | 0/2.0 MB | 0/1.1 MB
Progress (4): 68/330 kB | 0/1.4 MB | 0/2.0 MB | 0/1.1 MB
Progress (4): 68/330 kB | 0/1.4 MB | 0/2.0 MB | 0/1.1 MB
Progress (4): 68/330 kB | 0/1.4 MB | 0/2.0 MB | 0/1.1 MB
Progress (4): 68/330 kB | 0/1.4 MB | 0/2.0 MB | 0/1.1 MB
Progress (4): 68/330 kB | 0/1.4 MB | 0/2.0 MB | 0/1.1 MB
Progress (4): 73/330 kB | 0/1.4 MB | 0/2.0 MB | 0/1.1 MB
Progress (4): 73/330 kB | 0/1.4 MB | 0/2.0 MB | 0/1.1 MB
Progress (4): 73/330 kB | 0/1.4 MB | 0/2.0 MB | 0/1.1 MB
Progress (4): 73/330 kB | 0/1.4 MB | 0/2.0 MB | 0/1.1 MB
Progress (4): 73/330 kB | 0/1.4 MB | 0/2.0 MB | 0/1.1 MB
Progress (4): 73/330 kB | 0/1.4 MB | 0/2.0 MB | 0/1.1 MB
Progress (4): 77/330 kB | 0/1.4 MB | 0/2.0 MB | 0/1.1 MB
Progress (4): 77/330 kB | 0/1.4 MB | 0/2.0 MB | 0/1.1 MB
Progress (4): 77/330 kB | 0/1.4 MB | 0/2.0 MB | 0/1.1 MB
Progress (4): 77/330 kB | 0/1.4 MB | 0/2.0 MB | 0/1.1 MB
Progress (4): 77/330 kB | 0/1.4 MB | 0/2.0 MB | 0/1.1 MB
Progress (4): 77/330 kB | 0/1.4 MB | 0/2.0 MB | 0/1.1 MB
Progress (4): 77/330 kB | 0/1.4 MB | 0/2.0 MB | 0/1.1 MB
Progress (4): 81/330 kB | 0/1.4 MB | 0/2.0 MB | 0/1.1 MB
Progress (4): 81/330 kB | 0/1.4 MB | 0/2.0 MB | 0/1.1 MB
Progress (4): 81/330 kB | 0/1.4 MB | 0/2.0 MB | 0/1.1 MB
Progress (4): 81/330 kB | 0/1.4 MB | 0/2.0 MB | 0/1.1 MB
Progress (4): 81/330 kB | 0/1.4 MB | 0/2.0 MB | 0/1.1 MB
Progress (4): 81/330 kB | 0/1.4 MB | 0/2.0 MB | 0/1.1 MB
Progress (4): 81/330 kB | 0/1.4 MB | 0/2.0 MB | 0/1.1 MB
Progress (4): 85/330 kB | 0/1.4 MB | 0/2.0 MB | 0/1.1 MB
Progress (4): 85/330 kB | 0/1.4 MB | 0/2.0 MB | 0/1.1 MB
Progress (4): 85/330 kB | 0/1.4 MB | 0/2.0 MB | 0/1.1 MB
Progress (4): 85/330 kB | 0/1.4 MB | 0/2.0 MB | 0/1.1 MB
Progress (4): 85/330 kB | 0/1.4 MB | 0/2.0 MB | 0/1.1 MB
Progress (4): 85/330 kB | 0/1.4 MB | 0/2.0 MB | 0/1.1 MB
Progress (4): 90/330 kB | 0/1.4 MB | 0/2.0 MB | 0/1.1 MB
Progress (4): 90/330 kB | 0/1.4 MB | 0/2.0 MB | 0/1.1 MB
Progress (4): 90/330 kB | 0/1.4 MB | 0/2.0 MB | 0/1.1 MB
Progress (4): 90/330 kB | 0/1.4 MB | 0/2.0 MB | 0/1.1 MB
Progress (4): 90/330 kB | 0/1.4 MB | 0/2.0 MB | 0/1.1 MB
Progress (4): 90/330 kB | 0/1.4 MB | 0/2.0 MB | 0/1.1 MB
Progress (4): 90/330 kB | 0/1.4 MB | 0/2.0 MB | 0/1.1 MB
Progress (4): 90/330 kB | 0/1.4 MB | 0.1/2.0 MB | 0/1.1 MB
Progress (4): 94/330 kB | 0/1.4 MB | 0.1/2.0 MB | 0/1.1 MB
Progress (4): 94/330 kB | 0/1.4 MB | 0.1/2.0 MB | 0/1.1 MB
Progress (4): 94/330 kB | 0.1/1.4 MB | 0.1/2.0 MB | 0/1.1 MB
Progress (4): 94/330 kB | 0.1/1.4 MB | 0.1/2.0 MB | 0/1.1 MB
Progress (4): 98/330 kB | 0.1/1.4 MB | 0.1/2.0 MB | 0/1.1 MB
Progress (4): 98/330 kB | 0.1/1.4 MB | 0.1/2.0 MB | 0.1/1.1 MB
Progress (4): 98/330 kB | 0.1/1.4 MB | 0.1/2.0 MB | 0.1/1.1 MB
Progress (4): 98/330 kB | 0.1/1.4 MB | 0.1/2.0 MB | 0.1/1.1 MB
Progress (4): 102/330 kB | 0.1/1.4 MB | 0.1/2.0 MB | 0.1/1.1 MB
Progress (4): 102/330 kB | 0.1/1.4 MB | 0.1/2.0 MB | 0.1/1.1 MB
Progress (4): 102/330 kB | 0.1/1.4 MB | 0.1/2.0 MB | 0.1/1.1 MB
Progress (4): 102/330 kB | 0.1/1.4 MB | 0.1/2.0 MB | 0.1/1.1 MB
Progress (4): 102/330 kB | 0.1/1.4 MB | 0.1/2.0 MB | 0.1/1.1 MB
Progress (4): 106/330 kB | 0.1/1.4 MB | 0.1/2.0 MB | 0.1/1.1 MB
Progress (4): 106/330 kB | 0.1/1.4 MB | 0.1/2.0 MB | 0.1/1.1 MB
Progress (5): 106/330 kB | 0.1/1.4 MB | 0.1/2.0 MB | 0.1/1.1 MB | 0.9/674 kB
Progress (5): 106/330 kB | 0.1/1.4 MB | 0.1/2.0 MB | 0.1/1.1 MB | 0.9/674 kB
Progress (5): 106/330 kB | 0.1/1.4 MB | 0.1/2.0 MB | 0.1/1.1 MB | 2.3/674 kB
Progress (5): 106/330 kB | 0.1/1.4 MB | 0.1/2.0 MB | 0.1/1.1 MB | 2.3/674 kB
Progress (5): 111/330 kB | 0.1/1.4 MB | 0.1/2.0 MB | 0.1/1.1 MB | 2.3/674 kB
Progress (5): 111/330 kB | 0.1/1.4 MB | 0.1/2.0 MB | 0.1/1.1 MB | 3.6/674 kB
Progress (5): 111/330 kB | 0.1/1.4 MB | 0.1/2.0 MB | 0.1/1.1 MB | 3.6/674 kB
Progress (5): 111/330 kB | 0.1/1.4 MB | 0.1/2.0 MB | 0.1/1.1 MB | 5.0/674 kB
Progress (5): 111/330 kB | 0.1/1.4 MB | 0.1/2.0 MB | 0.1/1.1 MB | 6.4/674 kB
Progress (5): 111/330 kB | 0.1/1.4 MB | 0.1/2.0 MB | 0.1/1.1 MB | 6.4/674 kB
Progress (5): 111/330 kB | 0.1/1.4 MB | 0.1/2.0 MB | 0.1/1.1 MB | 6.4/674 kB
Progress (5): 115/330 kB | 0.1/1.4 MB | 0.1/2.0 MB | 0.1/1.1 MB | 6.4/674 kB
Progress (5): 115/330 kB | 0.1/1.4 MB | 0.1/2.0 MB | 0.1/1.1 MB | 7.7/674 kB
Progress (5): 115/330 kB | 0.1/1.4 MB | 0.1/2.0 MB | 0.1/1.1 MB | 7.7/674 kB
Progress (5): 115/330 kB | 0.1/1.4 MB | 0.1/2.0 MB | 0.1/1.1 MB | 9.1/674 kB
Progress (5): 115/330 kB | 0.1/1.4 MB | 0.1/2.0 MB | 0.1/1.1 MB | 10/674 kB 
Progress (5): 119/330 kB | 0.1/1.4 MB | 0.1/2.0 MB | 0.1/1.1 MB | 10/674 kB
Progress (5): 119/330 kB | 0.1/1.4 MB | 0.1/2.0 MB | 0.1/1.1 MB | 12/674 kB
Progress (5): 119/330 kB | 0.1/1.4 MB | 0.1/2.0 MB | 0.1/1.1 MB | 12/674 kB
Progress (5): 119/330 kB | 0.1/1.4 MB | 0.1/2.0 MB | 0.1/1.1 MB | 12/674 kB
Progress (5): 119/330 kB | 0.1/1.4 MB | 0.1/2.0 MB | 0.1/1.1 MB | 13/674 kB
Progress (5): 119/330 kB | 0.1/1.4 MB | 0.1/2.0 MB | 0.1/1.1 MB | 13/674 kB
Progress (5): 123/330 kB | 0.1/1.4 MB | 0.1/2.0 MB | 0.1/1.1 MB | 13/674 kB
Progress (5): 123/330 kB | 0.1/1.4 MB | 0.1/2.0 MB | 0.1/1.1 MB | 14/674 kB
Progress (5): 123/330 kB | 0.1/1.4 MB | 0.1/2.0 MB | 0.1/1.1 MB | 16/674 kB
Progress (5): 123/330 kB | 0.1/1.4 MB | 0.1/2.0 MB | 0.1/1.1 MB | 16/674 kB
Progress (5): 123/330 kB | 0.1/1.4 MB | 0.1/2.0 MB | 0.1/1.1 MB | 16/674 kB
Progress (5): 123/330 kB | 0.1/1.4 MB | 0.1/2.0 MB | 0.1/1.1 MB | 17/674 kB
Progress (5): 128/330 kB | 0.1/1.4 MB | 0.1/2.0 MB | 0.1/1.1 MB | 17/674 kB
Progress (5): 128/330 kB | 0.1/1.4 MB | 0.1/2.0 MB | 0.1/1.1 MB | 17/674 kB
Progress (5): 128/330 kB | 0.1/1.4 MB | 0.1/2.0 MB | 0.1/1.1 MB | 18/674 kB
Progress (5): 132/330 kB | 0.1/1.4 MB | 0.1/2.0 MB | 0.1/1.1 MB | 18/674 kB
Progress (5): 132/330 kB | 0.1/1.4 MB | 0.1/2.0 MB | 0.1/1.1 MB | 18/674 kB
Progress (5): 132/330 kB | 0.1/1.4 MB | 0.1/2.0 MB | 0.1/1.1 MB | 18/674 kB
Progress (5): 132/330 kB | 0.1/1.4 MB | 0.1/2.0 MB | 0.1/1.1 MB | 20/674 kB
Progress (5): 132/330 kB | 0.1/1.4 MB | 0.1/2.0 MB | 0.1/1.1 MB | 20/674 kB
Progress (5): 132/330 kB | 0.1/1.4 MB | 0.1/2.0 MB | 0.1/1.1 MB | 21/674 kB
Progress (5): 132/330 kB | 0.1/1.4 MB | 0.1/2.0 MB | 0.1/1.1 MB | 21/674 kB
Progress (5): 132/330 kB | 0.1/1.4 MB | 0.1/2.0 MB | 0.1/1.1 MB | 23/674 kB
Progress (5): 132/330 kB | 0.1/1.4 MB | 0.1/2.0 MB | 0.1/1.1 MB | 23/674 kB
Progress (5): 132/330 kB | 0.1/1.4 MB | 0.1/2.0 MB | 0.1/1.1 MB | 23/674 kB
Progress (5): 136/330 kB | 0.1/1.4 MB | 0.1/2.0 MB | 0.1/1.1 MB | 23/674 kB
Progress (5): 136/330 kB | 0.1/1.4 MB | 0.1/2.0 MB | 0.1/1.1 MB | 24/674 kB
Progress (5): 136/330 kB | 0.1/1.4 MB | 0.1/2.0 MB | 0.1/1.1 MB | 24/674 kB
Progress (5): 136/330 kB | 0.1/1.4 MB | 0.1/2.0 MB | 0.1/1.1 MB | 25/674 kB
Progress (5): 136/330 kB | 0.1/1.4 MB | 0.1/2.0 MB | 0.1/1.1 MB | 25/674 kB
Progress (5): 136/330 kB | 0.1/1.4 MB | 0.1/2.0 MB | 0.1/1.1 MB | 27/674 kB
Progress (5): 136/330 kB | 0.1/1.4 MB | 0.1/2.0 MB | 0.1/1.1 MB | 27/674 kB
Progress (5): 136/330 kB | 0.1/1.4 MB | 0.1/2.0 MB | 0.1/1.1 MB | 27/674 kB
Progress (5): 136/330 kB | 0.1/1.4 MB | 0.1/2.0 MB | 0.1/1.1 MB | 27/674 kB
Progress (5): 136/330 kB | 0.1/1.4 MB | 0.1/2.0 MB | 0.1/1.1 MB | 28/674 kB
Progress (5): 136/330 kB | 0.1/1.4 MB | 0.1/2.0 MB | 0.1/1.1 MB | 28/674 kB
Progress (5): 136/330 kB | 0.1/1.4 MB | 0.1/2.0 MB | 0.1/1.1 MB | 29/674 kB
Progress (5): 136/330 kB | 0.1/1.4 MB | 0.1/2.0 MB | 0.1/1.1 MB | 29/674 kB
Progress (5): 140/330 kB | 0.1/1.4 MB | 0.1/2.0 MB | 0.1/1.1 MB | 29/674 kB
Progress (5): 140/330 kB | 0.1/1.4 MB | 0.1/2.0 MB | 0.1/1.1 MB | 29/674 kB
Progress (5): 140/330 kB | 0.1/1.4 MB | 0.1/2.0 MB | 0.1/1.1 MB | 31/674 kB
Progress (5): 140/330 kB | 0.1/1.4 MB | 0.1/2.0 MB | 0.1/1.1 MB | 31/674 kB
Progress (5): 145/330 kB | 0.1/1.4 MB | 0.1/2.0 MB | 0.1/1.1 MB | 31/674 kB
Progress (5): 145/330 kB | 0.1/1.4 MB | 0.1/2.0 MB | 0.1/1.1 MB | 32/674 kB
Progress (5): 147/330 kB | 0.1/1.4 MB | 0.1/2.0 MB | 0.1/1.1 MB | 32/674 kB
Progress (5): 147/330 kB | 0.1/1.4 MB | 0.1/2.0 MB | 0.1/1.1 MB | 32/674 kB
Progress (5): 147/330 kB | 0.1/1.4 MB | 0.1/2.0 MB | 0.1/1.1 MB | 33/674 kB
Progress (5): 147/330 kB | 0.1/1.4 MB | 0.1/2.0 MB | 0.1/1.1 MB | 33/674 kB
Progress (5): 147/330 kB | 0.1/1.4 MB | 0.1/2.0 MB | 0.1/1.1 MB | 33/674 kB
Progress (5): 151/330 kB | 0.1/1.4 MB | 0.1/2.0 MB | 0.1/1.1 MB | 33/674 kB
Progress (5): 151/330 kB | 0.1/1.4 MB | 0.1/2.0 MB | 0.1/1.1 MB | 35/674 kB
Progress (5): 151/330 kB | 0.1/1.4 MB | 0.1/2.0 MB | 0.1/1.1 MB | 35/674 kB
Progress (5): 151/330 kB | 0.1/1.4 MB | 0.1/2.0 MB | 0.1/1.1 MB | 35/674 kB
Progress (5): 151/330 kB | 0.1/1.4 MB | 0.1/2.0 MB | 0.1/1.1 MB | 36/674 kB
Progress (5): 151/330 kB | 0.1/1.4 MB | 0.1/2.0 MB | 0.1/1.1 MB | 36/674 kB
Progress (5): 155/330 kB | 0.1/1.4 MB | 0.1/2.0 MB | 0.1/1.1 MB | 36/674 kB
Progress (5): 155/330 kB | 0.1/1.4 MB | 0.1/2.0 MB | 0.1/1.1 MB | 38/674 kB
Progress (5): 155/330 kB | 0.1/1.4 MB | 0.1/2.0 MB | 0.1/1.1 MB | 39/674 kB
Progress (5): 155/330 kB | 0.1/1.4 MB | 0.1/2.0 MB | 0.1/1.1 MB | 39/674 kB
Progress (5): 155/330 kB | 0.1/1.4 MB | 0.1/2.0 MB | 0.1/1.1 MB | 40/674 kB
Progress (5): 159/330 kB | 0.1/1.4 MB | 0.1/2.0 MB | 0.1/1.1 MB | 40/674 kB
Progress (5): 159/330 kB | 0.1/1.4 MB | 0.1/2.0 MB | 0.1/1.1 MB | 40/674 kB
Progress (5): 159/330 kB | 0.1/1.4 MB | 0.1/2.0 MB | 0.1/1.1 MB | 42/674 kB
Progress (5): 159/330 kB | 0.1/1.4 MB | 0.1/2.0 MB | 0.1/1.1 MB | 42/674 kB
Progress (5): 159/330 kB | 0.1/1.4 MB | 0.1/2.0 MB | 0.1/1.1 MB | 42/674 kB
Progress (5): 159/330 kB | 0.1/1.4 MB | 0.1/2.0 MB | 0.1/1.1 MB | 43/674 kB
Progress (5): 164/330 kB | 0.1/1.4 MB | 0.1/2.0 MB | 0.1/1.1 MB | 43/674 kB
Progress (5): 164/330 kB | 0.1/1.4 MB | 0.1/2.0 MB | 0.1/1.1 MB | 44/674 kB
Progress (5): 164/330 kB | 0.1/1.4 MB | 0.1/2.0 MB | 0.1/1.1 MB | 44/674 kB
Progress (5): 164/330 kB | 0.1/1.4 MB | 0.1/2.0 MB | 0.1/1.1 MB | 44/674 kB
Progress (5): 164/330 kB | 0.1/1.4 MB | 0.1/2.0 MB | 0.1/1.1 MB | 44/674 kB
Progress (5): 164/330 kB | 0.1/1.4 MB | 0.1/2.0 MB | 0.1/1.1 MB | 46/674 kB
Progress (5): 168/330 kB | 0.1/1.4 MB | 0.1/2.0 MB | 0.1/1.1 MB | 46/674 kB
Progress (5): 168/330 kB | 0.1/1.4 MB | 0.1/2.0 MB | 0.1/1.1 MB | 46/674 kB
Progress (5): 168/330 kB | 0.1/1.4 MB | 0.1/2.0 MB | 0.1/1.1 MB | 47/674 kB
Progress (5): 168/330 kB | 0.1/1.4 MB | 0.1/2.0 MB | 0.1/1.1 MB | 47/674 kB
Progress (5): 168/330 kB | 0.1/1.4 MB | 0.1/2.0 MB | 0.1/1.1 MB | 49/674 kB
Progress (5): 172/330 kB | 0.1/1.4 MB | 0.1/2.0 MB | 0.1/1.1 MB | 49/674 kB
Progress (5): 172/330 kB | 0.1/1.4 MB | 0.1/2.0 MB | 0.1/1.1 MB | 49/674 kB
Progress (5): 172/330 kB | 0.1/1.4 MB | 0.1/2.0 MB | 0.1/1.1 MB | 50/674 kB
Progress (5): 172/330 kB | 0.1/1.4 MB | 0.1/2.0 MB | 0.1/1.1 MB | 50/674 kB
Progress (5): 172/330 kB | 0.1/1.4 MB | 0.1/2.0 MB | 0.1/1.1 MB | 51/674 kB
Progress (5): 172/330 kB | 0.1/1.4 MB | 0.1/2.0 MB | 0.1/1.1 MB | 51/674 kB
Progress (5): 172/330 kB | 0.1/1.4 MB | 0.1/2.0 MB | 0.1/1.1 MB | 51/674 kB
Progress (5): 172/330 kB | 0.1/1.4 MB | 0.1/2.0 MB | 0.1/1.1 MB | 53/674 kB
Progress (5): 172/330 kB | 0.1/1.4 MB | 0.1/2.0 MB | 0.1/1.1 MB | 53/674 kB
Progress (5): 172/330 kB | 0.1/1.4 MB | 0.1/2.0 MB | 0.1/1.1 MB | 53/674 kB
Progress (5): 172/330 kB | 0.1/1.4 MB | 0.1/2.0 MB | 0.1/1.1 MB | 54/674 kB
Progress (5): 172/330 kB | 0.1/1.4 MB | 0.1/2.0 MB | 0.1/1.1 MB | 54/674 kB
Progress (5): 172/330 kB | 0.1/1.4 MB | 0.1/2.0 MB | 0.1/1.1 MB | 55/674 kB
Progress (5): 172/330 kB | 0.1/1.4 MB | 0.1/2.0 MB | 0.1/1.1 MB | 55/674 kB
Progress (5): 172/330 kB | 0.1/1.4 MB | 0.1/2.0 MB | 0.1/1.1 MB | 55/674 kB
Progress (5): 172/330 kB | 0.1/1.4 MB | 0.1/2.0 MB | 0.1/1.1 MB | 55/674 kB
Progress (5): 172/330 kB | 0.1/1.4 MB | 0.1/2.0 MB | 0.1/1.1 MB | 55/674 kB
Progress (5): 172/330 kB | 0.1/1.4 MB | 0.1/2.0 MB | 0.1/1.1 MB | 60/674 kB
Progress (5): 176/330 kB | 0.1/1.4 MB | 0.1/2.0 MB | 0.1/1.1 MB | 60/674 kB
Progress (5): 176/330 kB | 0.1/1.4 MB | 0.1/2.0 MB | 0.1/1.1 MB | 60/674 kB
Progress (5): 176/330 kB | 0.1/1.4 MB | 0.1/2.0 MB | 0.1/1.1 MB | 60/674 kB
Progress (5): 181/330 kB | 0.1/1.4 MB | 0.1/2.0 MB | 0.1/1.1 MB | 60/674 kB
Progress (5): 181/330 kB | 0.1/1.4 MB | 0.1/2.0 MB | 0.1/1.1 MB | 60/674 kB
Progress (5): 181/330 kB | 0.1/1.4 MB | 0.1/2.0 MB | 0.1/1.1 MB | 64/674 kB
Progress (5): 181/330 kB | 0.1/1.4 MB | 0.1/2.0 MB | 0.1/1.1 MB | 64/674 kB
Progress (5): 181/330 kB | 0.1/1.4 MB | 0.1/2.0 MB | 0.2/1.1 MB | 64/674 kB
Progress (5): 185/330 kB | 0.1/1.4 MB | 0.1/2.0 MB | 0.2/1.1 MB | 64/674 kB
Progress (5): 185/330 kB | 0.1/1.4 MB | 0.1/2.0 MB | 0.2/1.1 MB | 64/674 kB
Progress (5): 185/330 kB | 0.1/1.4 MB | 0.1/2.0 MB | 0.2/1.1 MB | 64/674 kB
Progress (5): 189/330 kB | 0.1/1.4 MB | 0.1/2.0 MB | 0.2/1.1 MB | 64/674 kB
Progress (5): 189/330 kB | 0.1/1.4 MB | 0.1/2.0 MB | 0.2/1.1 MB | 68/674 kB
Progress (5): 189/330 kB | 0.1/1.4 MB | 0.1/2.0 MB | 0.2/1.1 MB | 68/674 kB
Progress (5): 189/330 kB | 0.1/1.4 MB | 0.1/2.0 MB | 0.2/1.1 MB | 68/674 kB
Progress (5): 193/330 kB | 0.1/1.4 MB | 0.1/2.0 MB | 0.2/1.1 MB | 68/674 kB
Progress (5): 193/330 kB | 0.1/1.4 MB | 0.1/2.0 MB | 0.2/1.1 MB | 72/674 kB
Progress (5): 197/330 kB | 0.1/1.4 MB | 0.1/2.0 MB | 0.2/1.1 MB | 72/674 kB
Progress (5): 197/330 kB | 0.1/1.4 MB | 0.2/2.0 MB | 0.2/1.1 MB | 72/674 kB
Progress (5): 197/330 kB | 0.1/1.4 MB | 0.2/2.0 MB | 0.2/1.1 MB | 72/674 kB
Progress (5): 197/330 kB | 0.1/1.4 MB | 0.2/2.0 MB | 0.2/1.1 MB | 77/674 kB
Progress (5): 202/330 kB | 0.1/1.4 MB | 0.2/2.0 MB | 0.2/1.1 MB | 77/674 kB
Progress (5): 202/330 kB | 0.1/1.4 MB | 0.2/2.0 MB | 0.2/1.1 MB | 77/674 kB
Progress (5): 202/330 kB | 0.1/1.4 MB | 0.2/2.0 MB | 0.2/1.1 MB | 77/674 kB
Progress (5): 202/330 kB | 0.1/1.4 MB | 0.2/2.0 MB | 0.2/1.1 MB | 81/674 kB
Progress (5): 202/330 kB | 0.1/1.4 MB | 0.2/2.0 MB | 0.2/1.1 MB | 81/674 kB
Progress (5): 202/330 kB | 0.1/1.4 MB | 0.2/2.0 MB | 0.2/1.1 MB | 81/674 kB
Progress (5): 202/330 kB | 0.1/1.4 MB | 0.2/2.0 MB | 0.2/1.1 MB | 85/674 kB
Progress (5): 206/330 kB | 0.1/1.4 MB | 0.2/2.0 MB | 0.2/1.1 MB | 85/674 kB
Progress (5): 206/330 kB | 0.1/1.4 MB | 0.2/2.0 MB | 0.2/1.1 MB | 85/674 kB
Progress (5): 206/330 kB | 0.1/1.4 MB | 0.2/2.0 MB | 0.2/1.1 MB | 85/674 kB
Progress (5): 206/330 kB | 0.2/1.4 MB | 0.2/2.0 MB | 0.2/1.1 MB | 85/674 kB
Progress (5): 206/330 kB | 0.2/1.4 MB | 0.2/2.0 MB | 0.2/1.1 MB | 89/674 kB
Progress (5): 210/330 kB | 0.2/1.4 MB | 0.2/2.0 MB | 0.2/1.1 MB | 89/674 kB
Progress (5): 210/330 kB | 0.2/1.4 MB | 0.2/2.0 MB | 0.2/1.1 MB | 89/674 kB
Progress (5): 210/330 kB | 0.2/1.4 MB | 0.2/2.0 MB | 0.2/1.1 MB | 89/674 kB
Progress (5): 210/330 kB | 0.2/1.4 MB | 0.2/2.0 MB | 0.2/1.1 MB | 93/674 kB
Progress (5): 210/330 kB | 0.2/1.4 MB | 0.2/2.0 MB | 0.2/1.1 MB | 93/674 kB
Progress (5): 210/330 kB | 0.2/1.4 MB | 0.2/2.0 MB | 0.2/1.1 MB | 93/674 kB
Progress (5): 210/330 kB | 0.2/1.4 MB | 0.2/2.0 MB | 0.2/1.1 MB | 93/674 kB
Progress (5): 210/330 kB | 0.2/1.4 MB | 0.2/2.0 MB | 0.2/1.1 MB | 93/674 kB
Progress (5): 210/330 kB | 0.2/1.4 MB | 0.2/2.0 MB | 0.2/1.1 MB | 93/674 kB
Progress (5): 210/330 kB | 0.2/1.4 MB | 0.2/2.0 MB | 0.2/1.1 MB | 98/674 kB
Progress (5): 210/330 kB | 0.2/1.4 MB | 0.2/2.0 MB | 0.2/1.1 MB | 98/674 kB
Progress (5): 210/330 kB | 0.2/1.4 MB | 0.2/2.0 MB | 0.2/1.1 MB | 102/674 kB
Progress (5): 210/330 kB | 0.2/1.4 MB | 0.2/2.0 MB | 0.2/1.1 MB | 102/674 kB
Progress (5): 227/330 kB | 0.2/1.4 MB | 0.2/2.0 MB | 0.2/1.1 MB | 102/674 kB
Progress (5): 227/330 kB | 0.2/1.4 MB | 0.2/2.0 MB | 0.2/1.1 MB | 102/674 kB
Progress (5): 227/330 kB | 0.2/1.4 MB | 0.2/2.0 MB | 0.2/1.1 MB | 106/674 kB
Progress (5): 227/330 kB | 0.2/1.4 MB | 0.2/2.0 MB | 0.2/1.1 MB | 106/674 kB
Progress (5): 227/330 kB | 0.2/1.4 MB | 0.2/2.0 MB | 0.2/1.1 MB | 106/674 kB
Progress (5): 227/330 kB | 0.2/1.4 MB | 0.2/2.0 MB | 0.2/1.1 MB | 106/674 kB
Progress (5): 227/330 kB | 0.2/1.4 MB | 0.2/2.0 MB | 0.2/1.1 MB | 110/674 kB
Progress (5): 227/330 kB | 0.2/1.4 MB | 0.2/2.0 MB | 0.2/1.1 MB | 110/674 kB
Progress (5): 227/330 kB | 0.2/1.4 MB | 0.2/2.0 MB | 0.2/1.1 MB | 110/674 kB
Progress (5): 227/330 kB | 0.2/1.4 MB | 0.2/2.0 MB | 0.2/1.1 MB | 110/674 kB
Progress (5): 227/330 kB | 0.2/1.4 MB | 0.2/2.0 MB | 0.2/1.1 MB | 110/674 kB
Progress (5): 227/330 kB | 0.2/1.4 MB | 0.2/2.0 MB | 0.2/1.1 MB | 110/674 kB
Progress (5): 227/330 kB | 0.2/1.4 MB | 0.2/2.0 MB | 0.2/1.1 MB | 110/674 kB
Progress (5): 227/330 kB | 0.2/1.4 MB | 0.2/2.0 MB | 0.2/1.1 MB | 110/674 kB
Progress (5): 227/330 kB | 0.2/1.4 MB | 0.2/2.0 MB | 0.2/1.1 MB | 115/674 kB
Progress (5): 243/330 kB | 0.2/1.4 MB | 0.2/2.0 MB | 0.2/1.1 MB | 115/674 kB
Progress (5): 243/330 kB | 0.2/1.4 MB | 0.2/2.0 MB | 0.2/1.1 MB | 115/674 kB
Progress (5): 243/330 kB | 0.2/1.4 MB | 0.2/2.0 MB | 0.2/1.1 MB | 115/674 kB
Progress (5): 243/330 kB | 0.2/1.4 MB | 0.2/2.0 MB | 0.2/1.1 MB | 115/674 kB
Progress (5): 243/330 kB | 0.2/1.4 MB | 0.2/2.0 MB | 0.2/1.1 MB | 115/674 kB
Progress (5): 243/330 kB | 0.2/1.4 MB | 0.2/2.0 MB | 0.2/1.1 MB | 115/674 kB
Progress (5): 243/330 kB | 0.2/1.4 MB | 0.2/2.0 MB | 0.2/1.1 MB | 115/674 kB
Progress (5): 243/330 kB | 0.2/1.4 MB | 0.2/2.0 MB | 0.2/1.1 MB | 115/674 kB
Progress (5): 243/330 kB | 0.2/1.4 MB | 0.2/2.0 MB | 0.2/1.1 MB | 115/674 kB
Progress (5): 243/330 kB | 0.2/1.4 MB | 0.2/2.0 MB | 0.2/1.1 MB | 115/674 kB
Progress (5): 243/330 kB | 0.2/1.4 MB | 0.2/2.0 MB | 0.2/1.1 MB | 119/674 kB
Progress (5): 243/330 kB | 0.2/1.4 MB | 0.2/2.0 MB | 0.2/1.1 MB | 119/674 kB
Progress (5): 243/330 kB | 0.2/1.4 MB | 0.2/2.0 MB | 0.2/1.1 MB | 119/674 kB
Progress (5): 243/330 kB | 0.2/1.4 MB | 0.2/2.0 MB | 0.2/1.1 MB | 119/674 kB
Progress (5): 243/330 kB | 0.2/1.4 MB | 0.2/2.0 MB | 0.2/1.1 MB | 119/674 kB
Progress (5): 243/330 kB | 0.2/1.4 MB | 0.2/2.0 MB | 0.2/1.1 MB | 119/674 kB
Progress (5): 259/330 kB | 0.2/1.4 MB | 0.2/2.0 MB | 0.2/1.1 MB | 119/674 kB
Progress (5): 259/330 kB | 0.2/1.4 MB | 0.2/2.0 MB | 0.2/1.1 MB | 119/674 kB
Progress (5): 259/330 kB | 0.2/1.4 MB | 0.2/2.0 MB | 0.2/1.1 MB | 119/674 kB
Progress (5): 259/330 kB | 0.2/1.4 MB | 0.2/2.0 MB | 0.2/1.1 MB | 119/674 kB
Progress (5): 259/330 kB | 0.2/1.4 MB | 0.2/2.0 MB | 0.2/1.1 MB | 119/674 kB
Progress (5): 259/330 kB | 0.2/1.4 MB | 0.2/2.0 MB | 0.2/1.1 MB | 119/674 kB
Progress (5): 259/330 kB | 0.2/1.4 MB | 0.2/2.0 MB | 0.2/1.1 MB | 119/674 kB
Progress (5): 259/330 kB | 0.2/1.4 MB | 0.2/2.0 MB | 0.2/1.1 MB | 119/674 kB
Progress (5): 259/330 kB | 0.2/1.4 MB | 0.2/2.0 MB | 0.2/1.1 MB | 119/674 kB
Progress (5): 259/330 kB | 0.2/1.4 MB | 0.2/2.0 MB | 0.2/1.1 MB | 123/674 kB
Progress (5): 259/330 kB | 0.2/1.4 MB | 0.2/2.0 MB | 0.2/1.1 MB | 123/674 kB
Progress (5): 259/330 kB | 0.2/1.4 MB | 0.2/2.0 MB | 0.2/1.1 MB | 127/674 kB
Progress (5): 259/330 kB | 0.2/1.4 MB | 0.2/2.0 MB | 0.2/1.1 MB | 132/674 kB
Progress (5): 259/330 kB | 0.2/1.4 MB | 0.2/2.0 MB | 0.2/1.1 MB | 132/674 kB
Progress (5): 276/330 kB | 0.2/1.4 MB | 0.2/2.0 MB | 0.2/1.1 MB | 132/674 kB
Progress (5): 276/330 kB | 0.2/1.4 MB | 0.2/2.0 MB | 0.2/1.1 MB | 136/674 kB
Progress (5): 276/330 kB | 0.2/1.4 MB | 0.2/2.0 MB | 0.2/1.1 MB | 136/674 kB
Progress (5): 278/330 kB | 0.2/1.4 MB | 0.2/2.0 MB | 0.2/1.1 MB | 136/674 kB
Progress (5): 278/330 kB | 0.2/1.4 MB | 0.2/2.0 MB | 0.2/1.1 MB | 136/674 kB
Progress (5): 278/330 kB | 0.2/1.4 MB | 0.2/2.0 MB | 0.2/1.1 MB | 140/674 kB
Progress (5): 278/330 kB | 0.2/1.4 MB | 0.2/2.0 MB | 0.2/1.1 MB | 143/674 kB
Progress (5): 278/330 kB | 0.2/1.4 MB | 0.2/2.0 MB | 0.3/1.1 MB | 143/674 kB
Progress (5): 294/330 kB | 0.2/1.4 MB | 0.2/2.0 MB | 0.3/1.1 MB | 143/674 kB
Progress (5): 294/330 kB | 0.2/1.4 MB | 0.3/2.0 MB | 0.3/1.1 MB | 143/674 kB
Progress (5): 294/330 kB | 0.2/1.4 MB | 0.3/2.0 MB | 0.3/1.1 MB | 147/674 kB
Progress (5): 294/330 kB | 0.2/1.4 MB | 0.3/2.0 MB | 0.3/1.1 MB | 151/674 kB
Progress (5): 294/330 kB | 0.2/1.4 MB | 0.3/2.0 MB | 0.3/1.1 MB | 151/674 kB
Progress (5): 294/330 kB | 0.2/1.4 MB | 0.3/2.0 MB | 0.3/1.1 MB | 151/674 kB
Progress (5): 294/330 kB | 0.2/1.4 MB | 0.3/2.0 MB | 0.3/1.1 MB | 155/674 kB
Progress (5): 294/330 kB | 0.2/1.4 MB | 0.3/2.0 MB | 0.3/1.1 MB | 155/674 kB
Progress (5): 294/330 kB | 0.2/1.4 MB | 0.3/2.0 MB | 0.3/1.1 MB | 160/674 kB
Progress (5): 294/330 kB | 0.2/1.4 MB | 0.3/2.0 MB | 0.3/1.1 MB | 160/674 kB
Progress (5): 311/330 kB | 0.2/1.4 MB | 0.3/2.0 MB | 0.3/1.1 MB | 160/674 kB
Progress (5): 311/330 kB | 0.2/1.4 MB | 0.3/2.0 MB | 0.3/1.1 MB | 164/674 kB
Progress (5): 311/330 kB | 0.2/1.4 MB | 0.3/2.0 MB | 0.3/1.1 MB | 164/674 kB
Progress (5): 311/330 kB | 0.2/1.4 MB | 0.3/2.0 MB | 0.3/1.1 MB | 168/674 kB
Progress (5): 311/330 kB | 0.2/1.4 MB | 0.3/2.0 MB | 0.3/1.1 MB | 168/674 kB
Progress (5): 327/330 kB | 0.2/1.4 MB | 0.3/2.0 MB | 0.3/1.1 MB | 168/674 kB
Progress (5): 327/330 kB | 0.2/1.4 MB | 0.3/2.0 MB | 0.3/1.1 MB | 172/674 kB
Progress (5): 327/330 kB | 0.2/1.4 MB | 0.3/2.0 MB | 0.3/1.1 MB | 172/674 kB
Progress (5): 327/330 kB | 0.3/1.4 MB | 0.3/2.0 MB | 0.3/1.1 MB | 172/674 kB
Progress (5): 327/330 kB | 0.3/1.4 MB | 0.3/2.0 MB | 0.3/1.1 MB | 176/674 kB
Progress (5): 327/330 kB | 0.3/1.4 MB | 0.3/2.0 MB | 0.3/1.1 MB | 181/674 kB
Progress (5): 327/330 kB | 0.3/1.4 MB | 0.3/2.0 MB | 0.3/1.1 MB | 181/674 kB
Progress (5): 327/330 kB | 0.3/1.4 MB | 0.3/2.0 MB | 0.3/1.1 MB | 185/674 kB
Progress (5): 327/330 kB | 0.3/1.4 MB | 0.3/2.0 MB | 0.3/1.1 MB | 185/674 kB
Progress (5): 330 kB | 0.3/1.4 MB | 0.3/2.0 MB | 0.3/1.1 MB | 185/674 kB    
Progress (5): 330 kB | 0.3/1.4 MB | 0.3/2.0 MB | 0.3/1.1 MB | 185/674 kB
Progress (5): 330 kB | 0.3/1.4 MB | 0.3/2.0 MB | 0.3/1.1 MB | 189/674 kB
Progress (5): 330 kB | 0.3/1.4 MB | 0.3/2.0 MB | 0.3/1.1 MB | 193/674 kB
Progress (5): 330 kB | 0.3/1.4 MB | 0.3/2.0 MB | 0.3/1.1 MB | 193/674 kB
Progress (5): 330 kB | 0.3/1.4 MB | 0.3/2.0 MB | 0.3/1.1 MB | 193/674 kB
Progress (5): 330 kB | 0.3/1.4 MB | 0.3/2.0 MB | 0.3/1.1 MB | 197/674 kB
Progress (5): 330 kB | 0.3/1.4 MB | 0.3/2.0 MB | 0.3/1.1 MB | 197/674 kB
Progress (5): 330 kB | 0.3/1.4 MB | 0.3/2.0 MB | 0.3/1.1 MB | 198/674 kB
Progress (5): 330 kB | 0.3/1.4 MB | 0.3/2.0 MB | 0.3/1.1 MB | 198/674 kB
Progress (5): 330 kB | 0.3/1.4 MB | 0.3/2.0 MB | 0.3/1.1 MB | 198/674 kB
Progress (5): 330 kB | 0.3/1.4 MB | 0.3/2.0 MB | 0.3/1.1 MB | 202/674 kB
Progress (5): 330 kB | 0.3/1.4 MB | 0.3/2.0 MB | 0.4/1.1 MB | 202/674 kB
Progress (5): 330 kB | 0.3/1.4 MB | 0.3/2.0 MB | 0.4/1.1 MB | 206/674 kB
Progress (5): 330 kB | 0.3/1.4 MB | 0.3/2.0 MB | 0.4/1.1 MB | 206/674 kB
Progress (5): 330 kB | 0.3/1.4 MB | 0.3/2.0 MB | 0.4/1.1 MB | 210/674 kB
Progress (5): 330 kB | 0.3/1.4 MB | 0.4/2.0 MB | 0.4/1.1 MB | 210/674 kB
Progress (5): 330 kB | 0.3/1.4 MB | 0.4/2.0 MB | 0.4/1.1 MB | 210/674 kB
Progress (5): 330 kB | 0.3/1.4 MB | 0.4/2.0 MB | 0.4/1.1 MB | 210/674 kB
Progress (5): 330 kB | 0.3/1.4 MB | 0.4/2.0 MB | 0.4/1.1 MB | 215/674 kB
Progress (5): 330 kB | 0.3/1.4 MB | 0.4/2.0 MB | 0.4/1.1 MB | 215/674 kB
Progress (5): 330 kB | 0.3/1.4 MB | 0.4/2.0 MB | 0.4/1.1 MB | 215/674 kB
Progress (5): 330 kB | 0.3/1.4 MB | 0.4/2.0 MB | 0.4/1.1 MB | 219/674 kB
Progress (5): 330 kB | 0.4/1.4 MB | 0.4/2.0 MB | 0.4/1.1 MB | 219/674 kB
Progress (5): 330 kB | 0.4/1.4 MB | 0.4/2.0 MB | 0.4/1.1 MB | 219/674 kB
Progress (5): 330 kB | 0.4/1.4 MB | 0.4/2.0 MB | 0.4/1.1 MB | 219/674 kB
Progress (5): 330 kB | 0.4/1.4 MB | 0.4/2.0 MB | 0.4/1.1 MB | 219/674 kB
Progress (5): 330 kB | 0.4/1.4 MB | 0.4/2.0 MB | 0.4/1.1 MB | 219/674 kB
Progress (5): 330 kB | 0.4/1.4 MB | 0.4/2.0 MB | 0.4/1.1 MB | 235/674 kB
Progress (5): 330 kB | 0.4/1.4 MB | 0.4/2.0 MB | 0.4/1.1 MB | 235/674 kB
Progress (5): 330 kB | 0.4/1.4 MB | 0.4/2.0 MB | 0.4/1.1 MB | 235/674 kB
Progress (5): 330 kB | 0.4/1.4 MB | 0.4/2.0 MB | 0.4/1.1 MB | 235/674 kB
Progress (5): 330 kB | 0.4/1.4 MB | 0.4/2.0 MB | 0.4/1.1 MB | 235/674 kB
Progress (5): 330 kB | 0.4/1.4 MB | 0.4/2.0 MB | 0.5/1.1 MB | 235/674 kB
Progress (5): 330 kB | 0.4/1.4 MB | 0.4/2.0 MB | 0.5/1.1 MB | 252/674 kB
Progress (5): 330 kB | 0.4/1.4 MB | 0.4/2.0 MB | 0.5/1.1 MB | 252/674 kB
Progress (5): 330 kB | 0.4/1.4 MB | 0.4/2.0 MB | 0.5/1.1 MB | 252/674 kB
Progress (5): 330 kB | 0.4/1.4 MB | 0.4/2.0 MB | 0.5/1.1 MB | 252/674 kB
Progress (5): 330 kB | 0.4/1.4 MB | 0.4/2.0 MB | 0.5/1.1 MB | 252/674 kB
Progress (5): 330 kB | 0.4/1.4 MB | 0.4/2.0 MB | 0.5/1.1 MB | 268/674 kB
Progress (5): 330 kB | 0.4/1.4 MB | 0.4/2.0 MB | 0.5/1.1 MB | 268/674 kB
Progress (5): 330 kB | 0.5/1.4 MB | 0.4/2.0 MB | 0.5/1.1 MB | 268/674 kB
Progress (5): 330 kB | 0.5/1.4 MB | 0.4/2.0 MB | 0.5/1.1 MB | 284/674 kB
Progress (5): 330 kB | 0.5/1.4 MB | 0.4/2.0 MB | 0.5/1.1 MB | 284/674 kB
Progress (5): 330 kB | 0.5/1.4 MB | 0.4/2.0 MB | 0.5/1.1 MB | 284/674 kB
Progress (5): 330 kB | 0.5/1.4 MB | 0.4/2.0 MB | 0.5/1.1 MB | 284/674 kB
Progress (5): 330 kB | 0.5/1.4 MB | 0.4/2.0 MB | 0.5/1.1 MB | 301/674 kB
Progress (5): 330 kB | 0.5/1.4 MB | 0.4/2.0 MB | 0.5/1.1 MB | 301/674 kB
Progress (5): 330 kB | 0.5/1.4 MB | 0.4/2.0 MB | 0.5/1.1 MB | 301/674 kB
Progress (5): 330 kB | 0.5/1.4 MB | 0.5/2.0 MB | 0.5/1.1 MB | 301/674 kB
Progress (5): 330 kB | 0.5/1.4 MB | 0.5/2.0 MB | 0.5/1.1 MB | 301/674 kB
Progress (5): 330 kB | 0.5/1.4 MB | 0.5/2.0 MB | 0.5/1.1 MB | 301/674 kB
Progress (5): 330 kB | 0.5/1.4 MB | 0.5/2.0 MB | 0.5/1.1 MB | 301/674 kB
Progress (5): 330 kB | 0.5/1.4 MB | 0.5/2.0 MB | 0.5/1.1 MB | 301/674 kB
Progress (5): 330 kB | 0.5/1.4 MB | 0.5/2.0 MB | 0.5/1.1 MB | 317/674 kB
Progress (5): 330 kB | 0.5/1.4 MB | 0.5/2.0 MB | 0.6/1.1 MB | 317/674 kB
Progress (5): 330 kB | 0.5/1.4 MB | 0.5/2.0 MB | 0.6/1.1 MB | 328/674 kB
Progress (5): 330 kB | 0.5/1.4 MB | 0.5/2.0 MB | 0.6/1.1 MB | 328/674 kB
Progress (5): 330 kB | 0.5/1.4 MB | 0.5/2.0 MB | 0.6/1.1 MB | 328/674 kB
Progress (5): 330 kB | 0.5/1.4 MB | 0.5/2.0 MB | 0.6/1.1 MB | 328/674 kB
Progress (5): 330 kB | 0.5/1.4 MB | 0.5/2.0 MB | 0.6/1.1 MB | 344/674 kB
Progress (5): 330 kB | 0.5/1.4 MB | 0.5/2.0 MB | 0.6/1.1 MB | 344/674 kB
Progress (5): 330 kB | 0.5/1.4 MB | 0.5/2.0 MB | 0.6/1.1 MB | 344/674 kB
Progress (5): 330 kB | 0.5/1.4 MB | 0.5/2.0 MB | 0.6/1.1 MB | 360/674 kB
Progress (5): 330 kB | 0.5/1.4 MB | 0.5/2.0 MB | 0.6/1.1 MB | 360/674 kB
Progress (5): 330 kB | 0.5/1.4 MB | 0.5/2.0 MB | 0.6/1.1 MB | 360/674 kB
Progress (5): 330 kB | 0.5/1.4 MB | 0.5/2.0 MB | 0.6/1.1 MB | 360/674 kB
Progress (5): 330 kB | 0.5/1.4 MB | 0.5/2.0 MB | 0.6/1.1 MB | 360/674 kB
Progress (5): 330 kB | 0.5/1.4 MB | 0.5/2.0 MB | 0.6/1.1 MB | 377/674 kB
Progress (5): 330 kB | 0.6/1.4 MB | 0.5/2.0 MB | 0.6/1.1 MB | 377/674 kB
Progress (5): 330 kB | 0.6/1.4 MB | 0.5/2.0 MB | 0.6/1.1 MB | 377/674 kB
Progress (5): 330 kB | 0.6/1.4 MB | 0.5/2.0 MB | 0.6/1.1 MB | 393/674 kB
Progress (5): 330 kB | 0.6/1.4 MB | 0.5/2.0 MB | 0.6/1.1 MB | 393/674 kB
Progress (5): 330 kB | 0.6/1.4 MB | 0.6/2.0 MB | 0.6/1.1 MB | 393/674 kB
Progress (5): 330 kB | 0.6/1.4 MB | 0.6/2.0 MB | 0.6/1.1 MB | 410/674 kB
Progress (5): 330 kB | 0.6/1.4 MB | 0.6/2.0 MB | 0.6/1.1 MB | 410/674 kB
Progress (5): 330 kB | 0.6/1.4 MB | 0.6/2.0 MB | 0.6/1.1 MB | 426/674 kB
Progress (5): 330 kB | 0.6/1.4 MB | 0.6/2.0 MB | 0.6/1.1 MB | 426/674 kB
Progress (5): 330 kB | 0.6/1.4 MB | 0.6/2.0 MB | 0.6/1.1 MB | 442/674 kB
Progress (5): 330 kB | 0.6/1.4 MB | 0.6/2.0 MB | 0.7/1.1 MB | 442/674 kB
Progress (5): 330 kB | 0.6/1.4 MB | 0.6/2.0 MB | 0.7/1.1 MB | 442/674 kB
Progress (5): 330 kB | 0.6/1.4 MB | 0.6/2.0 MB | 0.7/1.1 MB | 442/674 kB
Progress (5): 330 kB | 0.6/1.4 MB | 0.6/2.0 MB | 0.7/1.1 MB | 459/674 kB
Progress (5): 330 kB | 0.6/1.4 MB | 0.6/2.0 MB | 0.7/1.1 MB | 459/674 kB
Progress (5): 330 kB | 0.6/1.4 MB | 0.6/2.0 MB | 0.7/1.1 MB | 459/674 kB
Progress (5): 330 kB | 0.6/1.4 MB | 0.6/2.0 MB | 0.7/1.1 MB | 475/674 kB
Progress (5): 330 kB | 0.6/1.4 MB | 0.6/2.0 MB | 0.7/1.1 MB | 475/674 kB
Progress (5): 330 kB | 0.6/1.4 MB | 0.6/2.0 MB | 0.7/1.1 MB | 475/674 kB
Progress (5): 330 kB | 0.6/1.4 MB | 0.6/2.0 MB | 0.7/1.1 MB | 492/674 kB
Progress (5): 330 kB | 0.6/1.4 MB | 0.6/2.0 MB | 0.7/1.1 MB | 492/674 kB
Progress (5): 330 kB | 0.6/1.4 MB | 0.6/2.0 MB | 0.7/1.1 MB | 492/674 kB
Progress (5): 330 kB | 0.6/1.4 MB | 0.6/2.0 MB | 0.7/1.1 MB | 508/674 kB
Progress (5): 330 kB | 0.6/1.4 MB | 0.6/2.0 MB | 0.7/1.1 MB | 508/674 kB
Progress (5): 330 kB | 0.7/1.4 MB | 0.6/2.0 MB | 0.7/1.1 MB | 508/674 kB
Progress (5): 330 kB | 0.7/1.4 MB | 0.6/2.0 MB | 0.7/1.1 MB | 508/674 kB
Progress (5): 330 kB | 0.7/1.4 MB | 0.6/2.0 MB | 0.7/1.1 MB | 524/674 kB
Progress (5): 330 kB | 0.7/1.4 MB | 0.6/2.0 MB | 0.7/1.1 MB | 524/674 kB
Progress (5): 330 kB | 0.7/1.4 MB | 0.6/2.0 MB | 0.7/1.1 MB | 524/674 kB
Progress (5): 330 kB | 0.7/1.4 MB | 0.6/2.0 MB | 0.7/1.1 MB | 541/674 kB
Progress (5): 330 kB | 0.7/1.4 MB | 0.6/2.0 MB | 0.7/1.1 MB | 541/674 kB
Progress (5): 330 kB | 0.7/1.4 MB | 0.6/2.0 MB | 0.7/1.1 MB | 557/674 kB
Progress (5): 330 kB | 0.7/1.4 MB | 0.6/2.0 MB | 0.7/1.1 MB | 557/674 kB
Progress (5): 330 kB | 0.7/1.4 MB | 0.6/2.0 MB | 0.7/1.1 MB | 573/674 kB
Progress (5): 330 kB | 0.7/1.4 MB | 0.7/2.0 MB | 0.7/1.1 MB | 573/674 kB
Progress (5): 330 kB | 0.7/1.4 MB | 0.7/2.0 MB | 0.7/1.1 MB | 573/674 kB
Progress (5): 330 kB | 0.7/1.4 MB | 0.7/2.0 MB | 0.7/1.1 MB | 590/674 kB
Progress (5): 330 kB | 0.7/1.4 MB | 0.7/2.0 MB | 0.7/1.1 MB | 590/674 kB
Progress (5): 330 kB | 0.7/1.4 MB | 0.7/2.0 MB | 0.7/1.1 MB | 590/674 kB
Progress (5): 330 kB | 0.7/1.4 MB | 0.7/2.0 MB | 0.7/1.1 MB | 606/674 kB
Progress (5): 330 kB | 0.7/1.4 MB | 0.7/2.0 MB | 0.7/1.1 MB | 606/674 kB
Progress (5): 330 kB | 0.7/1.4 MB | 0.7/2.0 MB | 0.7/1.1 MB | 606/674 kB
Progress (5): 330 kB | 0.7/1.4 MB | 0.7/2.0 MB | 0.7/1.1 MB | 606/674 kB
Progress (5): 330 kB | 0.7/1.4 MB | 0.7/2.0 MB | 0.7/1.1 MB | 623/674 kB
Progress (5): 330 kB | 0.7/1.4 MB | 0.7/2.0 MB | 0.8/1.1 MB | 623/674 kB
Progress (5): 330 kB | 0.7/1.4 MB | 0.7/2.0 MB | 0.8/1.1 MB | 623/674 kB
Progress (5): 330 kB | 0.7/1.4 MB | 0.7/2.0 MB | 0.8/1.1 MB | 623/674 kB
Progress (5): 330 kB | 0.7/1.4 MB | 0.7/2.0 MB | 0.8/1.1 MB | 623/674 kB
Progress (5): 330 kB | 0.8/1.4 MB | 0.7/2.0 MB | 0.8/1.1 MB | 623/674 kB
Progress (5): 330 kB | 0.8/1.4 MB | 0.7/2.0 MB | 0.8/1.1 MB | 623/674 kB
Progress (5): 330 kB | 0.8/1.4 MB | 0.7/2.0 MB | 0.8/1.1 MB | 623/674 kB
Progress (5): 330 kB | 0.8/1.4 MB | 0.7/2.0 MB | 0.8/1.1 MB | 639/674 kB
Progress (5): 330 kB | 0.8/1.4 MB | 0.7/2.0 MB | 0.8/1.1 MB | 639/674 kB
Progress (5): 330 kB | 0.8/1.4 MB | 0.7/2.0 MB | 0.8/1.1 MB | 639/674 kB
Progress (5): 330 kB | 0.8/1.4 MB | 0.7/2.0 MB | 0.8/1.1 MB | 639/674 kB
Progress (5): 330 kB | 0.8/1.4 MB | 0.7/2.0 MB | 0.8/1.1 MB | 655/674 kB
Progress (5): 330 kB | 0.8/1.4 MB | 0.7/2.0 MB | 0.8/1.1 MB | 655/674 kB
Progress (5): 330 kB | 0.8/1.4 MB | 0.7/2.0 MB | 0.8/1.1 MB | 655/674 kB
Progress (5): 330 kB | 0.8/1.4 MB | 0.7/2.0 MB | 0.8/1.1 MB | 655/674 kB
Progress (5): 330 kB | 0.8/1.4 MB | 0.7/2.0 MB | 0.8/1.1 MB | 672/674 kB
Progress (5): 330 kB | 0.8/1.4 MB | 0.7/2.0 MB | 0.8/1.1 MB | 674 kB    
                                                                    
Downloaded from central: https://repo.maven.apache.org/maven2/org/springframework/boot/spring-boot-buildpack-platform/4.0.3/spring-boot-buildpack-platform-4.0.3.jar (330 kB at 923 kB/s)
Downloading from central: https://repo.maven.apache.org/maven2/org/apache/httpcomponents/client5/httpclient5/5.5.2/httpclient5-5.5.2.jar
Progress (4): 0.8/1.4 MB | 0.7/2.0 MB | 0.8/1.1 MB | 674 kB
Progress (4): 0.8/1.4 MB | 0.7/2.0 MB | 0.8/1.1 MB | 674 kB
Progress (4): 0.8/1.4 MB | 0.8/2.0 MB | 0.8/1.1 MB | 674 kB
Progress (4): 0.8/1.4 MB | 0.8/2.0 MB | 0.8/1.1 MB | 674 kB
Progress (4): 0.8/1.4 MB | 0.8/2.0 MB | 0.8/1.1 MB | 674 kB
Progress (4): 0.8/1.4 MB | 0.8/2.0 MB | 0.9/1.1 MB | 674 kB
Progress (4): 0.8/1.4 MB | 0.8/2.0 MB | 0.9/1.1 MB | 674 kB
Progress (4): 0.9/1.4 MB | 0.8/2.0 MB | 0.9/1.1 MB | 674 kB
Progress (4): 0.9/1.4 MB | 0.8/2.0 MB | 0.9/1.1 MB | 674 kB
Progress (4): 0.9/1.4 MB | 0.8/2.0 MB | 0.9/1.1 MB | 674 kB
Progress (4): 0.9/1.4 MB | 0.8/2.0 MB | 0.9/1.1 MB | 674 kB
Progress (4): 0.9/1.4 MB | 0.8/2.0 MB | 0.9/1.1 MB | 674 kB
Progress (4): 0.9/1.4 MB | 0.8/2.0 MB | 0.9/1.1 MB | 674 kB
Progress (4): 0.9/1.4 MB | 0.8/2.0 MB | 0.9/1.1 MB | 674 kB
Progress (4): 0.9/1.4 MB | 0.8/2.0 MB | 0.9/1.1 MB | 674 kB
Progress (4): 0.9/1.4 MB | 0.8/2.0 MB | 0.9/1.1 MB | 674 kB
Progress (4): 0.9/1.4 MB | 0.8/2.0 MB | 0.9/1.1 MB | 674 kB
Progress (4): 0.9/1.4 MB | 0.8/2.0 MB | 0.9/1.1 MB | 674 kB
Progress (4): 0.9/1.4 MB | 0.8/2.0 MB | 0.9/1.1 MB | 674 kB
Progress (4): 0.9/1.4 MB | 0.8/2.0 MB | 0.9/1.1 MB | 674 kB
Progress (4): 0.9/1.4 MB | 0.8/2.0 MB | 0.9/1.1 MB | 674 kB
Progress (4): 1.0/1.4 MB | 0.8/2.0 MB | 0.9/1.1 MB | 674 kB
Progress (4): 1.0/1.4 MB | 0.8/2.0 MB | 0.9/1.1 MB | 674 kB
Progress (4): 1.0/1.4 MB | 0.8/2.0 MB | 1.0/1.1 MB | 674 kB
Progress (4): 1.0/1.4 MB | 0.9/2.0 MB | 1.0/1.1 MB | 674 kB
Progress (4): 1.0/1.4 MB | 0.9/2.0 MB | 1.0/1.1 MB | 674 kB
Progress (4): 1.0/1.4 MB | 0.9/2.0 MB | 1.0/1.1 MB | 674 kB
Progress (4): 1.0/1.4 MB | 0.9/2.0 MB | 1.0/1.1 MB | 674 kB
Progress (4): 1.0/1.4 MB | 0.9/2.0 MB | 1.0/1.1 MB | 674 kB
Progress (4): 1.0/1.4 MB | 0.9/2.0 MB | 1.0/1.1 MB | 674 kB
Progress (4): 1.0/1.4 MB | 0.9/2.0 MB | 1.0/1.1 MB | 674 kB
Progress (4): 1.0/1.4 MB | 0.9/2.0 MB | 1.0/1.1 MB | 674 kB
Progress (4): 1.0/1.4 MB | 0.9/2.0 MB | 1.0/1.1 MB | 674 kB
Progress (4): 1.0/1.4 MB | 0.9/2.0 MB | 1.0/1.1 MB | 674 kB
Progress (4): 1.0/1.4 MB | 0.9/2.0 MB | 1.0/1.1 MB | 674 kB
Progress (4): 1.0/1.4 MB | 0.9/2.0 MB | 1.0/1.1 MB | 674 kB
Progress (4): 1.0/1.4 MB | 0.9/2.0 MB | 1.0/1.1 MB | 674 kB
Progress (4): 1.0/1.4 MB | 0.9/2.0 MB | 1.0/1.1 MB | 674 kB
Progress (4): 1.1/1.4 MB | 0.9/2.0 MB | 1.0/1.1 MB | 674 kB
Progress (4): 1.1/1.4 MB | 0.9/2.0 MB | 1.0/1.1 MB | 674 kB
Progress (4): 1.1/1.4 MB | 0.9/2.0 MB | 1.0/1.1 MB | 674 kB
Progress (4): 1.1/1.4 MB | 0.9/2.0 MB | 1.0/1.1 MB | 674 kB
Progress (4): 1.1/1.4 MB | 0.9/2.0 MB | 1.0/1.1 MB | 674 kB
Progress (4): 1.1/1.4 MB | 0.9/2.0 MB | 1.1/1.1 MB | 674 kB
Progress (4): 1.1/1.4 MB | 0.9/2.0 MB | 1.1/1.1 MB | 674 kB
Progress (4): 1.1/1.4 MB | 0.9/2.0 MB | 1.1/1.1 MB | 674 kB
Progress (4): 1.1/1.4 MB | 0.9/2.0 MB | 1.1/1.1 MB | 674 kB
Progress (4): 1.1/1.4 MB | 0.9/2.0 MB | 1.1/1.1 MB | 674 kB
                                                           
Downloaded from central: https://repo.maven.apache.org/maven2/org/apache/commons/commons-lang3/3.16.0/commons-lang3-3.16.0.jar (674 kB at 1.7 MB/s)
Downloading from central: https://repo.maven.apache.org/maven2/org/apache/httpcomponents/core5/httpcore5/5.3.6/httpcore5-5.3.6.jar
Progress (3): 1.1/1.4 MB | 1.0/2.0 MB | 1.1/1.1 MB
Progress (4): 1.1/1.4 MB | 1.0/2.0 MB | 1.1/1.1 MB | 7.7/961 kB
Progress (4): 1.1/1.4 MB | 1.0/2.0 MB | 1.1/1.1 MB | 7.7/961 kB
Progress (4): 1.1/1.4 MB | 1.0/2.0 MB | 1.1/1.1 MB | 12/961 kB 
Progress (4): 1.1/1.4 MB | 1.0/2.0 MB | 1.1 MB | 12/961 kB    
Progress (4): 1.1/1.4 MB | 1.0/2.0 MB | 1.1 MB | 12/961 kB
Progress (4): 1.1/1.4 MB | 1.0/2.0 MB | 1.1 MB | 12/961 kB
Progress (4): 1.1/1.4 MB | 1.0/2.0 MB | 1.1 MB | 28/961 kB
Progress (4): 1.1/1.4 MB | 1.0/2.0 MB | 1.1 MB | 28/961 kB
Progress (4): 1.1/1.4 MB | 1.0/2.0 MB | 1.1 MB | 28/961 kB
Progress (4): 1.2/1.4 MB | 1.0/2.0 MB | 1.1 MB | 28/961 kB
Progress (4): 1.2/1.4 MB | 1.0/2.0 MB | 1.1 MB | 44/961 kB
Progress (4): 1.2/1.4 MB | 1.0/2.0 MB | 1.1 MB | 44/961 kB
Progress (4): 1.2/1.4 MB | 1.0/2.0 MB | 1.1 MB | 61/961 kB
Progress (4): 1.2/1.4 MB | 1.0/2.0 MB | 1.1 MB | 69/961 kB
Progress (4): 1.2/1.4 MB | 1.0/2.0 MB | 1.1 MB | 69/961 kB
Progress (4): 1.2/1.4 MB | 1.0/2.0 MB | 1.1 MB | 85/961 kB
Progress (4): 1.2/1.4 MB | 1.0/2.0 MB | 1.1 MB | 85/961 kB
Progress (4): 1.2/1.4 MB | 1.0/2.0 MB | 1.1 MB | 102/961 kB
Progress (4): 1.2/1.4 MB | 1.0/2.0 MB | 1.1 MB | 118/961 kB
Progress (4): 1.2/1.4 MB | 1.1/2.0 MB | 1.1 MB | 118/961 kB
Progress (4): 1.2/1.4 MB | 1.1/2.0 MB | 1.1 MB | 118/961 kB
Progress (4): 1.2/1.4 MB | 1.1/2.0 MB | 1.1 MB | 134/961 kB
Progress (4): 1.2/1.4 MB | 1.1/2.0 MB | 1.1 MB | 134/961 kB
Progress (4): 1.2/1.4 MB | 1.1/2.0 MB | 1.1 MB | 151/961 kB
Progress (4): 1.2/1.4 MB | 1.1/2.0 MB | 1.1 MB | 151/961 kB
Progress (4): 1.2/1.4 MB | 1.1/2.0 MB | 1.1 MB | 151/961 kB
Progress (4): 1.2/1.4 MB | 1.1/2.0 MB | 1.1 MB | 151/961 kB
Progress (4): 1.2/1.4 MB | 1.1/2.0 MB | 1.1 MB | 167/961 kB
Progress (4): 1.2/1.4 MB | 1.1/2.0 MB | 1.1 MB | 167/961 kB
Progress (4): 1.2/1.4 MB | 1.1/2.0 MB | 1.1 MB | 167/961 kB
Progress (4): 1.2/1.4 MB | 1.1/2.0 MB | 1.1 MB | 184/961 kB
Progress (4): 1.2/1.4 MB | 1.1/2.0 MB | 1.1 MB | 184/961 kB
Progress (4): 1.2/1.4 MB | 1.1/2.0 MB | 1.1 MB | 184/961 kB
Progress (4): 1.2/1.4 MB | 1.1/2.0 MB | 1.1 MB | 200/961 kB
Progress (4): 1.2/1.4 MB | 1.1/2.0 MB | 1.1 MB | 216/961 kB
Progress (4): 1.2/1.4 MB | 1.2/2.0 MB | 1.1 MB | 216/961 kB
Progress (4): 1.2/1.4 MB | 1.2/2.0 MB | 1.1 MB | 229/961 kB
Progress (4): 1.2/1.4 MB | 1.2/2.0 MB | 1.1 MB | 229/961 kB
Progress (4): 1.2/1.4 MB | 1.2/2.0 MB | 1.1 MB | 246/961 kB
Progress (4): 1.2/1.4 MB | 1.2/2.0 MB | 1.1 MB | 246/961 kB
Progress (4): 1.2/1.4 MB | 1.2/2.0 MB | 1.1 MB | 262/961 kB
Progress (4): 1.2/1.4 MB | 1.2/2.0 MB | 1.1 MB | 262/961 kB
Progress (4): 1.3/1.4 MB | 1.2/2.0 MB | 1.1 MB | 262/961 kB
Progress (4): 1.3/1.4 MB | 1.2/2.0 MB | 1.1 MB | 279/961 kB
Progress (4): 1.3/1.4 MB | 1.2/2.0 MB | 1.1 MB | 279/961 kB
Progress (4): 1.3/1.4 MB | 1.2/2.0 MB | 1.1 MB | 295/961 kB
Progress (4): 1.3/1.4 MB | 1.2/2.0 MB | 1.1 MB | 295/961 kB
Progress (4): 1.3/1.4 MB | 1.2/2.0 MB | 1.1 MB | 295/961 kB
Progress (4): 1.3/1.4 MB | 1.2/2.0 MB | 1.1 MB | 311/961 kB
Progress (4): 1.3/1.4 MB | 1.2/2.0 MB | 1.1 MB | 311/961 kB
Progress (4): 1.3/1.4 MB | 1.2/2.0 MB | 1.1 MB | 311/961 kB
Progress (4): 1.3/1.4 MB | 1.2/2.0 MB | 1.1 MB | 328/961 kB
Progress (4): 1.3/1.4 MB | 1.2/2.0 MB | 1.1 MB | 328/961 kB
Progress (4): 1.3/1.4 MB | 1.3/2.0 MB | 1.1 MB | 328/961 kB
Progress (4): 1.3/1.4 MB | 1.3/2.0 MB | 1.1 MB | 328/961 kB
Progress (4): 1.3/1.4 MB | 1.3/2.0 MB | 1.1 MB | 344/961 kB
Progress (4): 1.3/1.4 MB | 1.3/2.0 MB | 1.1 MB | 344/961 kB
Progress (4): 1.3/1.4 MB | 1.3/2.0 MB | 1.1 MB | 360/961 kB
Progress (4): 1.4/1.4 MB | 1.3/2.0 MB | 1.1 MB | 360/961 kB
Progress (4): 1.4/1.4 MB | 1.3/2.0 MB | 1.1 MB | 377/961 kB
Progress (4): 1.4/1.4 MB | 1.3/2.0 MB | 1.1 MB | 377/961 kB
Progress (4): 1.4/1.4 MB | 1.3/2.0 MB | 1.1 MB | 377/961 kB
Progress (4): 1.4/1.4 MB | 1.3/2.0 MB | 1.1 MB | 393/961 kB
Progress (4): 1.4/1.4 MB | 1.3/2.0 MB | 1.1 MB | 393/961 kB
Progress (4): 1.4 MB | 1.3/2.0 MB | 1.1 MB | 393/961 kB    
Progress (4): 1.4 MB | 1.3/2.0 MB | 1.1 MB | 410/961 kB
Progress (4): 1.4 MB | 1.3/2.0 MB | 1.1 MB | 410/961 kB
Progress (4): 1.4 MB | 1.3/2.0 MB | 1.1 MB | 426/961 kB
Progress (4): 1.4 MB | 1.3/2.0 MB | 1.1 MB | 426/961 kB
Progress (5): 1.4 MB | 1.3/2.0 MB | 1.1 MB | 426/961 kB | 7.7/909 kB
Progress (5): 1.4 MB | 1.3/2.0 MB | 1.1 MB | 426/961 kB | 8.2/909 kB
Progress (5): 1.4 MB | 1.3/2.0 MB | 1.1 MB | 442/961 kB | 8.2/909 kB
Progress (5): 1.4 MB | 1.3/2.0 MB | 1.1 MB | 442/961 kB | 8.2/909 kB
Progress (5): 1.4 MB | 1.3/2.0 MB | 1.1 MB | 442/961 kB | 16/909 kB 
Progress (5): 1.4 MB | 1.4/2.0 MB | 1.1 MB | 442/961 kB | 16/909 kB
Progress (5): 1.4 MB | 1.4/2.0 MB | 1.1 MB | 459/961 kB | 16/909 kB
Progress (5): 1.4 MB | 1.4/2.0 MB | 1.1 MB | 459/961 kB | 33/909 kB
Progress (5): 1.4 MB | 1.4/2.0 MB | 1.1 MB | 459/961 kB | 33/909 kB
Progress (5): 1.4 MB | 1.4/2.0 MB | 1.1 MB | 475/961 kB | 33/909 kB
Progress (5): 1.4 MB | 1.4/2.0 MB | 1.1 MB | 475/961 kB | 49/909 kB
Progress (5): 1.4 MB | 1.4/2.0 MB | 1.1 MB | 475/961 kB | 49/909 kB
Progress (5): 1.4 MB | 1.4/2.0 MB | 1.1 MB | 492/961 kB | 49/909 kB
Progress (5): 1.4 MB | 1.4/2.0 MB | 1.1 MB | 492/961 kB | 57/909 kB
Progress (5): 1.4 MB | 1.4/2.0 MB | 1.1 MB | 492/961 kB | 66/909 kB
Progress (5): 1.4 MB | 1.4/2.0 MB | 1.1 MB | 508/961 kB | 66/909 kB
Progress (5): 1.4 MB | 1.4/2.0 MB | 1.1 MB | 508/961 kB | 66/909 kB
Progress (5): 1.4 MB | 1.4/2.0 MB | 1.1 MB | 508/961 kB | 82/909 kB
Progress (5): 1.4 MB | 1.4/2.0 MB | 1.1 MB | 524/961 kB | 82/909 kB
Progress (5): 1.4 MB | 1.4/2.0 MB | 1.1 MB | 524/961 kB | 90/909 kB
Progress (5): 1.4 MB | 1.4/2.0 MB | 1.1 MB | 524/961 kB | 106/909 kB
Progress (5): 1.4 MB | 1.4/2.0 MB | 1.1 MB | 524/961 kB | 115/909 kB
Progress (5): 1.4 MB | 1.4/2.0 MB | 1.1 MB | 524/961 kB | 131/909 kB
Progress (5): 1.4 MB | 1.4/2.0 MB | 1.1 MB | 524/961 kB | 131/909 kB
Progress (5): 1.4 MB | 1.4/2.0 MB | 1.1 MB | 524/961 kB | 139/909 kB
Progress (5): 1.4 MB | 1.4/2.0 MB | 1.1 MB | 524/961 kB | 156/909 kB
Progress (5): 1.4 MB | 1.4/2.0 MB | 1.1 MB | 524/961 kB | 172/909 kB
Progress (5): 1.4 MB | 1.4/2.0 MB | 1.1 MB | 524/961 kB | 180/909 kB
Progress (5): 1.4 MB | 1.4/2.0 MB | 1.1 MB | 524/961 kB | 197/909 kB
Progress (5): 1.4 MB | 1.4/2.0 MB | 1.1 MB | 524/961 kB | 213/909 kB
Progress (5): 1.4 MB | 1.4/2.0 MB | 1.1 MB | 541/961 kB | 213/909 kB
Progress (5): 1.4 MB | 1.4/2.0 MB | 1.1 MB | 557/961 kB | 213/909 kB
Progress (5): 1.4 MB | 1.4/2.0 MB | 1.1 MB | 557/961 kB | 229/909 kB
Progress (5): 1.4 MB | 1.4/2.0 MB | 1.1 MB | 557/961 kB | 229/909 kB
Progress (5): 1.4 MB | 1.4/2.0 MB | 1.1 MB | 557/961 kB | 246/909 kB
Progress (5): 1.4 MB | 1.4/2.0 MB | 1.1 MB | 573/961 kB | 246/909 kB
Progress (5): 1.4 MB | 1.5/2.0 MB | 1.1 MB | 573/961 kB | 246/909 kB
Progress (5): 1.4 MB | 1.5/2.0 MB | 1.1 MB | 573/961 kB | 262/909 kB
Progress (5): 1.4 MB | 1.5/2.0 MB | 1.1 MB | 573/961 kB | 262/909 kB
                                                                    
Downloaded from central: https://repo.maven.apache.org/maven2/org/apache/commons/commons-compress/1.27.1/commons-compress-1.27.1.jar (1.1 MB at 2.3 MB/s)
Downloading from central: https://repo.maven.apache.org/maven2/org/apache/httpcomponents/core5/httpcore5-h2/5.3.6/httpcore5-h2-5.3.6.jar
Progress (4): 1.4 MB | 1.5/2.0 MB | 582/961 kB | 262/909 kB
Progress (4): 1.4 MB | 1.5/2.0 MB | 582/961 kB | 262/909 kB
Progress (4): 1.4 MB | 1.5/2.0 MB | 590/961 kB | 262/909 kB
Progress (4): 1.4 MB | 1.5/2.0 MB | 590/961 kB | 262/909 kB
Progress (4): 1.4 MB | 1.5/2.0 MB | 590/961 kB | 279/909 kB
Progress (4): 1.4 MB | 1.5/2.0 MB | 606/961 kB | 279/909 kB
Progress (4): 1.4 MB | 1.5/2.0 MB | 606/961 kB | 279/909 kB
Progress (4): 1.4 MB | 1.5/2.0 MB | 606/961 kB | 279/909 kB
Progress (4): 1.4 MB | 1.5/2.0 MB | 606/961 kB | 295/909 kB
Progress (4): 1.4 MB | 1.5/2.0 MB | 623/961 kB | 295/909 kB
Progress (4): 1.4 MB | 1.6/2.0 MB | 623/961 kB | 295/909 kB
Progress (4): 1.4 MB | 1.6/2.0 MB | 639/961 kB | 295/909 kB
Progress (4): 1.4 MB | 1.6/2.0 MB | 639/961 kB | 311/909 kB
Progress (4): 1.4 MB | 1.6/2.0 MB | 639/961 kB | 311/909 kB
Progress (4): 1.4 MB | 1.6/2.0 MB | 655/961 kB | 311/909 kB
Progress (4): 1.4 MB | 1.6/2.0 MB | 655/961 kB | 311/909 kB
Progress (4): 1.4 MB | 1.6/2.0 MB | 672/961 kB | 311/909 kB
Progress (4): 1.4 MB | 1.6/2.0 MB | 672/961 kB | 328/909 kB
Progress (4): 1.4 MB | 1.6/2.0 MB | 688/961 kB | 328/909 kB
Progress (4): 1.4 MB | 1.6/2.0 MB | 688/961 kB | 344/909 kB
Progress (4): 1.4 MB | 1.6/2.0 MB | 705/961 kB | 344/909 kB
Progress (4): 1.4 MB | 1.6/2.0 MB | 705/961 kB | 360/909 kB
Progress (4): 1.4 MB | 1.6/2.0 MB | 713/961 kB | 360/909 kB
Progress (4): 1.4 MB | 1.6/2.0 MB | 713/961 kB | 360/909 kB
Progress (4): 1.4 MB | 1.6/2.0 MB | 713/961 kB | 377/909 kB
Progress (4): 1.4 MB | 1.6/2.0 MB | 713/961 kB | 377/909 kB
Progress (4): 1.4 MB | 1.6/2.0 MB | 729/961 kB | 377/909 kB
Progress (4): 1.4 MB | 1.6/2.0 MB | 729/961 kB | 377/909 kB
Progress (4): 1.4 MB | 1.6/2.0 MB | 729/961 kB | 393/909 kB
Progress (4): 1.4 MB | 1.6/2.0 MB | 745/961 kB | 393/909 kB
Progress (4): 1.4 MB | 1.7/2.0 MB | 745/961 kB | 393/909 kB
Progress (4): 1.4 MB | 1.7/2.0 MB | 762/961 kB | 393/909 kB
Progress (4): 1.4 MB | 1.7/2.0 MB | 762/961 kB | 410/909 kB
Progress (4): 1.4 MB | 1.7/2.0 MB | 778/961 kB | 410/909 kB
Progress (4): 1.4 MB | 1.7/2.0 MB | 778/961 kB | 410/909 kB
Progress (4): 1.4 MB | 1.7/2.0 MB | 795/961 kB | 410/909 kB
Progress (4): 1.4 MB | 1.7/2.0 MB | 795/961 kB | 410/909 kB
Progress (4): 1.4 MB | 1.7/2.0 MB | 795/961 kB | 426/909 kB
Progress (4): 1.4 MB | 1.7/2.0 MB | 811/961 kB | 426/909 kB
Progress (4): 1.4 MB | 1.7/2.0 MB | 811/961 kB | 442/909 kB
Progress (4): 1.4 MB | 1.7/2.0 MB | 811/961 kB | 442/909 kB
Progress (4): 1.4 MB | 1.7/2.0 MB | 827/961 kB | 442/909 kB
Progress (4): 1.4 MB | 1.7/2.0 MB | 827/961 kB | 459/909 kB
Progress (4): 1.4 MB | 1.7/2.0 MB | 844/961 kB | 459/909 kB
Progress (4): 1.4 MB | 1.7/2.0 MB | 844/961 kB | 475/909 kB
Progress (4): 1.4 MB | 1.7/2.0 MB | 860/961 kB | 475/909 kB
Progress (4): 1.4 MB | 1.7/2.0 MB | 877/961 kB | 475/909 kB
Progress (5): 1.4 MB | 1.7/2.0 MB | 877/961 kB | 475/909 kB | 3.4/243 kB
Progress (5): 1.4 MB | 1.7/2.0 MB | 877/961 kB | 475/909 kB | 3.4/243 kB
Progress (5): 1.4 MB | 1.7/2.0 MB | 877/961 kB | 492/909 kB | 3.4/243 kB
Progress (5): 1.4 MB | 1.7/2.0 MB | 877/961 kB | 492/909 kB | 12/243 kB 
Progress (5): 1.4 MB | 1.7/2.0 MB | 893/961 kB | 492/909 kB | 12/243 kB
Progress (5): 1.4 MB | 1.7/2.0 MB | 893/961 kB | 492/909 kB | 12/243 kB
Progress (5): 1.4 MB | 1.7/2.0 MB | 893/961 kB | 508/909 kB | 12/243 kB
Progress (5): 1.4 MB | 1.7/2.0 MB | 893/961 kB | 508/909 kB | 28/243 kB
Progress (5): 1.4 MB | 1.7/2.0 MB | 909/961 kB | 508/909 kB | 28/243 kB
Progress (5): 1.4 MB | 1.8/2.0 MB | 909/961 kB | 508/909 kB | 28/243 kB
Progress (5): 1.4 MB | 1.8/2.0 MB | 909/961 kB | 508/909 kB | 36/243 kB
Progress (5): 1.4 MB | 1.8/2.0 MB | 909/961 kB | 524/909 kB | 36/243 kB
Progress (5): 1.4 MB | 1.8/2.0 MB | 909/961 kB | 524/909 kB | 36/243 kB
Progress (5): 1.4 MB | 1.8/2.0 MB | 926/961 kB | 524/909 kB | 36/243 kB
Progress (5): 1.4 MB | 1.8/2.0 MB | 926/961 kB | 524/909 kB | 53/243 kB
Progress (5): 1.4 MB | 1.8/2.0 MB | 926/961 kB | 541/909 kB | 53/243 kB
Progress (5): 1.4 MB | 1.8/2.0 MB | 926/961 kB | 541/909 kB | 61/243 kB
Progress (5): 1.4 MB | 1.8/2.0 MB | 942/961 kB | 541/909 kB | 61/243 kB
Progress (5): 1.4 MB | 1.8/2.0 MB | 942/961 kB | 541/909 kB | 61/243 kB
Progress (5): 1.4 MB | 1.8/2.0 MB | 942/961 kB | 557/909 kB | 61/243 kB
Progress (5): 1.4 MB | 1.8/2.0 MB | 942/961 kB | 557/909 kB | 74/243 kB
Progress (5): 1.4 MB | 1.8/2.0 MB | 958/961 kB | 557/909 kB | 74/243 kB
Progress (5): 1.4 MB | 1.8/2.0 MB | 958/961 kB | 557/909 kB | 74/243 kB
Progress (5): 1.4 MB | 1.8/2.0 MB | 961 kB | 557/909 kB | 74/243 kB    
Progress (5): 1.4 MB | 1.8/2.0 MB | 961 kB | 573/909 kB | 74/243 kB
Progress (5): 1.4 MB | 1.8/2.0 MB | 961 kB | 573/909 kB | 90/243 kB
Progress (5): 1.4 MB | 1.8/2.0 MB | 961 kB | 590/909 kB | 90/243 kB
Progress (5): 1.4 MB | 1.8/2.0 MB | 961 kB | 590/909 kB | 90/243 kB
Progress (5): 1.4 MB | 1.8/2.0 MB | 961 kB | 590/909 kB | 106/243 kB
Progress (5): 1.4 MB | 1.8/2.0 MB | 961 kB | 606/909 kB | 106/243 kB
Progress (5): 1.4 MB | 1.8/2.0 MB | 961 kB | 606/909 kB | 115/243 kB
Progress (5): 1.4 MB | 1.8/2.0 MB | 961 kB | 606/909 kB | 115/243 kB
Progress (5): 1.4 MB | 1.8/2.0 MB | 961 kB | 623/909 kB | 115/243 kB
Progress (5): 1.4 MB | 1.8/2.0 MB | 961 kB | 623/909 kB | 131/243 kB
Progress (5): 1.4 MB | 1.9/2.0 MB | 961 kB | 623/909 kB | 131/243 kB
Progress (5): 1.4 MB | 1.9/2.0 MB | 961 kB | 639/909 kB | 131/243 kB
Progress (5): 1.4 MB | 1.9/2.0 MB | 961 kB | 639/909 kB | 147/243 kB
Progress (5): 1.4 MB | 1.9/2.0 MB | 961 kB | 639/909 kB | 156/243 kB
Progress (5): 1.4 MB | 1.9/2.0 MB | 961 kB | 655/909 kB | 156/243 kB
Progress (5): 1.4 MB | 1.9/2.0 MB | 961 kB | 655/909 kB | 156/243 kB
Progress (5): 1.4 MB | 1.9/2.0 MB | 961 kB | 655/909 kB | 172/243 kB
Progress (5): 1.4 MB | 1.9/2.0 MB | 961 kB | 655/909 kB | 172/243 kB
Progress (5): 1.4 MB | 1.9/2.0 MB | 961 kB | 672/909 kB | 172/243 kB
Progress (5): 1.4 MB | 1.9/2.0 MB | 961 kB | 672/909 kB | 180/243 kB
Progress (5): 1.4 MB | 1.9/2.0 MB | 961 kB | 688/909 kB | 180/243 kB
Progress (5): 1.4 MB | 1.9/2.0 MB | 961 kB | 688/909 kB | 180/243 kB
Progress (5): 1.4 MB | 1.9/2.0 MB | 961 kB | 688/909 kB | 197/243 kB
Progress (5): 1.4 MB | 1.9/2.0 MB | 961 kB | 688/909 kB | 213/243 kB
Progress (5): 1.4 MB | 1.9/2.0 MB | 961 kB | 705/909 kB | 213/243 kB
Progress (5): 1.4 MB | 1.9/2.0 MB | 961 kB | 705/909 kB | 221/243 kB
Progress (5): 1.4 MB | 1.9/2.0 MB | 961 kB | 705/909 kB | 238/243 kB
Progress (5): 1.4 MB | 1.9/2.0 MB | 961 kB | 721/909 kB | 238/243 kB
Progress (5): 1.4 MB | 1.9/2.0 MB | 961 kB | 721/909 kB | 243 kB    
                                                                
Downloaded from central: https://repo.maven.apache.org/maven2/net/java/dev/jna/jna-platform/5.17.0/jna-platform-5.17.0.jar (1.4 MB at 2.5 MB/s)
Downloading from central: https://repo.maven.apache.org/maven2/org/springframework/boot/spring-boot-loader-tools/4.0.3/spring-boot-loader-tools-4.0.3.jar
Progress (4): 1.9/2.0 MB | 961 kB | 737/909 kB | 243 kB
Progress (4): 1.9/2.0 MB | 961 kB | 737/909 kB | 243 kB
Progress (4): 1.9/2.0 MB | 961 kB | 754/909 kB | 243 kB
Progress (4): 1.9/2.0 MB | 961 kB | 754/909 kB | 243 kB
Progress (4): 1.9/2.0 MB | 961 kB | 770/909 kB | 243 kB
Progress (4): 1.9/2.0 MB | 961 kB | 770/909 kB | 243 kB
Progress (4): 1.9/2.0 MB | 961 kB | 786/909 kB | 243 kB
Progress (4): 2.0/2.0 MB | 961 kB | 786/909 kB | 243 kB
Progress (4): 2.0/2.0 MB | 961 kB | 786/909 kB | 243 kB
Progress (4): 2.0/2.0 MB | 961 kB | 803/909 kB | 243 kB
Progress (4): 2.0/2.0 MB | 961 kB | 819/909 kB | 243 kB
Progress (4): 2.0/2.0 MB | 961 kB | 836/909 kB | 243 kB
Progress (4): 2.0/2.0 MB | 961 kB | 852/909 kB | 243 kB
Progress (4): 2.0/2.0 MB | 961 kB | 852/909 kB | 243 kB
                                                       
Downloaded from central: https://repo.maven.apache.org/maven2/org/apache/httpcomponents/client5/httpclient5/5.5.2/httpclient5-5.5.2.jar (961 kB at 1.7 MB/s)
Downloading from central: https://repo.maven.apache.org/maven2/org/apache/maven/plugins/maven-shade-plugin/3.6.0/maven-shade-plugin-3.6.0.jar
Progress (3): 2.0 MB | 852/909 kB | 243 kB
Progress (3): 2.0 MB | 868/909 kB | 243 kB
                                          
Downloaded from central: https://repo.maven.apache.org/maven2/org/apache/httpcomponents/core5/httpcore5-h2/5.3.6/httpcore5-h2-5.3.6.jar (243 kB at 423 kB/s)
Downloading from central: https://repo.maven.apache.org/maven2/org/ow2/asm/asm-commons/9.7/asm-commons-9.7.jar
Progress (2): 2.0 MB | 885/909 kB
Progress (2): 2.0 MB | 901/909 kB
Progress (2): 2.0 MB | 909 kB    
Progress (3): 2.0 MB | 909 kB | 3.4/340 kB
Progress (3): 2.0 MB | 909 kB | 20/340 kB 
Progress (3): 2.0 MB | 909 kB | 36/340 kB
Progress (3): 2.0 MB | 909 kB | 53/340 kB
Progress (3): 2.0 MB | 909 kB | 69/340 kB
Progress (3): 2.0 MB | 909 kB | 85/340 kB
Progress (3): 2.0 MB | 909 kB | 93/340 kB
Progress (3): 2.0 MB | 909 kB | 110/340 kB
Progress (3): 2.0 MB | 909 kB | 118/340 kB
Progress (3): 2.0 MB | 909 kB | 134/340 kB
Progress (3): 2.0 MB | 909 kB | 151/340 kB
Progress (3): 2.0 MB | 909 kB | 167/340 kB
Progress (3): 2.0 MB | 909 kB | 184/340 kB
Progress (3): 2.0 MB | 909 kB | 200/340 kB
Progress (3): 2.0 MB | 909 kB | 216/340 kB
Progress (4): 2.0 MB | 909 kB | 216/340 kB | 7.7/150 kB
Progress (4): 2.0 MB | 909 kB | 216/340 kB | 16/150 kB 
Progress (4): 2.0 MB | 909 kB | 233/340 kB | 16/150 kB
Progress (4): 2.0 MB | 909 kB | 233/340 kB | 25/150 kB
Progress (4): 2.0 MB | 909 kB | 249/340 kB | 25/150 kB
Progress (4): 2.0 MB | 909 kB | 249/340 kB | 41/150 kB
Progress (4): 2.0 MB | 909 kB | 266/340 kB | 41/150 kB
Progress (4): 2.0 MB | 909 kB | 266/340 kB | 57/150 kB
Progress (4): 2.0 MB | 909 kB | 282/340 kB | 57/150 kB
Progress (5): 2.0 MB | 909 kB | 282/340 kB | 57/150 kB | 7.7/73 kB
Progress (5): 2.0 MB | 909 kB | 282/340 kB | 57/150 kB | 12/73 kB 
Progress (5): 2.0 MB | 909 kB | 282/340 kB | 74/150 kB | 12/73 kB
Progress (5): 2.0 MB | 909 kB | 282/340 kB | 74/150 kB | 28/73 kB
Progress (5): 2.0 MB | 909 kB | 298/340 kB | 74/150 kB | 28/73 kB
Progress (5): 2.0 MB | 909 kB | 298/340 kB | 90/150 kB | 28/73 kB
Progress (5): 2.0 MB | 909 kB | 298/340 kB | 90/150 kB | 44/73 kB
Progress (5): 2.0 MB | 909 kB | 315/340 kB | 90/150 kB | 44/73 kB
Progress (5): 2.0 MB | 909 kB | 315/340 kB | 106/150 kB | 44/73 kB
Progress (5): 2.0 MB | 909 kB | 315/340 kB | 106/150 kB | 61/73 kB
Progress (5): 2.0 MB | 909 kB | 315/340 kB | 123/150 kB | 61/73 kB
Progress (5): 2.0 MB | 909 kB | 331/340 kB | 123/150 kB | 61/73 kB
Progress (5): 2.0 MB | 909 kB | 331/340 kB | 123/150 kB | 73 kB   
Progress (5): 2.0 MB | 909 kB | 331/340 kB | 139/150 kB | 73 kB
Progress (5): 2.0 MB | 909 kB | 340 kB | 139/150 kB | 73 kB    
Progress (5): 2.0 MB | 909 kB | 340 kB | 150 kB | 73 kB    
                                                       
Downloaded from central: https://repo.maven.apache.org/maven2/org/apache/httpcomponents/core5/httpcore5/5.3.6/httpcore5-5.3.6.jar (909 kB at 1.5 MB/s)
Downloading from central: https://repo.maven.apache.org/maven2/org/ow2/asm/asm-tree/9.7/asm-tree-9.7.jar
Downloaded from central: https://repo.maven.apache.org/maven2/org/ow2/asm/asm-commons/9.7/asm-commons-9.7.jar (73 kB at 114 kB/s)
Downloading from central: https://repo.maven.apache.org/maven2/org/vafer/jdependency/2.10/jdependency-2.10.jar
Downloaded from central: https://repo.maven.apache.org/maven2/org/apache/maven/plugins/maven-shade-plugin/3.6.0/maven-shade-plugin-3.6.0.jar (150 kB at 233 kB/s)
Downloaded from central: https://repo.maven.apache.org/maven2/net/java/dev/jna/jna/5.17.0/jna-5.17.0.jar (2.0 MB at 3.1 MB/s)
Progress (2): 340 kB | 7.7/52 kB
Progress (2): 340 kB | 12/52 kB 
Progress (2): 340 kB | 29/52 kB
                               
Downloaded from central: https://repo.maven.apache.org/maven2/org/springframework/boot/spring-boot-loader-tools/4.0.3/spring-boot-loader-tools-4.0.3.jar (340 kB at 521 kB/s)
Progress (1): 45/52 kB
Progress (1): 52 kB   
Progress (2): 52 kB | 7.7/416 kB
Progress (2): 52 kB | 16/416 kB 
Progress (2): 52 kB | 25/416 kB
                               
Downloaded from central: https://repo.maven.apache.org/maven2/org/ow2/asm/asm-tree/9.7/asm-tree-9.7.jar (52 kB at 76 kB/s)
Progress (1): 41/416 kB
Progress (1): 57/416 kB
Progress (1): 74/416 kB
Progress (1): 90/416 kB
Progress (1): 106/416 kB
Progress (1): 123/416 kB
Progress (1): 139/416 kB
Progress (1): 156/416 kB
Progress (1): 172/416 kB
Progress (1): 176/416 kB
Progress (1): 192/416 kB
Progress (1): 209/416 kB
Progress (1): 225/416 kB
Progress (1): 241/416 kB
Progress (1): 258/416 kB
Progress (1): 262/416 kB
Progress (1): 279/416 kB
Progress (1): 295/416 kB
Progress (1): 311/416 kB
Progress (1): 319/416 kB
Progress (1): 336/416 kB
Progress (1): 352/416 kB
Progress (1): 360/416 kB
Progress (1): 377/416 kB
Progress (1): 393/416 kB
Progress (1): 410/416 kB
Progress (1): 416 kB    
                    
Downloaded from central: https://repo.maven.apache.org/maven2/org/vafer/jdependency/2.10/jdependency-2.10.jar (416 kB at 558 kB/s)
[INFO] Attaching agents: []

  .   ____          _            __ _ _
 /\\ / ___'_ __ _ _(_)_ __  __ _ \ \ \ \
( ( )\___ | '_ | '_| | '_ \/ _` | \ \ \ \
 \\/  ___)| |_)| | | | | || (_| |  ) ) ) )
  '  |____| .__|_| |_|_| |_\__, | / / / /
 =========|_|==============|___/=/_/_/_/

 :: Spring Boot ::                (v4.0.3)

2026-03-27T20:46:40.437-03:00  INFO 25092 --- [ServiceGo] [           main] com.ServiceGo.ServiceGoApplication       : Starting ServiceGoApplication using Java 17.0.0.1 with PID 25092 (C:\Users\organ\Downloads\PROGRAMACAO\ServiceGO\ServiceGo\target\classes started by organ in C:\Users\organ\Downloads\PROGRAMACAO\ServiceGO\ServiceGo)
2026-03-27T20:46:40.452-03:00  INFO 25092 --- [ServiceGo] [           main] com.ServiceGo.ServiceGoApplication       : No active profile set, falling back to 1 default profile: "local"
2026-03-27T20:46:40.455-03:00 DEBUG 25092 --- [ServiceGo] [           main] o.s.boot.SpringApplication               : Loading source class com.ServiceGo.ServiceGoApplication
2026-03-27T20:46:40.679-03:00 DEBUG 25092 --- [ServiceGo] [           main] ConfigServletWebServerApplicationContext : Refreshing org.springframework.boot.web.server.servlet.context.AnnotationConfigServletWebServerApplicationContext@53f6fd09
2026-03-27T20:46:43.648-03:00  INFO 25092 --- [ServiceGo] [           main] .s.d.r.c.RepositoryConfigurationDelegate : Bootstrapping Spring Data JPA repositories in DEFAULT mode.
2026-03-27T20:46:43.706-03:00 DEBUG 25092 --- [ServiceGo] [           main] o.s.b.a.AutoConfigurationPackages        : @EnableAutoConfiguration was declared on a class in the package 'com.ServiceGo'. Automatic @Repository and @Entity scanning is enabled.
2026-03-27T20:46:43.973-03:00  INFO 25092 --- [ServiceGo] [           main] .s.d.r.c.RepositoryConfigurationDelegate : Finished Spring Data repository scanning in 293 ms. Found 8 JPA repository interfaces.
2026-03-27T20:46:46.423-03:00 DEBUG 25092 --- [ServiceGo] [           main] o.s.b.t.s.TomcatServletWebServerFactory  : Code archive: C:\Users\organ\.m2\repository\org\springframework\boot\spring-boot-web-server\4.0.3\spring-boot-web-server-4.0.3.jar
2026-03-27T20:46:46.425-03:00 DEBUG 25092 --- [ServiceGo] [           main] o.s.b.t.s.TomcatServletWebServerFactory  : Code archive: C:\Users\organ\.m2\repository\org\springframework\boot\spring-boot-web-server\4.0.3\spring-boot-web-server-4.0.3.jar
2026-03-27T20:46:46.425-03:00 DEBUG 25092 --- [ServiceGo] [           main] o.s.b.t.s.TomcatServletWebServerFactory  : None of the document roots [src/main/webapp, public, static] point to a directory and will be ignored.
2026-03-27T20:46:46.508-03:00  INFO 25092 --- [ServiceGo] [           main] o.s.boot.tomcat.TomcatWebServer          : Tomcat initialized with port 8080 (http)
2026-03-27T20:46:46.553-03:00  INFO 25092 --- [ServiceGo] [           main] o.apache.catalina.core.StandardService   : Starting service [Tomcat]
2026-03-27T20:46:46.557-03:00  INFO 25092 --- [ServiceGo] [           main] o.apache.catalina.core.StandardEngine    : Starting Servlet engine: [Apache Tomcat/11.0.18]
2026-03-27T20:46:46.832-03:00 DEBUG 25092 --- [ServiceGo] [           main] b.w.c.s.WebApplicationContextInitializer : Published root WebApplicationContext as ServletContext attribute with name [org.springframework.web.context.WebApplicationContext.ROOT]
2026-03-27T20:46:46.833-03:00  INFO 25092 --- [ServiceGo] [           main] b.w.c.s.WebApplicationContextInitializer : Root WebApplicationContext: initialization completed in 6153 ms
2026-03-27T20:46:47.661-03:00  INFO 25092 --- [ServiceGo] [           main] com.zaxxer.hikari.HikariDataSource       : HikariPool-1 - Starting...
2026-03-27T20:46:48.122-03:00  INFO 25092 --- [ServiceGo] [           main] com.zaxxer.hikari.pool.HikariPool        : HikariPool-1 - Added connection org.postgresql.jdbc.PgConnection@59a94d0f
2026-03-27T20:46:48.125-03:00  INFO 25092 --- [ServiceGo] [           main] com.zaxxer.hikari.HikariDataSource       : HikariPool-1 - Start completed.
2026-03-27T20:46:48.232-03:00  INFO 25092 --- [ServiceGo] [           main] org.flywaydb.core.FlywayExecutor         : Database: jdbc:postgresql://localhost:5432/servicego (PostgreSQL 17.2)
2026-03-27T20:46:48.466-03:00  INFO 25092 --- [ServiceGo] [           main] o.f.core.internal.command.DbValidate     : Successfully validated 11 migrations (execution time 00:00.115s)
2026-03-27T20:46:48.513-03:00  INFO 25092 --- [ServiceGo] [           main] o.f.core.internal.command.DbMigrate      : Current version of schema "public": 15
2026-03-27T20:46:48.520-03:00  INFO 25092 --- [ServiceGo] [           main] o.f.core.internal.command.DbMigrate      : Schema "public" is up to date. No migration necessary.
2026-03-27T20:46:48.786-03:00  INFO 25092 --- [ServiceGo] [           main] org.hibernate.orm.jpa                    : HHH008540: Processing PersistenceUnitInfo [name: default]
2026-03-27T20:46:48.923-03:00  INFO 25092 --- [ServiceGo] [           main] org.hibernate.orm.core                   : HHH000001: Hibernate ORM core version 7.2.4.Final
2026-03-27T20:46:50.471-03:00  INFO 25092 --- [ServiceGo] [           main] o.s.o.j.p.SpringPersistenceUnitInfo      : No LoadTimeWeaver setup: ignoring JPA class transformer
2026-03-27T20:46:50.701-03:00  WARN 25092 --- [ServiceGo] [           main] org.hibernate.orm.deprecation            : HHH90000025: PostgreSQLDialect does not need to be specified explicitly using 'hibernate.dialect' (remove the property setting and it will be selected by default)
2026-03-27T20:46:50.753-03:00  INFO 25092 --- [ServiceGo] [           main] org.hibernate.orm.connections.pooling    : HHH10001005: Database info:
	Database JDBC URL [jdbc:postgresql://localhost:5432/servicego]
	Database driver: PostgreSQL JDBC Driver
	Database dialect: PostgreSQLDialect
	Database version: 17.2
	Default catalog/schema: servicego/public
	Autocommit mode: undefined/unknown
	Isolation level: READ_COMMITTED [default READ_COMMITTED]
	JDBC fetch size: none
	Pool: DataSourceConnectionProvider
	Minimum pool size: undefined/unknown
	Maximum pool size: undefined/unknown
2026-03-27T20:46:54.828-03:00  INFO 25092 --- [ServiceGo] [           main] org.hibernate.orm.core                   : HHH000489: No JTA platform available (set 'hibernate.transaction.jta.platform' to enable JTA platform integration)
2026-03-27T20:46:55.354-03:00  INFO 25092 --- [ServiceGo] [           main] j.LocalContainerEntityManagerFactoryBean : Initialized JPA EntityManagerFactory for persistence unit 'default'
2026-03-27T20:46:55.638-03:00  INFO 25092 --- [ServiceGo] [           main] o.s.d.j.r.query.QueryEnhancerFactories   : Hibernate is in classpath; If applicable, HQL parser will be used.
2026-03-27T20:46:56.305-03:00 DEBUG 25092 --- [ServiceGo] [           main] o.s.b.w.s.ServletContextInitializerBeans : Mapping filters: webMvcObservationFilter urls=[/*] order=-2147483647, springSecurityFilterChain urls=[/*] order=-100, characterEncodingFilter urls=[/*] order=-2147483648, formContentFilter urls=[/*] order=-9900, requestContextFilter urls=[/*] order=-105, jwtAuthenticationFilter urls=[/*] order=2147483647
2026-03-27T20:46:56.306-03:00 DEBUG 25092 --- [ServiceGo] [           main] o.s.b.w.s.ServletContextInitializerBeans : Mapping servlets: dispatcherServlet urls=[/]
2026-03-27T20:46:56.386-03:00 DEBUG 25092 --- [ServiceGo] [           main] o.s.b.s.f.OrderedRequestContextFilter    : Filter 'requestContextFilter' configured for use
2026-03-27T20:46:56.398-03:00 DEBUG 25092 --- [ServiceGo] [           main] o.s.w.f.ServerHttpObservationFilter      : Filter 'webMvcObservationFilter' configured for use
2026-03-27T20:46:56.399-03:00 DEBUG 25092 --- [ServiceGo] [           main] o.s.b.s.f.OrderedCharacterEncodingFilter : Filter 'characterEncodingFilter' configured for use
2026-03-27T20:46:56.399-03:00 DEBUG 25092 --- [ServiceGo] [           main] .DelegatingFilterProxyRegistrationBean$1 : Filter 'springSecurityFilterChain' configured for use
2026-03-27T20:46:56.399-03:00 DEBUG 25092 --- [ServiceGo] [           main] o.s.b.s.filter.OrderedFormContentFilter  : Filter 'formContentFilter' configured for use
2026-03-27T20:46:57.173-03:00  INFO 25092 --- [ServiceGo] [           main] eAuthenticationProviderManagerConfigurer : Global AuthenticationManager configured with AuthenticationProvider bean with name authenticationProvider
2026-03-27T20:46:57.174-03:00  WARN 25092 --- [ServiceGo] [           main] r$InitializeUserDetailsManagerConfigurer : Global AuthenticationManager configured with an AuthenticationProvider bean. UserDetailsService beans will not be used by Spring Security for automatically configuring username/password login. Consider removing the AuthenticationProvider bean. Alternatively, consider using the UserDetailsService in a manually instantiated DaoAuthenticationProvider. If the current configuration is intentional, to turn off this warning, increase the logging level of 'org.springframework.security.config.annotation.authentication.configuration.InitializeUserDetailsBeanManagerConfigurer' to ERROR
2026-03-27T20:46:59.285-03:00 DEBUG 25092 --- [ServiceGo] [           main] s.w.s.m.m.a.RequestMappingHandlerMapping : 48 mappings in 'requestMappingHandlerMapping'
2026-03-27T20:46:59.385-03:00 DEBUG 25092 --- [ServiceGo] [           main] o.s.w.s.handler.SimpleUrlHandlerMapping  : Patterns [/webjars/**, /**, /swagger-ui*/*swagger-initializer.js, /swagger-ui*/**] in 'resourceHandlerMapping'
2026-03-27T20:46:59.465-03:00 DEBUG 25092 --- [ServiceGo] [           main] s.w.s.m.m.a.RequestMappingHandlerAdapter : ControllerAdvice beans: 0 @ModelAttribute, 0 @InitBinder, 2 RequestBodyAdvice, 1 ResponseBodyAdvice
2026-03-27T20:46:59.590-03:00 DEBUG 25092 --- [ServiceGo] [           main] .m.m.a.ExceptionHandlerExceptionResolver : ControllerAdvice beans: 1 @ExceptionHandler, 1 ResponseBodyAdvice
2026-03-27T20:47:00.480-03:00  INFO 25092 --- [ServiceGo] [           main] o.s.b.a.e.web.EndpointLinksResolver      : Exposing 1 endpoint beneath base path '/actuator'
2026-03-27T20:47:00.718-03:00  INFO 25092 --- [ServiceGo] [           main] o.s.boot.tomcat.TomcatWebServer          : Tomcat started on port 8080 (http) with context path '/'
2026-03-27T20:47:00.750-03:00 DEBUG 25092 --- [ServiceGo] [           main] .s.b.a.l.ConditionEvaluationReportLogger : 


============================
CONDITIONS EVALUATION REPORT
============================


Positive matches:
-----------------

   AopAutoConfiguration matched:
      - @ConditionalOnBooleanProperty (spring.aop.auto=true) matched (OnPropertyCondition)

   AopAutoConfiguration.AspectJAutoProxyingConfiguration matched:
      - @ConditionalOnClass found required class 'org.aspectj.weaver.Advice' (OnClassCondition)

   AopAutoConfiguration.AspectJAutoProxyingConfiguration.CglibAutoProxyConfiguration matched:
      - @ConditionalOnBooleanProperty (spring.aop.proxy-target-class=true) matched (OnPropertyCondition)

   ApplicationAvailabilityAutoConfiguration#applicationAvailability matched:
      - @ConditionalOnMissingBean (types: org.springframework.boot.availability.ApplicationAvailability; SearchStrategy: all) did not find any beans (OnBeanCondition)

   AvailabilityHealthContributorAutoConfiguration matched:
      - @ConditionalOnClass found required class 'org.springframework.boot.health.contributor.Health' (OnClassCondition)

   AvailabilityProbesAutoConfiguration matched:
      - @ConditionalOnClass found required class 'org.springframework.boot.actuate.endpoint.annotation.Endpoint' (OnClassCondition)
      - @ConditionalOnBooleanProperty (management.endpoint.health.probes.enabled=true) matched (OnPropertyCondition)

   AvailabilityProbesAutoConfiguration#livenessStateHealthIndicator matched:
      - @ConditionalOnMissingBean (names: livenessStateHealthIndicator; SearchStrategy: all) did not find any beans (OnBeanCondition)

   AvailabilityProbesAutoConfiguration#readinessStateHealthIndicator matched:
      - @ConditionalOnMissingBean (names: readinessStateHealthIndicator; SearchStrategy: all) did not find any beans (OnBeanCondition)

   CompositeMeterRegistryAutoConfiguration matched:
      - @ConditionalOnClass found required class 'io.micrometer.core.instrument.composite.CompositeMeterRegistry' (OnClassCondition)

   DataJpaRepositoriesAutoConfiguration matched:
      - @ConditionalOnClass found required class 'org.springframework.data.jpa.repository.JpaRepository' (OnClassCondition)
      - @ConditionalOnBooleanProperty (spring.data.jpa.repositories.enabled=true) matched (OnPropertyCondition)
      - @ConditionalOnBean (types: javax.sql.DataSource; SearchStrategy: all) found bean 'dataSource'; @ConditionalOnMissingBean (types: org.springframework.data.jpa.repository.support.JpaRepositoryFactoryBean,org.springframework.data.jpa.repository.config.JpaRepositoryConfigExtension; SearchStrategy: all) did not find any beans (OnBeanCondition)

   DataRepositoryMetricsAutoConfiguration matched:
      - @ConditionalOnClass found required class 'org.springframework.data.repository.Repository' (OnClassCondition)
      - @ConditionalOnBean (types: io.micrometer.core.instrument.MeterRegistry; SearchStrategy: all) found bean 'simpleMeterRegistry' (OnBeanCondition)

   DataRepositoryMetricsAutoConfiguration#metricsRepositoryMethodInvocationListener matched:
      - @ConditionalOnMissingBean (types: org.springframework.boot.data.metrics.MetricsRepositoryMethodInvocationListener; SearchStrategy: all) did not find any beans (OnBeanCondition)

   DataRepositoryMetricsAutoConfiguration#repositoryTagsProvider matched:
      - @ConditionalOnMissingBean (types: org.springframework.boot.data.metrics.RepositoryTagsProvider; SearchStrategy: all) did not find any beans (OnBeanCondition)

   DataSourceAutoConfiguration matched:
      - @ConditionalOnClass found required classes 'javax.sql.DataSource', 'org.springframework.jdbc.datasource.embedded.EmbeddedDatabaseType' (OnClassCondition)
      - @ConditionalOnMissingBean (types: io.r2dbc.spi.ConnectionFactory; SearchStrategy: all) did not find any beans (OnBeanCondition)

   DataSourceAutoConfiguration.PooledDataSourceConfiguration matched:
      - AnyNestedCondition 1 matched 1 did not; NestedCondition on DataSourceAutoConfiguration.PooledDataSourceCondition.PooledDataSourceAvailable PooledDataSource found supported DataSource; NestedCondition on DataSourceAutoConfiguration.PooledDataSourceCondition.ExplicitType @ConditionalOnProperty (spring.datasource.type) did not find property 'spring.datasource.type' (DataSourceAutoConfiguration.PooledDataSourceCondition)
      - @ConditionalOnMissingBean (types: javax.sql.DataSource,javax.sql.XADataSource; SearchStrategy: all) did not find any beans (OnBeanCondition)

   DataSourceAutoConfiguration.PooledDataSourceConfiguration#jdbcConnectionDetails matched:
      - @ConditionalOnMissingBean (types: org.springframework.boot.jdbc.autoconfigure.JdbcConnectionDetails; SearchStrategy: all) did not find any beans (OnBeanCondition)

   DataSourceConfiguration.Hikari matched:
      - @ConditionalOnClass found required class 'com.zaxxer.hikari.HikariDataSource' (OnClassCondition)
      - @ConditionalOnProperty (spring.datasource.type=com.zaxxer.hikari.HikariDataSource) matched (OnPropertyCondition)
      - @ConditionalOnMissingBean (types: javax.sql.DataSource; SearchStrategy: all) did not find any beans (OnBeanCondition)

   DataSourceHealthContributorAutoConfiguration matched:
      - @ConditionalOnClass found required classes 'org.springframework.jdbc.core.JdbcTemplate', 'org.springframework.jdbc.datasource.lookup.AbstractRoutingDataSource', 'org.springframework.boot.health.autoconfigure.contributor.ConditionalOnEnabledHealthIndicator' (OnClassCondition)
      - @ConditionalOnEnabledHealthIndicator management.health.defaults.enabled is considered true (OnEnabledHealthIndicatorCondition)
      - @ConditionalOnBean (types: javax.sql.DataSource; SearchStrategy: all) found bean 'dataSource' (OnBeanCondition)

   DataSourceHealthContributorAutoConfiguration#dbHealthContributor matched:
      - @ConditionalOnMissingBean (names: dbHealthIndicator,dbHealthContributor; SearchStrategy: all) did not find any beans (OnBeanCondition)

   DataSourceInitializationAutoConfiguration matched:
      - @ConditionalOnClass found required class 'org.springframework.jdbc.datasource.init.DatabasePopulator' (OnClassCondition)
      - SQL InitializationDatabase Initialization default value is EMBEDDED (OnSqlInitializationCondition)
      - @ConditionalOnSingleCandidate (types: javax.sql.DataSource; SearchStrategy: all) found a single bean 'dataSource'; @ConditionalOnMissingBean (types: org.springframework.boot.sql.autoconfigure.init.ApplicationScriptDatabaseInitializer; SearchStrategy: all) did not find any beans (OnBeanCondition)

   DataSourcePoolMetadataProvidersConfiguration.HikariPoolDataSourceMetadataProviderConfiguration matched:
      - @ConditionalOnClass found required class 'com.zaxxer.hikari.HikariDataSource' (OnClassCondition)

   DataSourcePoolMetricsAutoConfiguration matched:
      - @ConditionalOnClass found required classes 'javax.sql.DataSource', 'io.micrometer.core.instrument.MeterRegistry' (OnClassCondition)
      - @ConditionalOnBean (types: javax.sql.DataSource,io.micrometer.core.instrument.MeterRegistry; SearchStrategy: all) found beans 'simpleMeterRegistry', 'dataSource' (OnBeanCondition)

   DataSourcePoolMetricsAutoConfiguration.DataSourcePoolMetadataMetricsConfiguration matched:
      - @ConditionalOnBean (types: org.springframework.boot.jdbc.metadata.DataSourcePoolMetadataProvider; SearchStrategy: all) found bean 'hikariPoolDataSourceMetadataProvider' (OnBeanCondition)

   DataSourcePoolMetricsAutoConfiguration.HikariDataSourceMetricsConfiguration matched:
      - @ConditionalOnClass found required class 'com.zaxxer.hikari.HikariDataSource' (OnClassCondition)

   DataSourceTransactionManagerAutoConfiguration matched:
      - @ConditionalOnClass found required classes 'javax.sql.DataSource', 'org.springframework.jdbc.core.JdbcTemplate', 'org.springframework.transaction.TransactionManager' (OnClassCondition)

   DataSourceTransactionManagerAutoConfiguration.JdbcTransactionManagerConfiguration matched:
      - @ConditionalOnSingleCandidate (types: javax.sql.DataSource; SearchStrategy: all) found a single bean 'dataSource' (OnBeanCondition)

   DataWebAutoConfiguration matched:
      - @ConditionalOnClass found required classes 'org.springframework.data.web.PageableHandlerMethodArgumentResolver', 'org.springframework.web.servlet.config.annotation.WebMvcConfigurer' (OnClassCondition)
      - found 'session' scope (OnWebApplicationCondition)
      - @ConditionalOnMissingBean (types: org.springframework.data.web.PageableHandlerMethodArgumentResolver; SearchStrategy: all) did not find any beans (OnBeanCondition)

   DataWebAutoConfiguration#pageableCustomizer matched:
      - @ConditionalOnMissingBean (types: org.springframework.data.web.config.PageableHandlerMethodArgumentResolverCustomizer; SearchStrategy: all) did not find any beans (OnBeanCondition)

   DataWebAutoConfiguration#sortCustomizer matched:
      - @ConditionalOnMissingBean (types: org.springframework.data.web.config.SortHandlerMethodArgumentResolverCustomizer; SearchStrategy: all) did not find any beans (OnBeanCondition)

   DataWebAutoConfiguration#springDataWebSettings matched:
      - @ConditionalOnMissingBean (types: org.springframework.data.web.config.SpringDataWebSettings; SearchStrategy: all) did not find any beans (OnBeanCondition)

   DiskSpaceHealthContributorAutoConfiguration matched:
      - @ConditionalOnClass found required class 'org.springframework.boot.health.contributor.Health' (OnClassCondition)
      - @ConditionalOnEnabledHealthIndicator management.health.defaults.enabled is considered true (OnEnabledHealthIndicatorCondition)

   DiskSpaceHealthContributorAutoConfiguration#diskSpaceHealthIndicator matched:
      - @ConditionalOnMissingBean (names: diskSpaceHealthIndicator; SearchStrategy: all) did not find any beans (OnBeanCondition)

   DispatcherServletAutoConfiguration matched:
      - @ConditionalOnClass found required class 'org.springframework.web.servlet.DispatcherServlet' (OnClassCondition)
      - found 'session' scope (OnWebApplicationCondition)

   DispatcherServletAutoConfiguration.DispatcherServletConfiguration matched:
      - @ConditionalOnClass found required class 'jakarta.servlet.ServletRegistration' (OnClassCondition)
      - Default DispatcherServlet did not find dispatcher servlet beans (DispatcherServletAutoConfiguration.DefaultDispatcherServletCondition)

   DispatcherServletAutoConfiguration.DispatcherServletRegistrationConfiguration matched:
      - @ConditionalOnClass found required class 'jakarta.servlet.ServletRegistration' (OnClassCondition)
      - DispatcherServlet Registration did not find servlet registration bean (DispatcherServletAutoConfiguration.DispatcherServletRegistrationCondition)

   DispatcherServletAutoConfiguration.DispatcherServletRegistrationConfiguration#dispatcherServletRegistration matched:
      - @ConditionalOnBean (names: dispatcherServlet types: org.springframework.web.servlet.DispatcherServlet; SearchStrategy: all) found bean 'dispatcherServlet' (OnBeanCondition)

   EndpointAutoConfiguration#endpointCachingOperationInvokerAdvisor matched:
      - @ConditionalOnMissingBean (types: org.springframework.boot.actuate.endpoint.invoker.cache.CachingOperationInvokerAdvisor; SearchStrategy: all) did not find any beans (OnBeanCondition)

   EndpointAutoConfiguration#endpointOperationParameterMapper matched:
      - @ConditionalOnMissingBean (types: org.springframework.boot.actuate.endpoint.invoke.ParameterValueMapper; SearchStrategy: all) did not find any beans (OnBeanCondition)

   EndpointAutoConfiguration#propertiesEndpointAccessResolver matched:
      - @ConditionalOnMissingBean (types: org.springframework.boot.actuate.endpoint.EndpointAccessResolver; SearchStrategy: all) did not find any beans (OnBeanCondition)

   ErrorMvcAutoConfiguration matched:
      - @ConditionalOnClass found required classes 'jakarta.servlet.Servlet', 'org.springframework.web.servlet.DispatcherServlet' (OnClassCondition)
      - found 'session' scope (OnWebApplicationCondition)

   ErrorMvcAutoConfiguration#basicErrorController matched:
      - @ConditionalOnMissingBean (types: org.springframework.boot.webmvc.error.ErrorController; SearchStrategy: current) did not find any beans (OnBeanCondition)

   ErrorMvcAutoConfiguration#errorAttributes matched:
      - @ConditionalOnMissingBean (types: org.springframework.boot.webmvc.error.ErrorAttributes; SearchStrategy: current) did not find any beans (OnBeanCondition)

   ErrorMvcAutoConfiguration.DefaultErrorViewResolverConfiguration#conventionErrorViewResolver matched:
      - @ConditionalOnBean (types: org.springframework.web.servlet.DispatcherServlet; SearchStrategy: all) found bean 'dispatcherServlet'; @ConditionalOnMissingBean (types: org.springframework.boot.webmvc.autoconfigure.error.ErrorViewResolver; SearchStrategy: all) did not find any beans (OnBeanCondition)

   ErrorMvcAutoConfiguration.WhitelabelErrorViewConfiguration matched:
      - @ConditionalOnBooleanProperty (spring.web.error.whitelabel.enabled=true) matched (OnPropertyCondition)
      - ErrorTemplate Missing did not find error template view (ErrorMvcAutoConfiguration.ErrorTemplateMissingCondition)

   ErrorMvcAutoConfiguration.WhitelabelErrorViewConfiguration#beanNameViewResolver matched:
      - @ConditionalOnMissingBean (types: org.springframework.web.servlet.view.BeanNameViewResolver; SearchStrategy: all) did not find any beans (OnBeanCondition)

   ErrorMvcAutoConfiguration.WhitelabelErrorViewConfiguration#defaultErrorView matched:
      - @ConditionalOnMissingBean (names: error; SearchStrategy: all) did not find any beans (OnBeanCondition)

   FlywayAutoConfiguration matched:
      - @ConditionalOnClass found required class 'org.flywaydb.core.Flyway' (OnClassCondition)
      - @ConditionalOnBooleanProperty (spring.flyway.enabled=true) matched (OnPropertyCondition)
      - AnyNestedCondition 2 matched 1 did not; NestedCondition on FlywayAutoConfiguration.FlywayDataSourceCondition.FlywayUrlCondition @ConditionalOnProperty (spring.flyway.url) did not find property 'spring.flyway.url'; NestedCondition on FlywayAutoConfiguration.FlywayDataSourceCondition.JdbcConnectionDetailsCondition @ConditionalOnBean (types: org.springframework.boot.jdbc.autoconfigure.JdbcConnectionDetails; SearchStrategy: all) found bean 'jdbcConnectionDetails'; NestedCondition on FlywayAutoConfiguration.FlywayDataSourceCondition.DataSourceBeanCondition @ConditionalOnBean (types: javax.sql.DataSource; SearchStrategy: all) found bean 'dataSource' (FlywayAutoConfiguration.FlywayDataSourceCondition)

   FlywayAutoConfiguration.FlywayConfiguration matched:
      - @ConditionalOnClass found required class 'org.springframework.jdbc.support.JdbcUtils' (OnClassCondition)
      - @ConditionalOnMissingBean (types: org.flywaydb.core.Flyway; SearchStrategy: all) did not find any beans (OnBeanCondition)

   FlywayAutoConfiguration.FlywayConfiguration#flywayConnectionDetails matched:
      - @ConditionalOnMissingBean (types: org.springframework.boot.flyway.autoconfigure.FlywayConnectionDetails; SearchStrategy: all) did not find any beans (OnBeanCondition)

   FlywayAutoConfiguration.FlywayConfiguration#flywayInitializer matched:
      - @ConditionalOnMissingBean (types: org.springframework.boot.flyway.autoconfigure.FlywayMigrationInitializer; SearchStrategy: all) did not find any beans (OnBeanCondition)

   FlywayAutoConfiguration.FlywayConfiguration.PostgresqlConfiguration matched:
      - @ConditionalOnClass found required class 'org.flywaydb.database.postgresql.PostgreSQLConfigurationExtension' (OnClassCondition)

   HealthContributorAutoConfiguration#pingHealthContributor matched:
      - @ConditionalOnEnabledHealthIndicator management.health.defaults.enabled is considered true (OnEnabledHealthIndicatorCondition)

   HealthContributorRegistryAutoConfiguration#healthContributorRegistry matched:
      - @ConditionalOnMissingBean (types: org.springframework.boot.health.registry.HealthContributorRegistry; SearchStrategy: all) did not find any beans (OnBeanCondition)

   HealthEndpointAutoConfiguration matched:
      - @ConditionalOnClass found required class 'org.springframework.boot.actuate.endpoint.annotation.Endpoint' (OnClassCondition)
      - @ConditionalOnAvailableEndpoint marked as exposed by a 'management.endpoints.web.exposure' property (OnAvailableEndpointCondition)
      - @ConditionalOnBean (types: org.springframework.boot.health.registry.HealthContributorRegistry; SearchStrategy: all) found bean 'healthContributorRegistry' (OnBeanCondition)

   HealthEndpointConfiguration#healthEndpoint matched:
      - @ConditionalOnMissingBean (types: org.springframework.boot.health.actuate.endpoint.HealthEndpoint; SearchStrategy: all) did not find any beans (OnBeanCondition)

   HealthEndpointConfiguration#healthEndpointGroupMembershipValidator matched:
      - @ConditionalOnBooleanProperty (management.endpoint.health.validate-group-membership=true) matched (OnPropertyCondition)

   HealthEndpointConfiguration#healthEndpointGroups matched:
      - @ConditionalOnMissingBean (types: org.springframework.boot.health.actuate.endpoint.HealthEndpointGroups; SearchStrategy: all) did not find any beans (OnBeanCondition)

   HealthEndpointConfiguration#healthHttpCodeStatusMapper matched:
      - @ConditionalOnMissingBean (types: org.springframework.boot.health.actuate.endpoint.HttpCodeStatusMapper; SearchStrategy: all) did not find any beans (OnBeanCondition)

   HealthEndpointConfiguration#healthStatusAggregator matched:
      - @ConditionalOnMissingBean (types: org.springframework.boot.health.actuate.endpoint.StatusAggregator; SearchStrategy: all) did not find any beans (OnBeanCondition)

   HealthEndpointWebExtensionConfiguration matched:
      - found 'session' scope (OnWebApplicationCondition)
      - @ConditionalOnAvailableEndpoint marked as exposed by a 'management.endpoints.web.exposure' property (OnAvailableEndpointCondition)
      - @ConditionalOnBean (types: org.springframework.boot.health.actuate.endpoint.HealthEndpoint; SearchStrategy: all) found bean 'healthEndpoint' (OnBeanCondition)

   HealthEndpointWebExtensionConfiguration#healthEndpointWebExtension matched:
      - @ConditionalOnMissingBean (types: org.springframework.boot.health.actuate.endpoint.HealthEndpointWebExtension; SearchStrategy: all) did not find any beans (OnBeanCondition)

   HibernateJpaAutoConfiguration matched:
      - @ConditionalOnClass found required classes 'org.springframework.orm.jpa.LocalContainerEntityManagerFactoryBean', 'jakarta.persistence.EntityManager', 'org.hibernate.engine.spi.SessionImplementor' (OnClassCondition)

   HibernateJpaConfiguration matched:
      - @ConditionalOnSingleCandidate (types: javax.sql.DataSource; SearchStrategy: all) found a single bean 'dataSource' (OnBeanCondition)

   HttpEncodingAutoConfiguration matched:
      - @ConditionalOnClass found required class 'org.springframework.web.filter.CharacterEncodingFilter' (OnClassCondition)
      - found 'session' scope (OnWebApplicationCondition)
      - @ConditionalOnBooleanProperty (spring.servlet.encoding.enabled=true) matched (OnPropertyCondition)

   HttpEncodingAutoConfiguration#characterEncodingFilter matched:
      - @ConditionalOnMissingBean (types: org.springframework.web.filter.CharacterEncodingFilter; SearchStrategy: all) did not find any beans (OnBeanCondition)

   HttpMessageConvertersAutoConfiguration matched:
      - @ConditionalOnClass found required class 'org.springframework.http.converter.HttpMessageConverter' (OnClassCondition)
      - NoneNestedConditions 0 matched 1 did not; NestedCondition on HttpMessageConvertersAutoConfiguration.NotReactiveWebApplicationCondition.ReactiveWebApplication did not find reactive web application classes (HttpMessageConvertersAutoConfiguration.NotReactiveWebApplicationCondition)

   HttpMessageConvertersAutoConfiguration.StringHttpMessageConverterConfiguration#stringHttpMessageConvertersCustomizer matched:
      - @ConditionalOnMissingBean (types: org.springframework.http.converter.StringHttpMessageConverter; SearchStrategy: all) did not find any beans (OnBeanCondition)

   Jackson2EndpointAutoConfiguration matched:
      - @ConditionalOnClass found required classes 'com.fasterxml.jackson.databind.ObjectMapper', 'org.springframework.http.converter.json.Jackson2ObjectMapperBuilder' (OnClassCondition)

   Jackson2EndpointAutoConfiguration#jackson2EndpointJsonMapper matched:
      - @ConditionalOnBooleanProperty (management.endpoints.jackson2.isolated-object-mapper=true) matched (OnPropertyCondition)

   JacksonAutoConfiguration matched:
      - @ConditionalOnClass found required class 'tools.jackson.databind.json.JsonMapper' (OnClassCondition)

   JacksonAutoConfiguration#jacksonJsonMapper matched:
      - @ConditionalOnMissingBean (types: tools.jackson.databind.json.JsonMapper; SearchStrategy: all) did not find any beans (OnBeanCondition)

   JacksonAutoConfiguration#jsonMapperBuilder matched:
      - @ConditionalOnMissingBean (types: tools.jackson.databind.json.JsonMapper$Builder; SearchStrategy: all) did not find any beans (OnBeanCondition)

   JacksonAutoConfiguration.JsonProblemDetailsConfiguration matched:
      - @ConditionalOnClass found required class 'org.springframework.http.ProblemDetail' (OnClassCondition)

   JacksonEndpointAutoConfiguration matched:
      - @ConditionalOnClass found required class 'tools.jackson.databind.json.JsonMapper' (OnClassCondition)

   JacksonEndpointAutoConfiguration#endpointJsonMapper matched:
      - @ConditionalOnBooleanProperty (management.endpoints.jackson.isolated-json-mapper=true) matched (OnPropertyCondition)

   JacksonHttpMessageConvertersConfiguration.JacksonJsonHttpMessageConverterConfiguration matched:
      - @ConditionalOnClass found required class 'tools.jackson.databind.json.JsonMapper' (OnClassCondition)
      - @ConditionalOnProperty (spring.http.converters.preferred-json-mapper=jackson) matched (OnPropertyCondition)
      - @ConditionalOnBean (types: tools.jackson.databind.json.JsonMapper; SearchStrategy: all) found bean 'jacksonJsonMapper' (OnBeanCondition)

   JacksonHttpMessageConvertersConfiguration.JacksonJsonHttpMessageConverterConfiguration#jacksonJsonHttpMessageConvertersCustomizer matched:
      - @ConditionalOnMissingBean (types: org.springframework.http.converter.json.JacksonJsonHttpMessageConverter ignored: org.springframework.hateoas.server.mvc.TypeConstrainedJacksonJsonHttpMessageConverter,org.springframework.data.rest.webmvc.alps.AlpsJacksonJsonHttpMessageConverter; SearchStrategy: all) did not find any beans (OnBeanCondition)

   JdbcClientAutoConfiguration matched:
      - @ConditionalOnSingleCandidate (types: org.springframework.jdbc.core.namedparam.NamedParameterJdbcTemplate; SearchStrategy: all) found a single bean 'namedParameterJdbcTemplate'; @ConditionalOnMissingBean (types: org.springframework.jdbc.core.simple.JdbcClient; SearchStrategy: all) did not find any beans (OnBeanCondition)

   JdbcTemplateAutoConfiguration matched:
      - @ConditionalOnClass found required classes 'javax.sql.DataSource', 'org.springframework.jdbc.core.JdbcTemplate' (OnClassCondition)
      - @ConditionalOnSingleCandidate (types: javax.sql.DataSource; SearchStrategy: all) found a single bean 'dataSource' (OnBeanCondition)

   JdbcTemplateConfiguration matched:
      - @ConditionalOnMissingBean (types: org.springframework.jdbc.core.JdbcOperations; SearchStrategy: all) did not find any beans (OnBeanCondition)

   JpaBaseConfiguration#entityManagerFactory matched:
      - @ConditionalOnMissingBean (types: org.springframework.orm.jpa.LocalContainerEntityManagerFactoryBean,jakarta.persistence.EntityManagerFactory; SearchStrategy: all) did not find any beans (OnBeanCondition)

   JpaBaseConfiguration#entityManagerFactoryBuilder matched:
      - @ConditionalOnMissingBean (types: org.springframework.boot.jpa.EntityManagerFactoryBuilder; SearchStrategy: all) did not find any beans (OnBeanCondition)

   JpaBaseConfiguration#jpaVendorAdapter matched:
      - @ConditionalOnMissingBean (types: org.springframework.orm.jpa.JpaVendorAdapter; SearchStrategy: all) did not find any beans (OnBeanCondition)

   JpaBaseConfiguration#transactionManager matched:
      - @ConditionalOnMissingBean (types: org.springframework.transaction.TransactionManager; SearchStrategy: all) did not find any beans (OnBeanCondition)

   JpaBaseConfiguration.PersistenceManagedTypesConfiguration matched:
      - @ConditionalOnMissingBean (types: org.springframework.orm.jpa.LocalContainerEntityManagerFactoryBean,jakarta.persistence.EntityManagerFactory; SearchStrategy: all) did not find any beans (OnBeanCondition)

   JpaBaseConfiguration.PersistenceManagedTypesConfiguration#persistenceManagedTypes matched:
      - @ConditionalOnMissingBean (types: org.springframework.orm.jpa.persistenceunit.PersistenceManagedTypes; SearchStrategy: all) did not find any beans (OnBeanCondition)

   JtaAutoConfiguration matched:
      - @ConditionalOnClass found required class 'jakarta.transaction.Transaction' (OnClassCondition)
      - @ConditionalOnBooleanProperty (spring.jta.enabled=true) matched (OnPropertyCondition)

   JvmMetricsAutoConfiguration matched:
      - @ConditionalOnClass found required class 'io.micrometer.core.instrument.MeterRegistry' (OnClassCondition)
      - @ConditionalOnBean (types: io.micrometer.core.instrument.MeterRegistry; SearchStrategy: all) found bean 'simpleMeterRegistry' (OnBeanCondition)

   JvmMetricsAutoConfiguration#classLoaderMetrics matched:
      - @ConditionalOnMissingBean (types: io.micrometer.core.instrument.binder.jvm.ClassLoaderMetrics; SearchStrategy: all) did not find any beans (OnBeanCondition)

   JvmMetricsAutoConfiguration#jvmCompilationMetrics matched:
      - @ConditionalOnMissingBean (types: io.micrometer.core.instrument.binder.jvm.JvmCompilationMetrics; SearchStrategy: all) did not find any beans (OnBeanCondition)

   JvmMetricsAutoConfiguration#jvmGcMetrics matched:
      - @ConditionalOnMissingBean (types: io.micrometer.core.instrument.binder.jvm.JvmGcMetrics; SearchStrategy: all) did not find any beans (OnBeanCondition)

   JvmMetricsAutoConfiguration#jvmHeapPressureMetrics matched:
      - @ConditionalOnMissingBean (types: io.micrometer.core.instrument.binder.jvm.JvmHeapPressureMetrics; SearchStrategy: all) did not find any beans (OnBeanCondition)

   JvmMetricsAutoConfiguration#jvmInfoMetrics matched:
      - @ConditionalOnMissingBean (types: io.micrometer.core.instrument.binder.jvm.JvmInfoMetrics; SearchStrategy: all) did not find any beans (OnBeanCondition)

   JvmMetricsAutoConfiguration#jvmMemoryMetrics matched:
      - @ConditionalOnMissingBean (types: io.micrometer.core.instrument.binder.jvm.JvmMemoryMetrics; SearchStrategy: all) did not find any beans (OnBeanCondition)

   JvmMetricsAutoConfiguration#jvmThreadMetrics matched:
      - @ConditionalOnMissingBean (types: io.micrometer.core.instrument.binder.jvm.JvmThreadMetrics; SearchStrategy: all) did not find any beans (OnBeanCondition)

   LifecycleAutoConfiguration#defaultLifecycleProcessor matched:
      - @ConditionalOnMissingBean (names: lifecycleProcessor; SearchStrategy: current) did not find any beans (OnBeanCondition)

   LogbackMetricsAutoConfiguration matched:
      - @ConditionalOnClass found required classes 'io.micrometer.core.instrument.MeterRegistry', 'ch.qos.logback.classic.LoggerContext', 'org.slf4j.LoggerFactory' (OnClassCondition)
      - LogbackLoggingCondition ILoggerFactory is a Logback LoggerContext (LogbackMetricsAutoConfiguration.LogbackLoggingCondition)
      - @ConditionalOnBean (types: io.micrometer.core.instrument.MeterRegistry; SearchStrategy: all) found bean 'simpleMeterRegistry' (OnBeanCondition)

   LogbackMetricsAutoConfiguration#logbackMetrics matched:
      - @ConditionalOnMissingBean (types: io.micrometer.core.instrument.binder.logging.LogbackMetrics; SearchStrategy: all) did not find any beans (OnBeanCondition)

   ManagementContextAutoConfiguration.SameManagementContextConfiguration matched:
      - Management Port actual port type (SAME) matched required type (OnManagementPortCondition)

   MetricsAutoConfiguration matched:
      - @ConditionalOnClass found required class 'io.micrometer.core.annotation.Timed' (OnClassCondition)

   MetricsAutoConfiguration#micrometerClock matched:
      - @ConditionalOnMissingBean (types: io.micrometer.core.instrument.Clock; SearchStrategy: all) did not find any beans (OnBeanCondition)

   MultipartAutoConfiguration matched:
      - @ConditionalOnClass found required classes 'jakarta.servlet.Servlet', 'org.springframework.web.multipart.support.StandardServletMultipartResolver', 'jakarta.servlet.MultipartConfigElement' (OnClassCondition)
      - found 'session' scope (OnWebApplicationCondition)
      - @ConditionalOnBooleanProperty (spring.servlet.multipart.enabled=true) matched (OnPropertyCondition)

   MultipartAutoConfiguration#multipartConfigElement matched:
      - @ConditionalOnMissingBean (types: jakarta.servlet.MultipartConfigElement; SearchStrategy: all) did not find any beans (OnBeanCondition)

   MultipartAutoConfiguration#multipartResolver matched:
      - @ConditionalOnMissingBean (types: org.springframework.web.multipart.MultipartResolver; SearchStrategy: all) did not find any beans (OnBeanCondition)

   NamedParameterJdbcTemplateConfiguration matched:
      - @ConditionalOnSingleCandidate (types: org.springframework.jdbc.core.JdbcTemplate; SearchStrategy: all) found a single bean 'jdbcTemplate'; @ConditionalOnMissingBean (types: org.springframework.jdbc.core.namedparam.NamedParameterJdbcOperations; SearchStrategy: all) did not find any beans (OnBeanCondition)

   ObservationAutoConfiguration matched:
      - @ConditionalOnClass found required class 'io.micrometer.observation.ObservationRegistry' (OnClassCondition)

   ObservationAutoConfiguration#observationRegistry matched:
      - @ConditionalOnMissingBean (types: io.micrometer.observation.ObservationRegistry; SearchStrategy: all) did not find any beans (OnBeanCondition)

   ObservationAutoConfiguration#spelValueExpressionResolver matched:
      - @ConditionalOnMissingBean (types: io.micrometer.common.annotation.ValueExpressionResolver; SearchStrategy: all) did not find any beans (OnBeanCondition)

   PersistenceExceptionTranslationAutoConfiguration matched:
      - @ConditionalOnClass found required class 'org.springframework.dao.annotation.PersistenceExceptionTranslationPostProcessor' (OnClassCondition)

   PersistenceExceptionTranslationAutoConfiguration#persistenceExceptionTranslationPostProcessor matched:
      - @ConditionalOnBooleanProperty (spring.persistence.exceptiontranslation.enabled=true) matched (OnPropertyCondition)
      - @ConditionalOnMissingBean (types: org.springframework.dao.annotation.PersistenceExceptionTranslationPostProcessor; SearchStrategy: all) did not find any beans (OnBeanCondition)

   PropertyPlaceholderAutoConfiguration#propertySourcesPlaceholderConfigurer matched:
      - @ConditionalOnMissingBean (types: org.springframework.context.support.PropertySourcesPlaceholderConfigurer; SearchStrategy: current) did not find any beans (OnBeanCondition)

   ScheduledTasksObservationAutoConfiguration matched:
      - @ConditionalOnClass found required class 'org.springframework.scheduling.concurrent.ThreadPoolTaskScheduler' (OnClassCondition)
      - @ConditionalOnBean (types: io.micrometer.observation.ObservationRegistry; SearchStrategy: all) found bean 'observationRegistry' (OnBeanCondition)

   SecurityAutoConfiguration matched:
      - @ConditionalOnClass found required class 'org.springframework.security.authentication.DefaultAuthenticationEventPublisher' (OnClassCondition)

   SecurityAutoConfiguration#authenticationEventPublisher matched:
      - @ConditionalOnMissingBean (types: org.springframework.security.authentication.AuthenticationEventPublisher; SearchStrategy: all) did not find any beans (OnBeanCondition)

   SecurityFilterAutoConfiguration matched:
      - @ConditionalOnClass found required classes 'org.springframework.security.web.context.AbstractSecurityWebApplicationInitializer', 'org.springframework.security.config.http.SessionCreationPolicy' (OnClassCondition)
      - found 'session' scope (OnWebApplicationCondition)

   SecurityFilterAutoConfiguration#securityFilterChainRegistration matched:
      - @ConditionalOnBean (names: springSecurityFilterChain; SearchStrategy: all) found bean 'springSecurityFilterChain' (OnBeanCondition)

   SecurityRequestMatchersManagementContextConfiguration matched:
      - @ConditionalOnClass found required class 'org.springframework.security.web.util.matcher.RequestMatcher' (OnClassCondition)
      - found 'session' scope (OnWebApplicationCondition)

   SecurityRequestMatchersManagementContextConfiguration.MvcRequestMatcherConfiguration matched:
      - @ConditionalOnClass found required class 'org.springframework.web.servlet.DispatcherServlet' (OnClassCondition)
      - @ConditionalOnBean (types: org.springframework.boot.webmvc.autoconfigure.DispatcherServletPath; SearchStrategy: all) found bean 'dispatcherServletRegistration' (OnBeanCondition)

   SecurityRequestMatchersManagementContextConfiguration.MvcRequestMatcherConfiguration#requestMatcherProvider matched:
      - @ConditionalOnMissingBean (types: org.springframework.boot.security.autoconfigure.actuate.web.servlet.RequestMatcherProvider; SearchStrategy: all) did not find any beans (OnBeanCondition)

   ServletEndpointManagementContextConfiguration matched:
      - found 'session' scope (OnWebApplicationCondition)

   ServletManagementContextAutoConfiguration matched:
      - @ConditionalOnClass found required classes 'jakarta.servlet.Servlet', 'org.springframework.boot.actuate.autoconfigure.endpoint.web.WebEndpointProperties' (OnClassCondition)
      - found 'session' scope (OnWebApplicationCondition)

   ServletWebSecurityAutoConfiguration matched:
      - @ConditionalOnClass found required class 'org.springframework.security.config.annotation.web.configuration.EnableWebSecurity' (OnClassCondition)
      - found 'session' scope (OnWebApplicationCondition)

   ServletWebSecurityAutoConfiguration.PathPatternRequestMatcherBuilderConfiguration matched:
      - @ConditionalOnClass found required class 'org.springframework.boot.webmvc.autoconfigure.DispatcherServletPath' (OnClassCondition)
      - @ConditionalOnBean (types: org.springframework.boot.webmvc.autoconfigure.DispatcherServletPath; SearchStrategy: all) found bean 'dispatcherServletRegistration' (OnBeanCondition)

   ServletWebSecurityAutoConfiguration.PathPatternRequestMatcherBuilderConfiguration#pathPatternRequestMatcherBuilder matched:
      - @ConditionalOnMissingBean (types: org.springframework.security.web.servlet.util.matcher.PathPatternRequestMatcher$Builder; SearchStrategy: all) did not find any beans (OnBeanCondition)

   SimpleMetricsExportAutoConfiguration matched:
      - @ConditionalOnEnabledMetricsExport management.defaults.metrics.export.enabled is considered true (OnMetricsExportEnabledCondition)
      - @ConditionalOnBean (types: io.micrometer.core.instrument.Clock; SearchStrategy: all) found bean 'micrometerClock'; @ConditionalOnMissingBean (types: io.micrometer.core.instrument.MeterRegistry; SearchStrategy: all) did not find any beans (OnBeanCondition)

   SimpleMetricsExportAutoConfiguration#simpleConfig matched:
      - @ConditionalOnMissingBean (types: io.micrometer.core.instrument.simple.SimpleConfig; SearchStrategy: all) did not find any beans (OnBeanCondition)

   SpringDocConfigProperties matched:
      - @ConditionalOnProperty (springdoc.api-docs.enabled) matched (OnPropertyCondition)
      - @ConditionalOnBean (types: org.springdoc.core.configuration.SpringDocConfiguration; SearchStrategy: all) found bean 'org.springdoc.core.configuration.SpringDocConfiguration' (OnBeanCondition)

   SpringDocConfiguration matched:
      - @ConditionalOnWebApplication (required) found 'session' scope (OnWebApplicationCondition)
      - @ConditionalOnProperty (springdoc.api-docs.enabled) matched (OnPropertyCondition)

   SpringDocConfiguration#fileSupportConverter matched:
      - @ConditionalOnMissingBean (types: org.springdoc.core.converters.FileSupportConverter; SearchStrategy: all) did not find any beans (OnBeanCondition)

   SpringDocConfiguration#globalOpenApiCustomizer matched:
      - @ConditionalOnMissingBean (names: globalOpenApiCustomizer; SearchStrategy: all) did not find any beans (OnBeanCondition)

   SpringDocConfiguration#initExtraSchemas matched:
      - @ConditionalOnProperty (springdoc.enable-extra-schemas) matched (OnPropertyCondition)

   SpringDocConfiguration#methodParameterPojoExtractor matched:
      - @ConditionalOnMissingBean (types: org.springdoc.core.extractor.MethodParameterPojoExtractor; SearchStrategy: all) did not find any beans (OnBeanCondition)

   SpringDocConfiguration#openAPIBuilder matched:
      - @ConditionalOnMissingBean (types: org.springdoc.core.service.OpenAPIService; SearchStrategy: all) did not find any beans (OnBeanCondition)

   SpringDocConfiguration#operationBuilder matched:
      - @ConditionalOnMissingBean (types: org.springdoc.core.service.OperationService; SearchStrategy: all) did not find any beans (OnBeanCondition)

   SpringDocConfiguration#parameterBuilder matched:
      - @ConditionalOnMissingBean (types: org.springdoc.core.service.GenericParameterService; SearchStrategy: all) did not find any beans (OnBeanCondition)

   SpringDocConfiguration#parameterObjectNamingStrategyCustomizer matched:
      - @ConditionalOnMissingBean (types: org.springdoc.core.customizers.ParameterObjectNamingStrategyCustomizer; SearchStrategy: all) did not find any beans (OnBeanCondition)

   SpringDocConfiguration#polymorphicModelConverter matched:
      - @ConditionalOnProperty (springdoc.model-converters.polymorphic-converter.enabled) matched (OnPropertyCondition)
      - @ConditionalOnMissingBean (types: org.springdoc.core.converters.PolymorphicModelConverter; SearchStrategy: all) did not find any beans (OnBeanCondition)

   SpringDocConfiguration#requestBodyBuilder matched:
      - @ConditionalOnMissingBean (types: org.springdoc.core.service.RequestBodyService; SearchStrategy: all) did not find any beans (OnBeanCondition)

   SpringDocConfiguration#responseSupportConverter matched:
      - @ConditionalOnMissingBean (types: org.springdoc.core.converters.ResponseSupportConverter; SearchStrategy: all) did not find any beans (OnBeanCondition)

   SpringDocConfiguration#schemaPropertyDeprecatingConverter matched:
      - @ConditionalOnProperty (springdoc.model-converters.deprecating-converter.enabled) matched (OnPropertyCondition)
      - @ConditionalOnMissingBean (types: org.springdoc.core.converters.SchemaPropertyDeprecatingConverter; SearchStrategy: all) did not find any beans (OnBeanCondition)

   SpringDocConfiguration#schemaUtils matched:
      - @ConditionalOnMissingBean (types: org.springdoc.core.utils.SchemaUtils; SearchStrategy: all) did not find any beans (OnBeanCondition)

   SpringDocConfiguration#securityParser matched:
      - @ConditionalOnMissingBean (types: org.springdoc.core.service.SecurityService; SearchStrategy: all) did not find any beans (OnBeanCondition)

   SpringDocConfiguration#springDocCustomizers matched:
      - @ConditionalOnMissingBean (types: org.springdoc.core.customizers.SpringDocCustomizers; SearchStrategy: all) did not find any beans (OnBeanCondition)

   SpringDocConfiguration#springDocProviders matched:
      - @ConditionalOnMissingBean (types: org.springdoc.core.providers.SpringDocProviders; SearchStrategy: all) did not find any beans (OnBeanCondition)

   SpringDocConfiguration#springdocObjectMapperProvider matched:
      - @ConditionalOnMissingBean (types: org.springdoc.core.providers.ObjectMapperProvider; SearchStrategy: all) did not find any beans (OnBeanCondition)

   SpringDocConfiguration.QuerydslProvider matched:
      - @ConditionalOnClass found required class 'org.springframework.data.querydsl.binding.QuerydslBindingsFactory' (OnClassCondition)

   SpringDocConfiguration.QuerydslProvider#queryDslQuerydslPredicateOperationCustomizer matched:
      - @ConditionalOnMissingBean (types: org.springdoc.core.customizers.QuerydslPredicateOperationCustomizer; SearchStrategy: all) did not find any beans (OnBeanCondition)

   SpringDocConfiguration.WebConversionServiceConfiguration matched:
      - @ConditionalOnClass found required class 'org.springframework.boot.autoconfigure.web.format.WebConversionService' (OnClassCondition)

   SpringDocPageableConfiguration matched:
      - @ConditionalOnClass found required class 'org.springframework.data.domain.Pageable' (OnClassCondition)
      - @ConditionalOnWebApplication (required) found 'session' scope (OnWebApplicationCondition)
      - @ConditionalOnProperty (springdoc.api-docs.enabled) matched (OnPropertyCondition)
      - @ConditionalOnBean (types: org.springdoc.core.configuration.SpringDocConfiguration; SearchStrategy: all) found bean 'org.springdoc.core.configuration.SpringDocConfiguration' (OnBeanCondition)

   SpringDocPageableConfiguration#dataRestDelegatingMethodParameterCustomizer matched:
      - @ConditionalOnMissingBean (types: org.springdoc.core.customizers.DataRestDelegatingMethodParameterCustomizer; SearchStrategy: all) did not find any beans (OnBeanCondition)

   SpringDocPageableConfiguration#pageOpenAPIConverter matched:
      - @ConditionalOnClass found required classes 'org.springframework.data.web.PagedModel', 'org.springframework.data.web.config.SpringDataWebSettings' (OnClassCondition)
      - @ConditionalOnMissingBean (types: org.springdoc.core.converters.PageOpenAPIConverter; SearchStrategy: all) did not find any beans (OnBeanCondition)

   SpringDocPageableConfiguration#pageableOpenAPIConverter matched:
      - @ConditionalOnProperty (springdoc.model-converters.pageable-converter.enabled) matched (OnPropertyCondition)
      - @ConditionalOnMissingBean (types: org.springdoc.core.converters.PageableOpenAPIConverter; SearchStrategy: all) did not find any beans (OnBeanCondition)

   SpringDocSecurityConfiguration matched:
      - @ConditionalOnClass found required class 'org.springframework.security.web.SecurityFilterChain' (OnClassCondition)
      - @ConditionalOnWebApplication (required) found 'session' scope (OnWebApplicationCondition)
      - @ConditionalOnExpression (#{${springdoc.api-docs.enabled:true} and ${springdoc.enable-spring-security:true}}) resulted in true (OnExpressionCondition)
      - @ConditionalOnBean (types: org.springdoc.core.configuration.SpringDocConfiguration; SearchStrategy: all) found bean 'org.springdoc.core.configuration.SpringDocConfiguration' (OnBeanCondition)

   SpringDocSecurityConfiguration.SpringSecurityLoginEndpointConfiguration matched:
      - @ConditionalOnClass found required class 'jakarta.servlet.Filter' (OnClassCondition)

   SpringDocSortConfiguration matched:
      - @ConditionalOnClass found required class 'org.springframework.data.domain.Sort' (OnClassCondition)
      - @ConditionalOnWebApplication (required) found 'session' scope (OnWebApplicationCondition)
      - @ConditionalOnProperty (springdoc.api-docs.enabled) matched (OnPropertyCondition)
      - @ConditionalOnBean (types: org.springdoc.core.configuration.SpringDocConfiguration; SearchStrategy: all) found bean 'org.springdoc.core.configuration.SpringDocConfiguration' (OnBeanCondition)

   SpringDocSortConfiguration#sortOpenAPIConverter matched:
      - @ConditionalOnProperty (springdoc.sort-converter.enabled) matched (OnPropertyCondition)
      - @ConditionalOnMissingBean (types: org.springdoc.core.converters.SortOpenAPIConverter; SearchStrategy: all) did not find any beans (OnBeanCondition)

   SpringDocWebMvcConfiguration matched:
      - found 'session' scope (OnWebApplicationCondition)
      - @ConditionalOnProperty (springdoc.api-docs.enabled) matched (OnPropertyCondition)
      - @ConditionalOnBean (types: org.springdoc.core.configuration.SpringDocConfiguration; SearchStrategy: all) found bean 'org.springdoc.core.configuration.SpringDocConfiguration' (OnBeanCondition)

   SpringDocWebMvcConfiguration#openApiResource matched:
      - @ConditionalOnExpression (#{(${springdoc.use-management-port:false} == false ) and ${springdoc.enable-default-api-docs:true}}) resulted in true (OnExpressionCondition)
      - @ConditionalOnMissingBean (types: org.springdoc.webmvc.api.OpenApiWebMvcResource; SearchStrategy: all) did not find any beans (OnBeanCondition)

   SpringDocWebMvcConfiguration#requestBuilder matched:
      - @ConditionalOnMissingBean (types: org.springdoc.webmvc.core.service.RequestService; SearchStrategy: all) did not find any beans (OnBeanCondition)

   SpringDocWebMvcConfiguration#responseBuilder matched:
      - @ConditionalOnMissingBean (types: org.springdoc.core.service.GenericResponseService; SearchStrategy: all) did not find any beans (OnBeanCondition)

   SpringDocWebMvcConfiguration#springWebProvider matched:
      - @ConditionalOnMissingBean (types: org.springdoc.core.providers.SpringWebProvider; SearchStrategy: all) did not find any beans (OnBeanCondition)

   SpringDocWebMvcConfiguration.SpringDocWebMvcRouterConfiguration matched:
      - @ConditionalOnClass found required class 'org.springframework.web.servlet.function.RouterFunction' (OnClassCondition)

   SpringDocWebMvcConfiguration.SpringDocWebMvcRouterConfiguration#routerFunctionProvider matched:
      - @ConditionalOnMissingBean (types: org.springdoc.webmvc.core.providers.RouterFunctionWebMvcProvider; SearchStrategy: all) did not find any beans (OnBeanCondition)

   SslAutoConfiguration#sslBundleRegistry matched:
      - @ConditionalOnMissingBean (types: org.springframework.boot.ssl.SslBundleRegistry,org.springframework.boot.ssl.SslBundles; SearchStrategy: all) did not find any beans (OnBeanCondition)

   SslHealthContributorAutoConfiguration matched:
      - @ConditionalOnClass found required class 'org.springframework.boot.health.contributor.Health' (OnClassCondition)
      - @ConditionalOnEnabledHealthIndicator management.health.defaults.enabled is considered true (OnEnabledHealthIndicatorCondition)

   SslHealthContributorAutoConfiguration#sslHealthIndicator matched:
      - @ConditionalOnMissingBean (names: sslHealthIndicator; SearchStrategy: all) did not find any beans (OnBeanCondition)

   SslHealthContributorAutoConfiguration#sslInfo matched:
      - @ConditionalOnMissingBean (types: org.springframework.boot.info.SslInfo; SearchStrategy: all) did not find any beans (OnBeanCondition)

   SslMetricsAutoConfiguration matched:
      - @ConditionalOnClass found required class 'io.micrometer.core.instrument.MeterRegistry' (OnClassCondition)
      - @ConditionalOnBean (types: io.micrometer.core.instrument.MeterRegistry,org.springframework.boot.ssl.SslBundles; SearchStrategy: all) found beans 'sslBundleRegistry', 'simpleMeterRegistry' (OnBeanCondition)

   StartupTimeMetricsListenerAutoConfiguration matched:
      - @ConditionalOnClass found required class 'io.micrometer.core.instrument.MeterRegistry' (OnClassCondition)
      - @ConditionalOnBean (types: io.micrometer.core.instrument.MeterRegistry; SearchStrategy: all) found bean 'simpleMeterRegistry' (OnBeanCondition)

   StartupTimeMetricsListenerAutoConfiguration#startupTimeMetrics matched:
      - @ConditionalOnMissingBean (types: org.springframework.boot.micrometer.metrics.startup.StartupTimeMetricsListener; SearchStrategy: all) did not find any beans (OnBeanCondition)

   SwaggerConfig matched:
      - found 'session' scope (OnWebApplicationCondition)
      - @ConditionalOnProperty (springdoc.swagger-ui.enabled) matched (OnPropertyCondition)
      - @ConditionalOnBean (types: org.springdoc.core.configuration.SpringDocConfiguration; SearchStrategy: all) found bean 'org.springdoc.core.configuration.SpringDocConfiguration' (OnBeanCondition)

   SwaggerConfig#indexPageTransformer matched:
      - @ConditionalOnMissingBean (types: org.springdoc.webmvc.ui.SwaggerIndexTransformer; SearchStrategy: all) did not find any beans (OnBeanCondition)

   SwaggerConfig#swaggerConfigResource matched:
      - @ConditionalOnProperty (springdoc.use-management-port=false) matched (OnPropertyCondition)
      - @ConditionalOnMissingBean (types: org.springdoc.webmvc.ui.SwaggerConfigResource; SearchStrategy: all) did not find any beans (OnBeanCondition)

   SwaggerConfig#swaggerResourceResolver matched:
      - @ConditionalOnMissingBean (types: org.springdoc.webmvc.ui.SwaggerResourceResolver; SearchStrategy: all) did not find any beans (OnBeanCondition)

   SwaggerConfig#swaggerWebMvcConfigurer matched:
      - @ConditionalOnMissingBean (types: org.springdoc.webmvc.ui.SwaggerWebMvcConfigurer; SearchStrategy: all) did not find any beans (OnBeanCondition)

   SwaggerConfig#swaggerWelcome matched:
      - @ConditionalOnProperty (springdoc.use-management-port=false) matched (OnPropertyCondition)
      - @ConditionalOnMissingBean (types: org.springdoc.webmvc.ui.SwaggerWelcomeWebMvc; SearchStrategy: all) did not find any beans (OnBeanCondition)

   SwaggerUiConfigProperties matched:
      - @ConditionalOnProperty (springdoc.swagger-ui.enabled) matched (OnPropertyCondition)
      - @ConditionalOnBean (types: org.springdoc.core.configuration.SpringDocConfiguration; SearchStrategy: all) found bean 'org.springdoc.core.configuration.SpringDocConfiguration' (OnBeanCondition)

   SwaggerUiOAuthProperties matched:
      - @ConditionalOnProperty (springdoc.swagger-ui.enabled) matched (OnPropertyCondition)
      - @ConditionalOnBean (types: org.springdoc.core.configuration.SpringDocConfiguration; SearchStrategy: all) found bean 'org.springdoc.core.configuration.SpringDocConfiguration' (OnBeanCondition)

   SystemMetricsAutoConfiguration matched:
      - @ConditionalOnClass found required class 'io.micrometer.core.instrument.MeterRegistry' (OnClassCondition)
      - @ConditionalOnBean (types: io.micrometer.core.instrument.MeterRegistry; SearchStrategy: all) found bean 'simpleMeterRegistry' (OnBeanCondition)

   SystemMetricsAutoConfiguration#diskSpaceMetrics matched:
      - @ConditionalOnMissingBean (types: org.springframework.boot.micrometer.metrics.system.DiskSpaceMetricsBinder; SearchStrategy: all) did not find any beans (OnBeanCondition)

   SystemMetricsAutoConfiguration#fileDescriptorMetrics matched:
      - @ConditionalOnMissingBean (types: io.micrometer.core.instrument.binder.system.FileDescriptorMetrics; SearchStrategy: all) did not find any beans (OnBeanCondition)

   SystemMetricsAutoConfiguration#processorMetrics matched:
      - @ConditionalOnMissingBean (types: io.micrometer.core.instrument.binder.system.ProcessorMetrics; SearchStrategy: all) did not find any beans (OnBeanCondition)

   SystemMetricsAutoConfiguration#uptimeMetrics matched:
      - @ConditionalOnMissingBean (types: io.micrometer.core.instrument.binder.system.UptimeMetrics; SearchStrategy: all) did not find any beans (OnBeanCondition)

   TaskExecutionAutoConfiguration matched:
      - @ConditionalOnClass found required class 'org.springframework.scheduling.concurrent.ThreadPoolTaskExecutor' (OnClassCondition)

   TaskExecutorConfigurations.AsyncConfigurerConfiguration matched:
      - @ConditionalOnMissingBean (types: org.springframework.scheduling.annotation.AsyncConfigurer; SearchStrategy: all) did not find any beans (OnBeanCondition)

   TaskExecutorConfigurations.SimpleAsyncTaskExecutorBuilderConfiguration#simpleAsyncTaskExecutorBuilder matched:
      - @ConditionalOnMissingBean (types: org.springframework.boot.task.SimpleAsyncTaskExecutorBuilder; SearchStrategy: all) did not find any beans (OnBeanCondition)
      - @ConditionalOnThreading found PLATFORM (OnThreadingCondition)

   TaskExecutorConfigurations.TaskExecutorConfiguration matched:
      - AnyNestedCondition 1 matched 1 did not; NestedCondition on TaskExecutorConfigurations.OnExecutorCondition.ModelCondition @ConditionalOnProperty (spring.task.execution.mode=force) did not find property 'spring.task.execution.mode'; NestedCondition on TaskExecutorConfigurations.OnExecutorCondition.ExecutorBeanCondition @ConditionalOnMissingBean (types: java.util.concurrent.Executor; SearchStrategy: all) did not find any beans (TaskExecutorConfigurations.OnExecutorCondition)

   TaskExecutorConfigurations.TaskExecutorConfiguration#applicationTaskExecutor matched:
      - @ConditionalOnThreading found PLATFORM (OnThreadingCondition)

   TaskExecutorConfigurations.ThreadPoolTaskExecutorBuilderConfiguration#threadPoolTaskExecutorBuilder matched:
      - @ConditionalOnMissingBean (types: org.springframework.boot.task.ThreadPoolTaskExecutorBuilder; SearchStrategy: all) did not find any beans (OnBeanCondition)

   TaskExecutorMetricsAutoConfiguration matched:
      - @ConditionalOnClass found required class 'io.micrometer.core.instrument.binder.jvm.ExecutorServiceMetrics' (OnClassCondition)
      - @ConditionalOnBean (types: java.util.concurrent.Executor,io.micrometer.core.instrument.MeterRegistry; SearchStrategy: all) found beans 'applicationTaskExecutor', 'simpleMeterRegistry' (OnBeanCondition)

   TaskSchedulingAutoConfiguration matched:
      - @ConditionalOnClass found required class 'org.springframework.scheduling.concurrent.ThreadPoolTaskScheduler' (OnClassCondition)

   TaskSchedulingConfigurations.SimpleAsyncTaskSchedulerBuilderConfiguration#simpleAsyncTaskSchedulerBuilder matched:
      - @ConditionalOnMissingBean (types: org.springframework.boot.task.SimpleAsyncTaskSchedulerBuilder; SearchStrategy: all) did not find any beans (OnBeanCondition)
      - @ConditionalOnThreading found PLATFORM (OnThreadingCondition)

   TaskSchedulingConfigurations.ThreadPoolTaskSchedulerBuilderConfiguration#threadPoolTaskSchedulerBuilder matched:
      - @ConditionalOnMissingBean (types: org.springframework.boot.task.ThreadPoolTaskSchedulerBuilder; SearchStrategy: all) did not find any beans (OnBeanCondition)

   TomcatMetricsAutoConfiguration matched:
      - @ConditionalOnClass found required classes 'io.micrometer.core.instrument.binder.tomcat.TomcatMetrics', 'org.apache.catalina.Manager', 'io.micrometer.core.instrument.MeterRegistry' (OnClassCondition)
      - @ConditionalOnWebApplication (required) found 'session' scope (OnWebApplicationCondition)

   TomcatMetricsAutoConfiguration#tomcatMetricsBinder matched:
      - @ConditionalOnBean (types: io.micrometer.core.instrument.MeterRegistry; SearchStrategy: all) found bean 'simpleMeterRegistry'; @ConditionalOnMissingBean (types: io.micrometer.core.instrument.binder.tomcat.TomcatMetrics,org.springframework.boot.tomcat.metrics.TomcatMetricsBinder; SearchStrategy: all) did not find any beans (OnBeanCondition)

   TomcatServletWebServerAutoConfiguration matched:
      - @ConditionalOnClass found required classes 'jakarta.servlet.ServletRequest', 'org.apache.catalina.startup.Tomcat', 'org.apache.coyote.UpgradeProtocol', 'org.springframework.boot.tomcat.servlet.TomcatServletWebServerFactory' (OnClassCondition)
      - found 'session' scope (OnWebApplicationCondition)

   TomcatServletWebServerAutoConfiguration#tomcatServletWebServerFactory matched:
      - @ConditionalOnMissingBean (types: org.springframework.boot.web.server.servlet.ServletWebServerFactory; SearchStrategy: current) did not find any beans (OnBeanCondition)

   TomcatWebServerConfiguration matched:
      - @ConditionalOnWarDeployment the application is not deployed as a WAR file. (OnWarDeploymentCondition)

   TomcatWebServerConfiguration.TomcatWebSocketConfiguration matched:
      - @ConditionalOnClass found required class 'org.apache.tomcat.websocket.server.WsSci' (OnClassCondition)

   TransactionAutoConfiguration matched:
      - @ConditionalOnClass found required class 'org.springframework.transaction.PlatformTransactionManager' (OnClassCondition)

   TransactionAutoConfiguration.EnableTransactionManagementConfiguration matched:
      - @ConditionalOnBean (types: org.springframework.transaction.TransactionManager; SearchStrategy: all) found bean 'transactionManager'; @ConditionalOnMissingBean (types: org.springframework.transaction.annotation.AbstractTransactionManagementConfiguration; SearchStrategy: all) did not find any beans (OnBeanCondition)

   TransactionAutoConfiguration.EnableTransactionManagementConfiguration.CglibAutoProxyConfiguration matched:
      - @ConditionalOnBooleanProperty (spring.aop.proxy-target-class=true) matched (OnPropertyCondition)

   TransactionAutoConfiguration.TransactionTemplateConfiguration matched:
      - @ConditionalOnSingleCandidate (types: org.springframework.transaction.PlatformTransactionManager; SearchStrategy: all) found a single bean 'transactionManager' (OnBeanCondition)

   TransactionAutoConfiguration.TransactionTemplateConfiguration#transactionTemplate matched:
      - @ConditionalOnMissingBean (types: org.springframework.transaction.support.TransactionOperations; SearchStrategy: all) did not find any beans (OnBeanCondition)

   TransactionManagerCustomizationAutoConfiguration matched:
      - @ConditionalOnClass found required class 'org.springframework.transaction.PlatformTransactionManager' (OnClassCondition)

   TransactionManagerCustomizationAutoConfiguration#platformTransactionManagerCustomizers matched:
      - @ConditionalOnMissingBean (types: org.springframework.boot.transaction.autoconfigure.TransactionManagerCustomizers; SearchStrategy: all) did not find any beans (OnBeanCondition)

   ValidationAutoConfiguration matched:
      - @ConditionalOnClass found required class 'jakarta.validation.executable.ExecutableValidator' (OnClassCondition)
      - @ConditionalOnResource found location classpath:META-INF/services/jakarta.validation.spi.ValidationProvider (OnResourceCondition)

   ValidationAutoConfiguration#defaultValidator matched:
      - @ConditionalOnMissingBean (types: jakarta.validation.Validator; SearchStrategy: all) did not find any beans (OnBeanCondition)

   ValidationAutoConfiguration#methodValidationPostProcessor matched:
      - @ConditionalOnMissingBean (types: org.springframework.validation.beanvalidation.MethodValidationPostProcessor; SearchStrategy: current) did not find any beans (OnBeanCondition)

   WebEndpointAutoConfiguration matched:
      - @ConditionalOnWebApplication (required) found 'session' scope (OnWebApplicationCondition)

   WebEndpointAutoConfiguration#controllerEndpointDiscoverer matched:
      - @ConditionalOnMissingBean (types: org.springframework.boot.actuate.endpoint.web.annotation.ControllerEndpointsSupplier; SearchStrategy: all) did not find any beans (OnBeanCondition)

   WebEndpointAutoConfiguration#endpointMediaTypes matched:
      - @ConditionalOnMissingBean (types: org.springframework.boot.actuate.endpoint.web.EndpointMediaTypes; SearchStrategy: all) did not find any beans (OnBeanCondition)

   WebEndpointAutoConfiguration#pathMappedEndpoints matched:
      - @ConditionalOnMissingBean (types: org.springframework.boot.actuate.endpoint.web.PathMappedEndpoints; SearchStrategy: all) did not find any beans (OnBeanCondition)

   WebEndpointAutoConfiguration#webEndpointDiscoverer matched:
      - @ConditionalOnMissingBean (types: org.springframework.boot.actuate.endpoint.web.WebEndpointsSupplier; SearchStrategy: all) did not find any beans (OnBeanCondition)

   WebEndpointAutoConfiguration.WebEndpointServletConfiguration matched:
      - found 'session' scope (OnWebApplicationCondition)

   WebEndpointAutoConfiguration.WebEndpointServletConfiguration#servletEndpointDiscoverer matched:
      - @ConditionalOnMissingBean (types: org.springframework.boot.actuate.endpoint.web.annotation.ServletEndpointsSupplier; SearchStrategy: all) did not find any beans (OnBeanCondition)

   WebMvcAutoConfiguration matched:
      - @ConditionalOnClass found required classes 'jakarta.servlet.Servlet', 'org.springframework.web.servlet.DispatcherServlet', 'org.springframework.web.servlet.config.annotation.WebMvcConfigurer' (OnClassCondition)
      - found 'session' scope (OnWebApplicationCondition)
      - @ConditionalOnMissingBean (types: org.springframework.web.servlet.config.annotation.WebMvcConfigurationSupport; SearchStrategy: all) did not find any beans (OnBeanCondition)

   WebMvcAutoConfiguration#formContentFilter matched:
      - @ConditionalOnBooleanProperty (spring.mvc.formcontent.filter.enabled=true) matched (OnPropertyCondition)
      - @ConditionalOnMissingBean (types: org.springframework.web.filter.FormContentFilter; SearchStrategy: all) did not find any beans (OnBeanCondition)

   WebMvcAutoConfiguration.EnableWebMvcConfiguration#flashMapManager matched:
      - @ConditionalOnMissingBean (names: flashMapManager; SearchStrategy: all) did not find any beans (OnBeanCondition)

   WebMvcAutoConfiguration.EnableWebMvcConfiguration#localeResolver matched:
      - @ConditionalOnMissingBean (names: localeResolver; SearchStrategy: all) did not find any beans (OnBeanCondition)

   WebMvcAutoConfiguration.EnableWebMvcConfiguration#viewNameTranslator matched:
      - @ConditionalOnMissingBean (names: viewNameTranslator; SearchStrategy: all) did not find any beans (OnBeanCondition)

   WebMvcAutoConfiguration.ResourceChainCustomizerConfiguration matched:
      - @ConditionalOnEnabledResourceChain found class org.webjars.WebJarVersionLocator (OnEnabledResourceChainCondition)

   WebMvcAutoConfiguration.WebMvcAutoConfigurationAdapter#defaultViewResolver matched:
      - @ConditionalOnMissingBean (types: org.springframework.web.servlet.view.InternalResourceViewResolver; SearchStrategy: all) did not find any beans (OnBeanCondition)

   WebMvcAutoConfiguration.WebMvcAutoConfigurationAdapter#requestContextFilter matched:
      - @ConditionalOnMissingBean (types: org.springframework.web.context.request.RequestContextListener,org.springframework.web.filter.RequestContextFilter; SearchStrategy: all) did not find any beans (OnBeanCondition)

   WebMvcAutoConfiguration.WebMvcAutoConfigurationAdapter#viewResolver matched:
      - @ConditionalOnBean (types: org.springframework.web.servlet.ViewResolver; SearchStrategy: all) found beans 'defaultViewResolver', 'beanNameViewResolver', 'mvcViewResolver'; @ConditionalOnMissingBean (names: viewResolver types: org.springframework.web.servlet.view.ContentNegotiatingViewResolver; SearchStrategy: all) did not find any beans (OnBeanCondition)

   WebMvcEndpointManagementContextConfiguration matched:
      - found 'session' scope (OnWebApplicationCondition)
      - @ConditionalOnBean (types: org.springframework.web.servlet.DispatcherServlet,org.springframework.boot.actuate.endpoint.web.WebEndpointsSupplier; SearchStrategy: all) found beans 'webEndpointDiscoverer', 'dispatcherServlet' (OnBeanCondition)

   WebMvcEndpointManagementContextConfiguration#controllerEndpointHandlerMapping matched:
      - @ConditionalOnMissingBean (types: org.springframework.boot.webmvc.actuate.endpoint.web.ControllerEndpointHandlerMapping; SearchStrategy: all) did not find any beans (OnBeanCondition)

   WebMvcEndpointManagementContextConfiguration#endpointJackson2ObjectMapperWebMvcConfigurer matched:
      - @ConditionalOnBean (types: org.springframework.boot.actuate.endpoint.jackson.EndpointJackson2ObjectMapper; SearchStrategy: all) found bean 'jackson2EndpointJsonMapper' (OnBeanCondition)

   WebMvcEndpointManagementContextConfiguration#endpointJsonMapperWebMvcConfigurer matched:
      - @ConditionalOnBean (types: org.springframework.boot.actuate.endpoint.jackson.EndpointJsonMapper; SearchStrategy: all) found bean 'endpointJsonMapper' (OnBeanCondition)

   WebMvcEndpointManagementContextConfiguration#webEndpointServletHandlerMapping matched:
      - @ConditionalOnMissingBean (types: org.springframework.boot.webmvc.actuate.endpoint.web.WebMvcEndpointHandlerMapping; SearchStrategy: all) did not find any beans (OnBeanCondition)

   WebMvcEndpointManagementContextConfiguration.HealthConfiguration matched:
      - @ConditionalOnClass found required class 'org.springframework.boot.health.actuate.endpoint.HealthEndpoint' (OnClassCondition)

   WebMvcHealthEndpointExtensionAutoConfiguration matched:
      - @ConditionalOnClass found required class 'org.springframework.boot.health.actuate.endpoint.HealthEndpoint' (OnClassCondition)
      - found 'session' scope (OnWebApplicationCondition)
      - @ConditionalOnAvailableEndpoint marked as exposed by a 'management.endpoints.web.exposure' property (OnAvailableEndpointCondition)
      - @ConditionalOnBean (types: org.springframework.boot.health.actuate.endpoint.HealthEndpoint,org.springframework.boot.actuate.endpoint.web.WebEndpointsSupplier,org.springframework.boot.health.actuate.endpoint.HealthEndpointGroups; SearchStrategy: all) found beans 'webEndpointDiscoverer', 'healthEndpoint', 'healthEndpointGroups' (OnBeanCondition)

   WebMvcObservationAutoConfiguration matched:
      - @ConditionalOnClass found required classes 'org.springframework.web.servlet.DispatcherServlet', 'io.micrometer.observation.Observation', 'org.springframework.boot.micrometer.observation.autoconfigure.ObservationProperties' (OnClassCondition)
      - found 'session' scope (OnWebApplicationCondition)
      - @ConditionalOnBean (types: io.micrometer.observation.ObservationRegistry; SearchStrategy: all) found bean 'observationRegistry' (OnBeanCondition)

   WebMvcObservationAutoConfiguration#webMvcObservationFilter matched:
      - @ConditionalOnMissingBean (types: org.springframework.web.filter.ServerHttpObservationFilter; SearchStrategy: all) did not find any beans (OnBeanCondition)

   WebMvcObservationAutoConfiguration.MeterFilterConfiguration matched:
      - @ConditionalOnClass found required classes 'io.micrometer.core.instrument.MeterRegistry', 'org.springframework.boot.micrometer.metrics.autoconfigure.MetricsProperties' (OnClassCondition)
      - @ConditionalOnBean (types: io.micrometer.core.instrument.MeterRegistry; SearchStrategy: all) found bean 'simpleMeterRegistry' (OnBeanCondition)


Negative matches:
-----------------

   AopAutoConfiguration.AspectJAutoProxyingConfiguration.JdkDynamicAutoProxyConfiguration:
      Did not match:
         - @ConditionalOnBooleanProperty (spring.aop.proxy-target-class=false) did not find property 'spring.aop.proxy-target-class' (OnPropertyCondition)

   AopAutoConfiguration.ClassProxyingConfiguration:
      Did not match:
         - @ConditionalOnMissingClass found unwanted class 'org.aspectj.weaver.Advice' (OnClassCondition)

   AppOpticsMetricsExportAutoConfiguration:
      Did not match:
         - @ConditionalOnClass did not find required class 'io.micrometer.appoptics.AppOpticsMeterRegistry' (OnClassCondition)

   AtlasMetricsExportAutoConfiguration:
      Did not match:
         - @ConditionalOnClass did not find required class 'io.micrometer.atlas.AtlasMeterRegistry' (OnClassCondition)

   AuditAutoConfiguration:
      Did not match:
         - @ConditionalOnBean (types: org.springframework.boot.actuate.audit.AuditEventRepository; SearchStrategy: all) did not find any beans of type org.springframework.boot.actuate.audit.AuditEventRepository (OnBeanCondition)
      Matched:
         - @ConditionalOnBooleanProperty (management.auditevents.enabled=true) matched (OnPropertyCondition)

   AuditEventsEndpointAutoConfiguration:
      Did not match:
         - @ConditionalOnAvailableEndpoint not exposed (OnAvailableEndpointCondition)

   AvailabilityHealthContributorAutoConfiguration#livenessStateHealthIndicator:
      Did not match:
         - @ConditionalOnBooleanProperty (management.health.livenessstate.enabled=true) did not find property 'management.health.livenessstate.enabled' (OnPropertyCondition)

   AvailabilityHealthContributorAutoConfiguration#readinessStateHealthIndicator:
      Did not match:
         - @ConditionalOnBooleanProperty (management.health.readinessstate.enabled=true) did not find property 'management.health.readinessstate.enabled' (OnPropertyCondition)

   BeansEndpointAutoConfiguration:
      Did not match:
         - @ConditionalOnAvailableEndpoint not exposed (OnAvailableEndpointCondition)

   CompositeMeterRegistryConfiguration:
      Did not match:
         - NoneNestedConditions 1 matched 1 did not; NestedCondition on CompositeMeterRegistryConfiguration.MultipleNonPrimaryMeterRegistriesCondition.SingleInjectableMeterRegistry @ConditionalOnSingleCandidate (types: io.micrometer.core.instrument.MeterRegistry; SearchStrategy: all) found a single bean 'simpleMeterRegistry'; NestedCondition on CompositeMeterRegistryConfiguration.MultipleNonPrimaryMeterRegistriesCondition.NoMeterRegistryCondition @ConditionalOnMissingBean (types: io.micrometer.core.instrument.MeterRegistry; SearchStrategy: all) found beans of type 'io.micrometer.core.instrument.MeterRegistry' simpleMeterRegistry (CompositeMeterRegistryConfiguration.MultipleNonPrimaryMeterRegistriesCondition)

   ConditionsReportEndpointAutoConfiguration:
      Did not match:
         - @ConditionalOnAvailableEndpoint not exposed (OnAvailableEndpointCondition)

   ConfigurationPropertiesReportEndpointAutoConfiguration:
      Did not match:
         - @ConditionalOnAvailableEndpoint not exposed (OnAvailableEndpointCondition)

   DataJpaRepositoriesAutoConfiguration#entityManagerFactoryBootstrapExecutorCustomizer:
      Did not match:
         - AnyNestedCondition 0 matched 2 did not; NestedCondition on DataJpaRepositoriesAutoConfiguration.BootstrapExecutorCondition.LazyBootstrapMode @ConditionalOnProperty (spring.data.jpa.repositories.bootstrap-mode=lazy) did not find property 'spring.data.jpa.repositories.bootstrap-mode'; NestedCondition on DataJpaRepositoriesAutoConfiguration.BootstrapExecutorCondition.DeferredBootstrapMode @ConditionalOnProperty (spring.data.jpa.repositories.bootstrap-mode=deferred) did not find property 'spring.data.jpa.repositories.bootstrap-mode' (DataJpaRepositoriesAutoConfiguration.BootstrapExecutorCondition)

   DataSourceAutoConfiguration.EmbeddedDatabaseConfiguration:
      Did not match:
         - EmbeddedDataSource spring.datasource.url is set (DataSourceAutoConfiguration.EmbeddedDatabaseCondition)

   DataSourceCheckpointRestoreConfiguration:
      Did not match:
         - @ConditionalOnClass did not find required class 'org.crac.Resource' (OnClassCondition)

   DataSourceConfiguration.Dbcp2:
      Did not match:
         - @ConditionalOnClass did not find required class 'org.apache.commons.dbcp2.BasicDataSource' (OnClassCondition)

   DataSourceConfiguration.Generic:
      Did not match:
         - @ConditionalOnProperty (spring.datasource.type) did not find property 'spring.datasource.type' (OnPropertyCondition)

   DataSourceConfiguration.OracleUcp:
      Did not match:
         - @ConditionalOnClass did not find required classes 'oracle.ucp.jdbc.PoolDataSourceImpl', 'oracle.jdbc.OracleConnection' (OnClassCondition)

   DataSourceConfiguration.Tomcat:
      Did not match:
         - @ConditionalOnClass did not find required class 'org.apache.tomcat.jdbc.pool.DataSource' (OnClassCondition)

   DataSourceJmxConfiguration:
      Did not match:
         - @ConditionalOnBooleanProperty (spring.jmx.enabled=true) did not find property 'spring.jmx.enabled' (OnPropertyCondition)

   DataSourcePoolMetadataProvidersConfiguration.CommonsDbcp2PoolDataSourceMetadataProviderConfiguration:
      Did not match:
         - @ConditionalOnClass did not find required class 'org.apache.commons.dbcp2.BasicDataSource' (OnClassCondition)

   DataSourcePoolMetadataProvidersConfiguration.OracleUcpPoolDataSourceMetadataProviderConfiguration:
      Did not match:
         - @ConditionalOnClass did not find required classes 'oracle.ucp.jdbc.PoolDataSource', 'oracle.jdbc.OracleConnection' (OnClassCondition)

   DataSourcePoolMetadataProvidersConfiguration.TomcatDataSourcePoolMetadataProviderConfiguration:
      Did not match:
         - @ConditionalOnClass did not find required class 'org.apache.tomcat.jdbc.pool.DataSource' (OnClassCondition)

   DataSourceTransactionManagerAutoConfiguration.JdbcTransactionManagerConfiguration#transactionManager:
      Did not match:
         - @ConditionalOnMissingBean (types: org.springframework.transaction.TransactionManager; SearchStrategy: all) found beans of type 'org.springframework.transaction.TransactionManager' transactionManager (OnBeanCondition)

   DatadogMetricsExportAutoConfiguration:
      Did not match:
         - @ConditionalOnClass did not find required class 'io.micrometer.datadog.DatadogMeterRegistry' (OnClassCondition)

   DispatcherServletAutoConfiguration.DispatcherServletConfiguration#multipartResolver:
      Did not match:
         - @ConditionalOnBean (types: org.springframework.web.multipart.MultipartResolver; SearchStrategy: all) did not find any beans of type org.springframework.web.multipart.MultipartResolver (OnBeanCondition)

   DynatraceMetricsExportAutoConfiguration:
      Did not match:
         - @ConditionalOnClass did not find required class 'io.micrometer.dynatrace.DynatraceMeterRegistry' (OnClassCondition)

   ElasticMetricsExportAutoConfiguration:
      Did not match:
         - @ConditionalOnClass did not find required class 'io.micrometer.elastic.ElasticMeterRegistry' (OnClassCondition)

   EnvironmentEndpointAutoConfiguration:
      Did not match:
         - @ConditionalOnAvailableEndpoint not exposed (OnAvailableEndpointCondition)

   FlywayAutoConfiguration.FlywayConfiguration.OracleConfiguration:
      Did not match:
         - @ConditionalOnClass did not find required class 'org.flywaydb.database.oracle.OracleConfigurationExtension' (OnClassCondition)

   FlywayAutoConfiguration.FlywayConfiguration.SqlServerConfiguration:
      Did not match:
         - @ConditionalOnClass did not find required class 'org.flywaydb.database.sqlserver.SQLServerConfigurationExtension' (OnClassCondition)

   FlywayEndpointAutoConfiguration:
      Did not match:
         - @ConditionalOnAvailableEndpoint not exposed (OnAvailableEndpointCondition)
      Matched:
         - @ConditionalOnClass found required classes 'org.flywaydb.core.Flyway', 'org.springframework.boot.actuate.autoconfigure.endpoint.condition.ConditionalOnAvailableEndpoint' (OnClassCondition)

   GangliaMetricsExportAutoConfiguration:
      Did not match:
         - @ConditionalOnClass did not find required class 'io.micrometer.ganglia.GangliaMeterRegistry' (OnClassCondition)

   GraphiteMetricsExportAutoConfiguration:
      Did not match:
         - @ConditionalOnClass did not find required class 'io.micrometer.graphite.GraphiteMeterRegistry' (OnClassCondition)

   GsonHttpMessageConvertersConfiguration:
      Did not match:
         - @ConditionalOnClass did not find required class 'com.google.gson.Gson' (OnClassCondition)

   HealthContributorRegistryAutoConfiguration.ReactiveHealthContributorRegistryConfiguration:
      Did not match:
         - @ConditionalOnClass did not find required class 'reactor.core.publisher.Flux' (OnClassCondition)

   HealthEndpointReactiveWebExtensionConfiguration:
      Did not match:
         - did not find reactive web application classes (OnWebApplicationCondition)

   HeapDumpWebEndpointAutoConfiguration:
      Did not match:
         - @ConditionalOnAvailableEndpoint the configured access for endpoint 'heapdump' is NONE (OnAvailableEndpointCondition)

   HibernateMetricsAutoConfiguration:
      Did not match:
         - @ConditionalOnClass did not find required class 'org.hibernate.stat.HibernateMetrics' (OnClassCondition)

   HttpExchangesEndpointAutoConfiguration:
      Did not match:
         - @ConditionalOnAvailableEndpoint not exposed (OnAvailableEndpointCondition)

   HumioMetricsExportAutoConfiguration:
      Did not match:
         - @ConditionalOnClass did not find required class 'io.micrometer.humio.HumioMeterRegistry' (OnClassCondition)

   InfluxMetricsExportAutoConfiguration:
      Did not match:
         - @ConditionalOnClass did not find required class 'io.micrometer.influx.InfluxMeterRegistry' (OnClassCondition)

   InfoContributorAutoConfiguration#buildInfoContributor:
      Did not match:
         - @ConditionalOnSingleCandidate (types: org.springframework.boot.info.BuildProperties; SearchStrategy: all) did not find any beans (OnBeanCondition)
      Matched:
         - @ConditionalOnEnabledInfoContributor management.info.defaults.enabled is considered true (OnEnabledInfoContributorCondition)

   InfoContributorAutoConfiguration#envInfoContributor:
      Did not match:
         - @ConditionalOnEnabledInfoContributor management.info.env.enabled is not true (OnEnabledInfoContributorCondition)

   InfoContributorAutoConfiguration#gitInfoContributor:
      Did not match:
         - @ConditionalOnSingleCandidate (types: org.springframework.boot.info.GitProperties; SearchStrategy: all) did not find any beans (OnBeanCondition)
      Matched:
         - @ConditionalOnEnabledInfoContributor management.info.defaults.enabled is considered true (OnEnabledInfoContributorCondition)

   InfoContributorAutoConfiguration#javaInfoContributor:
      Did not match:
         - @ConditionalOnEnabledInfoContributor management.info.java.enabled is not true (OnEnabledInfoContributorCondition)

   InfoContributorAutoConfiguration#osInfoContributor:
      Did not match:
         - @ConditionalOnEnabledInfoContributor management.info.os.enabled is not true (OnEnabledInfoContributorCondition)

   InfoContributorAutoConfiguration#processInfoContributor:
      Did not match:
         - @ConditionalOnEnabledInfoContributor management.info.process.enabled is not true (OnEnabledInfoContributorCondition)

   InfoContributorAutoConfiguration#sslInfo:
      Did not match:
         - @ConditionalOnEnabledInfoContributor management.info.ssl.enabled is not true (OnEnabledInfoContributorCondition)
      Matched:
         - @ConditionalOnMissingBean (types: org.springframework.boot.info.SslInfo; SearchStrategy: all) did not find any beans (OnBeanCondition)

   InfoContributorAutoConfiguration#sslInfoContributor:
      Did not match:
         - @ConditionalOnEnabledInfoContributor management.info.ssl.enabled is not true (OnEnabledInfoContributorCondition)

   InfoEndpointAutoConfiguration:
      Did not match:
         - @ConditionalOnAvailableEndpoint not exposed (OnAvailableEndpointCondition)

   Jackson2HttpMessageConvertersConfiguration.MappingJackson2HttpMessageConverterConfiguration:
      Did not match:
         - AnyNestedCondition 0 matched 2 did not; NestedCondition on Jackson2HttpMessageConvertersConfiguration.PreferJackson2OrJacksonUnavailableCondition.JacksonUnavailable @ConditionalOnMissingBean (types: org.springframework.boot.http.converter.autoconfigure.JacksonHttpMessageConvertersConfiguration$JacksonJsonHttpMessageConvertersCustomizer; SearchStrategy: all) found beans of type 'org.springframework.boot.http.converter.autoconfigure.JacksonHttpMessageConvertersConfiguration$JacksonJsonHttpMessageConvertersCustomizer' jacksonJsonHttpMessageConvertersCustomizer; NestedCondition on Jackson2HttpMessageConvertersConfiguration.PreferJackson2OrJacksonUnavailableCondition.Jackson2Preferred @ConditionalOnProperty (spring.http.converters.preferred-json-mapper=jackson2) did not find property 'spring.http.converters.preferred-json-mapper' (Jackson2HttpMessageConvertersConfiguration.PreferJackson2OrJacksonUnavailableCondition)
      Matched:
         - @ConditionalOnClass found required class 'com.fasterxml.jackson.databind.ObjectMapper' (OnClassCondition)

   Jackson2HttpMessageConvertersConfiguration.MappingJackson2XmlHttpMessageConverterConfiguration:
      Did not match:
         - @ConditionalOnClass did not find required class 'com.fasterxml.jackson.dataformat.xml.XmlMapper' (OnClassCondition)

   JacksonAutoConfiguration.CborConfiguration:
      Did not match:
         - @ConditionalOnClass did not find required class 'tools.jackson.dataformat.cbor.CBORMapper' (OnClassCondition)

   JacksonAutoConfiguration.XmlConfiguration:
      Did not match:
         - @ConditionalOnClass did not find required class 'tools.jackson.dataformat.xml.XmlMapper' (OnClassCondition)

   JacksonHttpMessageConvertersConfiguration.JacksonXmlHttpMessageConverterConfiguration:
      Did not match:
         - @ConditionalOnClass did not find required class 'tools.jackson.dataformat.xml.XmlMapper' (OnClassCondition)

   JmxAutoConfiguration:
      Did not match:
         - @ConditionalOnBooleanProperty (spring.jmx.enabled=true) did not find property 'spring.jmx.enabled' (OnPropertyCondition)
      Matched:
         - @ConditionalOnClass found required class 'org.springframework.jmx.export.MBeanExporter' (OnClassCondition)

   JmxEndpointAutoConfiguration:
      Did not match:
         - @ConditionalOnBooleanProperty (spring.jmx.enabled=true) did not find property 'spring.jmx.enabled' (OnPropertyCondition)

   JmxMetricsExportAutoConfiguration:
      Did not match:
         - @ConditionalOnClass did not find required class 'io.micrometer.jmx.JmxMeterRegistry' (OnClassCondition)

   JndiDataSourceAutoConfiguration:
      Did not match:
         - @ConditionalOnProperty (spring.datasource.jndi-name) did not find property 'spring.datasource.jndi-name' (OnPropertyCondition)
      Matched:
         - @ConditionalOnClass found required classes 'javax.sql.DataSource', 'org.springframework.jdbc.datasource.embedded.EmbeddedDatabaseType' (OnClassCondition)

   JndiJtaConfiguration:
      Did not match:
         - @ConditionalOnJndi JNDI environment is not available (OnJndiCondition)
      Matched:
         - @ConditionalOnClass found required class 'org.springframework.transaction.jta.JtaTransactionManager' (OnClassCondition)

   JpaBaseConfiguration.JpaWebConfiguration:
      Did not match:
         - @ConditionalOnBooleanProperty (spring.jpa.open-in-view=true) found different value in property 'spring.jpa.open-in-view' (OnPropertyCondition)
      Matched:
         - @ConditionalOnClass found required class 'org.springframework.web.servlet.config.annotation.WebMvcConfigurer' (OnClassCondition)
         - found 'session' scope (OnWebApplicationCondition)

   JsonbHttpMessageConvertersConfiguration:
      Did not match:
         - @ConditionalOnClass did not find required class 'jakarta.json.bind.Jsonb' (OnClassCondition)

   JvmMetricsAutoConfiguration.VirtualThreadMetricsConfiguration:
      Did not match:
         - @ConditionalOnClass did not find required class 'io.micrometer.java21.instrument.binder.jdk.VirtualThreadMetrics' (OnClassCondition)

   KairosMetricsExportAutoConfiguration:
      Did not match:
         - @ConditionalOnClass did not find required class 'io.micrometer.kairos.KairosMeterRegistry' (OnClassCondition)

   KotlinSerializationHttpMessageConvertersConfiguration:
      Did not match:
         - @ConditionalOnClass did not find required classes 'kotlinx.serialization.Serializable', 'kotlinx.serialization.json.Json' (OnClassCondition)

   Log4J2MetricsAutoConfiguration:
      Did not match:
         - @ConditionalOnClass did not find required class 'org.apache.logging.log4j.core.LoggerContext' (OnClassCondition)

   LogFileWebEndpointAutoConfiguration:
      Did not match:
         - @ConditionalOnAvailableEndpoint not exposed (OnAvailableEndpointCondition)

   LoggersEndpointAutoConfiguration:
      Did not match:
         - @ConditionalOnAvailableEndpoint not exposed (OnAvailableEndpointCondition)

   ManagementContextAutoConfiguration.DifferentManagementContextConfiguration:
      Did not match:
         - Management Port actual port type (SAME) did not match required type (DIFFERENT) (OnManagementPortCondition)

   ManagementWebSecurityAutoConfiguration:
      Did not match:
         - AllNestedConditions 1 matched 1 did not; NestedCondition on DefaultWebSecurityCondition.Beans @ConditionalOnMissingBean (types: org.springframework.security.web.SecurityFilterChain; SearchStrategy: all) found beans of type 'org.springframework.security.web.SecurityFilterChain' securityFilterChain; NestedCondition on DefaultWebSecurityCondition.Classes @ConditionalOnClass found required classes 'org.springframework.security.web.SecurityFilterChain', 'org.springframework.security.config.annotation.web.builders.HttpSecurity' (DefaultWebSecurityCondition)
      Matched:
         - @ConditionalOnClass found required classes 'org.springframework.security.web.util.matcher.RequestMatcher', 'org.springframework.boot.actuate.autoconfigure.endpoint.web.WebEndpointAutoConfiguration' (OnClassCondition)
         - found 'session' scope (OnWebApplicationCondition)

   MappingsEndpointAutoConfiguration:
      Did not match:
         - @ConditionalOnAvailableEndpoint not exposed (OnAvailableEndpointCondition)

   MessageSourceAutoConfiguration:
      Did not match:
         - ResourceBundle did not find bundle with basename messages (MessageSourceAutoConfiguration.ResourceBundleCondition)

   MetricsAspectsAutoConfiguration:
      Did not match:
         - @ConditionalOnBooleanProperty (management.observations.annotations.enabled=true) did not find property 'management.observations.annotations.enabled' (OnPropertyCondition)
      Matched:
         - @ConditionalOnClass found required classes 'io.micrometer.core.instrument.MeterRegistry', 'org.aspectj.weaver.Advice' (OnClassCondition)

   MetricsEndpointAutoConfiguration:
      Did not match:
         - @ConditionalOnAvailableEndpoint not exposed (OnAvailableEndpointCondition)
      Matched:
         - @ConditionalOnClass found required classes 'org.springframework.boot.actuate.autoconfigure.endpoint.condition.ConditionalOnAvailableEndpoint', 'io.micrometer.core.annotation.Timed' (OnClassCondition)

   MultipleOpenApiSupportConfiguration:
      Did not match:
         - AnyNestedCondition 0 matched 2 did not; NestedCondition on MultipleOpenApiSupportCondition.OnActuatorDifferentPort found non-matching nested conditions Management Port actual port type (SAME) did not match required type (DIFFERENT), @ConditionalOnProperty (springdoc.show-actuator) did not find property 'springdoc.show-actuator'; NestedCondition on MultipleOpenApiSupportCondition.OnMultipleOpenApiSupportCondition AnyNestedCondition 0 matched 3 did not; NestedCondition on MultipleOpenApiGroupsCondition.OnListGroupedOpenApiBean @ConditionalOnBean (types: org.springdoc.core.models.GroupedOpenApi; SearchStrategy: all) did not find any beans of type org.springdoc.core.models.GroupedOpenApi; NestedCondition on MultipleOpenApiGroupsCondition.OnGroupConfigProperty @ConditionalOnProperty (springdoc.group-configs[0].group) did not find property 'springdoc.group-configs[0].group'; NestedCondition on MultipleOpenApiGroupsCondition.OnGroupedOpenApiBean @ConditionalOnBean (types: org.springdoc.core.models.GroupedOpenApi; SearchStrategy: all) did not find any beans of type org.springdoc.core.models.GroupedOpenApi (MultipleOpenApiSupportCondition)
      Matched:
         - found 'session' scope (OnWebApplicationCondition)
         - @ConditionalOnProperty (springdoc.api-docs.enabled) matched (OnPropertyCondition)

   MultipleOpenApiSupportConfiguration.SpringDocWebMvcActuatorDifferentConfiguration:
      Did not match:
         - @ConditionalOnClass did not find required class 'org.springframework.boot.actuate.endpoint.web.servlet.WebMvcEndpointHandlerMapping' (OnClassCondition)
         - Ancestor org.springdoc.webmvc.core.configuration.MultipleOpenApiSupportConfiguration did not match (ConditionEvaluationReport.AncestorsMatchedCondition)

   NewRelicMetricsExportAutoConfiguration:
      Did not match:
         - @ConditionalOnClass did not find required class 'io.micrometer.newrelic.NewRelicMeterRegistry' (OnClassCondition)

   NoOpMeterRegistryConfiguration:
      Did not match:
         - @ConditionalOnMissingBean (types: io.micrometer.core.instrument.MeterRegistry; SearchStrategy: all) found beans of type 'io.micrometer.core.instrument.MeterRegistry' simpleMeterRegistry (OnBeanCondition)

   ObservationAutoConfiguration.ObservedAspectConfiguration:
      Did not match:
         - @ConditionalOnBooleanProperty (management.observations.annotations.enabled=true) did not find property 'management.observations.annotations.enabled' (OnPropertyCondition)
      Matched:
         - @ConditionalOnClass found required class 'org.aspectj.weaver.Advice' (OnClassCondition)

   OtlpMetricsExportAutoConfiguration:
      Did not match:
         - @ConditionalOnClass did not find required class 'io.micrometer.registry.otlp.OtlpMeterRegistry' (OnClassCondition)

   ProjectInfoAutoConfiguration#buildProperties:
      Did not match:
         - @ConditionalOnResource did not find resource '${spring.info.build.location:classpath:META-INF/build-info.properties}' (OnResourceCondition)

   ProjectInfoAutoConfiguration#gitProperties:
      Did not match:
         - GitResource did not find git info at classpath:git.properties (ProjectInfoAutoConfiguration.GitResourceAvailableCondition)

   PrometheusMetricsExportAutoConfiguration:
      Did not match:
         - @ConditionalOnClass did not find required class 'io.micrometer.prometheusmetrics.PrometheusMeterRegistry' (OnClassCondition)

   RSocketSecurityAutoConfiguration:
      Did not match:
         - @ConditionalOnClass did not find required class 'org.springframework.boot.rsocket.server.RSocketServerCustomizer' (OnClassCondition)

   ReactiveManagementWebSecurityAutoConfiguration:
      Did not match:
         - @ConditionalOnWebApplication did not find reactive web application classes (OnWebApplicationCondition)

   ReactiveUserDetailsServiceAutoConfiguration:
      Did not match:
         - AnyNestedCondition 0 matched 2 did not; NestedCondition on ReactiveUserDetailsServiceAutoConfiguration.RSocketEnabledOrReactiveWebApplication.ReactiveWebApplicationCondition did not find reactive web application classes; NestedCondition on ReactiveUserDetailsServiceAutoConfiguration.RSocketEnabledOrReactiveWebApplication.RSocketSecurityEnabledCondition @ConditionalOnBean (types: org.springframework.messaging.rsocket.annotation.support.RSocketMessageHandler; SearchStrategy: all) did not find any beans of type org.springframework.messaging.rsocket.annotation.support.RSocketMessageHandler (ReactiveUserDetailsServiceAutoConfiguration.RSocketEnabledOrReactiveWebApplication)
      Matched:
         - @ConditionalOnClass found required class 'org.springframework.security.authentication.ReactiveAuthenticationManager' (OnClassCondition)
         - AnyNestedCondition 1 matched 2 did not; NestedCondition on MissingAlternativeUserDetailsManagerOrUserPropertiesConfigured.PasswordConfigured @ConditionalOnProperty (spring.security.user.password) did not find property 'spring.security.user.password'; NestedCondition on MissingAlternativeUserDetailsManagerOrUserPropertiesConfigured.NameConfigured @ConditionalOnProperty (spring.security.user.name) did not find property 'spring.security.user.name'; NestedCondition on MissingAlternativeUserDetailsManagerOrUserPropertiesConfigured.MissingAlternative @ConditionalOnMissingClass did not find unwanted classes 'org.springframework.security.oauth2.client.registration.ClientRegistrationRepository', 'org.springframework.security.oauth2.server.resource.introspection.OpaqueTokenIntrospector', 'org.springframework.security.saml2.provider.service.registration.RelyingPartyRegistrationRepository' (MissingAlternativeUserDetailsManagerOrUserPropertiesConfigured)

   ReactiveWebSecurityAutoConfiguration:
      Did not match:
         - @ConditionalOnClass did not find required class 'reactor.core.publisher.Flux' (OnClassCondition)

   SbomEndpointAutoConfiguration:
      Did not match:
         - @ConditionalOnAvailableEndpoint not exposed (OnAvailableEndpointCondition)

   ScheduledTasksEndpointAutoConfiguration:
      Did not match:
         - @ConditionalOnAvailableEndpoint not exposed (OnAvailableEndpointCondition)

   SecurityAutoConfiguration.SecurityDataConfiguration:
      Did not match:
         - @ConditionalOnClass did not find required class 'org.springframework.security.data.repository.query.SecurityEvaluationContextExtension' (OnClassCondition)

   SecurityRequestMatchersManagementContextConfiguration.JerseyRequestMatcherConfiguration:
      Did not match:
         - @ConditionalOnClass did not find required class 'org.glassfish.jersey.server.ResourceConfig' (OnClassCondition)

   ServletHttpExchangesAutoConfiguration:
      Did not match:
         - @ConditionalOnBean (types: org.springframework.boot.actuate.web.exchanges.HttpExchangeRepository; SearchStrategy: all) did not find any beans of type org.springframework.boot.actuate.web.exchanges.HttpExchangeRepository (OnBeanCondition)
      Matched:
         - found 'session' scope (OnWebApplicationCondition)
         - @ConditionalOnBooleanProperty (management.httpexchanges.recording.enabled=true) matched (OnPropertyCondition)

   ServletManagementContextAutoConfiguration.ApplicationContextFilterConfiguration:
      Did not match:
         - @ConditionalOnBooleanProperty (management.server.add-application-context-header=true) did not find property 'management.server.add-application-context-header' (OnPropertyCondition)

   ServletMappingsAutoConfiguration:
      Did not match:
         - @ConditionalOnAvailableEndpoint not exposed (OnAvailableEndpointCondition)
      Matched:
         - @ConditionalOnClass found required classes 'org.springframework.boot.actuate.autoconfigure.endpoint.condition.ConditionalOnAvailableEndpoint', 'org.springframework.boot.actuate.web.mappings.MappingsEndpoint' (OnClassCondition)
         - found 'session' scope (OnWebApplicationCondition)

   ServletWebSecurityAutoConfiguration.EnableWebSecurityConfiguration:
      Did not match:
         - @ConditionalOnMissingBean (names: springSecurityFilterChain; SearchStrategy: all) found beans named springSecurityFilterChain (OnBeanCondition)
      Matched:
         - @ConditionalOnClass found required class 'org.springframework.security.config.annotation.web.configuration.EnableWebSecurity' (OnClassCondition)

   ServletWebSecurityAutoConfiguration.SecurityFilterChainConfiguration:
      Did not match:
         - AllNestedConditions 1 matched 1 did not; NestedCondition on DefaultWebSecurityCondition.Beans @ConditionalOnMissingBean (types: org.springframework.security.web.SecurityFilterChain; SearchStrategy: all) found beans of type 'org.springframework.security.web.SecurityFilterChain' securityFilterChain; NestedCondition on DefaultWebSecurityCondition.Classes @ConditionalOnClass found required classes 'org.springframework.security.web.SecurityFilterChain', 'org.springframework.security.config.annotation.web.builders.HttpSecurity' (DefaultWebSecurityCondition)

   ServletWebServerConfiguration#forwardedHeaderFilter:
      Did not match:
         - @ConditionalOnProperty (server.forward-headers-strategy=framework) did not find property 'server.forward-headers-strategy' (OnPropertyCondition)

   ShutdownEndpointAutoConfiguration:
      Did not match:
         - @ConditionalOnAvailableEndpoint the configured access for endpoint 'shutdown' is NONE (OnAvailableEndpointCondition)

   SpringApplicationAdminJmxAutoConfiguration:
      Did not match:
         - @ConditionalOnBooleanProperty (spring.application.admin.enabled=true) did not find property 'spring.application.admin.enabled' (OnPropertyCondition)

   SpringDocConfiguration#oas31ModelConverter:
      Did not match:
         - @ConditionalOnProperty (springdoc.explicit-object-schema=true) did not find property 'springdoc.explicit-object-schema' (OnPropertyCondition)

   SpringDocConfiguration#propertiesResolverForSchema:
      Did not match:
         - @ConditionalOnProperty (springdoc.api-docs.resolve-schema-properties) did not find property 'springdoc.api-docs.resolve-schema-properties' (OnPropertyCondition)

   SpringDocConfiguration#propertyCustomizingConverter:
      Did not match:
         - @ConditionalOnBean (types: org.springdoc.core.customizers.PropertyCustomizer; SearchStrategy: all) did not find any beans of type org.springdoc.core.customizers.PropertyCustomizer (OnBeanCondition)

   SpringDocConfiguration#springdocBeanFactoryPostProcessor:
      Did not match:
         - AnyNestedCondition 0 matched 2 did not; NestedCondition on CacheOrGroupedOpenApiCondition.OnCacheDisabled found non-matching nested conditions @ConditionalOnProperty (springdoc.cache.disabled) did not find property 'springdoc.cache.disabled'; NestedCondition on CacheOrGroupedOpenApiCondition.OnMultipleOpenApiSupportCondition AnyNestedCondition 0 matched 2 did not; NestedCondition on MultipleOpenApiSupportCondition.OnActuatorDifferentPort found non-matching nested conditions Management Port actual port type (SAME) did not match required type (DIFFERENT), @ConditionalOnProperty (springdoc.show-actuator) did not find property 'springdoc.show-actuator'; NestedCondition on MultipleOpenApiSupportCondition.OnMultipleOpenApiSupportCondition AnyNestedCondition 0 matched 3 did not; NestedCondition on MultipleOpenApiGroupsCondition.OnListGroupedOpenApiBean @ConditionalOnBean (types: org.springdoc.core.models.GroupedOpenApi; SearchStrategy: all) did not find any beans of type org.springdoc.core.models.GroupedOpenApi; NestedCondition on MultipleOpenApiGroupsCondition.OnGroupConfigProperty @ConditionalOnProperty (springdoc.group-configs[0].group) did not find property 'springdoc.group-configs[0].group'; NestedCondition on MultipleOpenApiGroupsCondition.OnGroupedOpenApiBean @ConditionalOnBean (types: org.springdoc.core.models.GroupedOpenApi; SearchStrategy: all) did not find any beans of type org.springdoc.core.models.GroupedOpenApi (CacheOrGroupedOpenApiCondition)
      Matched:
         - @ConditionalOnClass found required class 'org.springframework.boot.context.properties.bind.BindResult' (OnClassCondition)

   SpringDocConfiguration#springdocBeanFactoryPostProcessor2:
      Did not match:
         - @ConditionalOnMissingClass found unwanted class 'org.springframework.boot.context.properties.bind.BindResult' (OnClassCondition)

   SpringDocConfiguration.SpringDocActuatorConfiguration:
      Did not match:
         - @ConditionalOnProperty (springdoc.show-actuator) did not find property 'springdoc.show-actuator' (OnPropertyCondition)
      Matched:
         - @ConditionalOnClass found required class 'org.springframework.boot.actuate.autoconfigure.endpoint.web.WebEndpointProperties' (OnClassCondition)

   SpringDocConfiguration.SpringDocRepositoryRestConfiguration:
      Did not match:
         - @ConditionalOnClass did not find required class 'org.springframework.data.rest.core.config.RepositoryRestConfiguration' (OnClassCondition)

   SpringDocConfiguration.SpringDocSpringDataWebPropertiesProvider:
      Did not match:
         - @ConditionalOnClass did not find required class 'org.springframework.boot.autoconfigure.data.web.SpringDataWebProperties' (OnClassCondition)

   SpringDocConfiguration.SpringDocWebFluxSupportConfiguration:
      Did not match:
         - @ConditionalOnClass did not find required class 'reactor.core.publisher.Flux' (OnClassCondition)

   SpringDocDataRestConfiguration:
      Did not match:
         - @ConditionalOnClass did not find required class 'org.springframework.data.rest.core.config.RepositoryRestConfiguration' (OnClassCondition)

   SpringDocFunctionCatalogConfiguration:
      Did not match:
         - @ConditionalOnClass did not find required class 'org.springframework.cloud.function.web.function.FunctionEndpointInitializer' (OnClassCondition)

   SpringDocGroovyConfiguration:
      Did not match:
         - @ConditionalOnClass did not find required class 'groovy.lang.MetaClass' (OnClassCondition)

   SpringDocHateoasConfiguration:
      Did not match:
         - @ConditionalOnClass did not find required class 'org.springframework.hateoas.server.LinkRelationProvider' (OnClassCondition)

   SpringDocJacksonKotlinModuleConfiguration:
      Did not match:
         - @ConditionalOnClass did not find required class 'com.fasterxml.jackson.module.kotlin.KotlinModule' (OnClassCondition)

   SpringDocJavadocConfiguration:
      Did not match:
         - @ConditionalOnClass did not find required class 'com.github.therapi.runtimejavadoc.CommentFormatter' (OnClassCondition)

   SpringDocKotlinConfiguration:
      Did not match:
         - @ConditionalOnClass did not find required class 'kotlin.coroutines.Continuation' (OnClassCondition)

   SpringDocKotlinxConfiguration:
      Did not match:
         - @ConditionalOnClass did not find required class 'kotlinx.coroutines.flow.Flow' (OnClassCondition)

   SpringDocSecurityConfiguration.SpringDocSecurityOAuth2ClientConfiguration:
      Did not match:
         - @ConditionalOnClass did not find required class 'org.springframework.security.oauth2.client.annotation.RegisteredOAuth2AuthorizedClient' (OnClassCondition)

   SpringDocSecurityConfiguration.SpringDocSecurityOAuth2Configuration:
      Did not match:
         - @ConditionalOnClass did not find required class 'org.springframework.security.oauth2.server.authorization.OAuth2AuthorizationService' (OnClassCondition)

   SpringDocSecurityConfiguration.SpringSecurityLoginEndpointConfiguration#springSecurityLoginEndpointCustomizer:
      Did not match:
         - @ConditionalOnProperty (springdoc.show-login-endpoint) did not find property 'springdoc.show-login-endpoint' (OnPropertyCondition)

   SpringDocSortConfiguration#dataRestDelegatingMethodParameterCustomizer:
      Did not match:
         - @ConditionalOnMissingBean (types: org.springdoc.core.customizers.DataRestDelegatingMethodParameterCustomizer; SearchStrategy: all) found beans of type 'org.springdoc.core.customizers.DataRestDelegatingMethodParameterCustomizer' dataRestDelegatingMethodParameterCustomizer (OnBeanCondition)

   SpringDocWebMvcConfiguration.SpringDocWebMvcActuatorConfiguration:
      Did not match:
         - @ConditionalOnClass did not find required class 'org.springframework.boot.actuate.endpoint.web.servlet.WebMvcEndpointHandlerMapping' (OnClassCondition)

   StackdriverMetricsExportAutoConfiguration:
      Did not match:
         - @ConditionalOnClass did not find required class 'io.micrometer.stackdriver.StackdriverMeterRegistry' (OnClassCondition)

   StartupEndpointAutoConfiguration:
      Did not match:
         - ApplicationStartup configured applicationStartup is of type class org.springframework.core.metrics.DefaultApplicationStartup, expected BufferingApplicationStartup. (StartupEndpointAutoConfiguration.ApplicationStartupCondition)

   StatsdMetricsExportAutoConfiguration:
      Did not match:
         - @ConditionalOnClass did not find required class 'io.micrometer.statsd.StatsdMeterRegistry' (OnClassCondition)

   SwaggerConfig#springWebProvider:
      Did not match:
         - @ConditionalOnMissingBean (types: org.springdoc.core.providers.SpringWebProvider; SearchStrategy: all) found beans of type 'org.springdoc.core.providers.SpringWebProvider' springWebProvider (OnBeanCondition)

   SwaggerConfig#swaggerUiHome:
      Did not match:
         - @ConditionalOnProperty (springdoc.swagger-ui.use-root-path=true) did not find property 'springdoc.swagger-ui.use-root-path' (OnPropertyCondition)

   SwaggerConfig.SwaggerActuatorWelcomeConfiguration:
      Did not match:
         - @ConditionalOnClass did not find required class 'org.springframework.boot.actuate.endpoint.web.servlet.WebMvcEndpointHandlerMapping' (OnClassCondition)

   TaskExecutorConfigurations.AsyncConfigurerWrapperConfiguration:
      Did not match:
         - @ConditionalOnBean (types: org.springframework.scheduling.annotation.AsyncConfigurer; SearchStrategy: all) did not find any beans of type org.springframework.scheduling.annotation.AsyncConfigurer (OnBeanCondition)

   TaskExecutorConfigurations.SimpleAsyncTaskExecutorBuilderConfiguration#simpleAsyncTaskExecutorBuilderVirtualThreads:
      Did not match:
         - @ConditionalOnMissingBean (types: org.springframework.boot.task.SimpleAsyncTaskExecutorBuilder; SearchStrategy: all) found beans of type 'org.springframework.boot.task.SimpleAsyncTaskExecutorBuilder' simpleAsyncTaskExecutorBuilder (OnBeanCondition)

   TaskExecutorConfigurations.TaskExecutorConfiguration#applicationTaskExecutorVirtualThreads:
      Did not match:
         - @ConditionalOnThreading did not find VIRTUAL (OnThreadingCondition)

   TaskSchedulingAutoConfiguration#scheduledBeanLazyInitializationExcludeFilter:
      Did not match:
         - @ConditionalOnBean (names: org.springframework.scheduling.config.internalScheduledAnnotationProcessor; SearchStrategy: all) did not find any beans named org.springframework.scheduling.config.internalScheduledAnnotationProcessor (OnBeanCondition)

   TaskSchedulingConfigurations.SimpleAsyncTaskSchedulerBuilderConfiguration#simpleAsyncTaskSchedulerBuilderVirtualThreads:
      Did not match:
         - @ConditionalOnMissingBean (types: org.springframework.boot.task.SimpleAsyncTaskSchedulerBuilder; SearchStrategy: all) found beans of type 'org.springframework.boot.task.SimpleAsyncTaskSchedulerBuilder' simpleAsyncTaskSchedulerBuilder (OnBeanCondition)

   TaskSchedulingConfigurations.TaskSchedulerConfiguration:
      Did not match:
         - @ConditionalOnBean (names: org.springframework.scheduling.config.internalScheduledAnnotationProcessor; SearchStrategy: all) did not find any beans named org.springframework.scheduling.config.internalScheduledAnnotationProcessor (OnBeanCondition)

   ThreadDumpEndpointAutoConfiguration:
      Did not match:
         - @ConditionalOnAvailableEndpoint not exposed (OnAvailableEndpointCondition)

   TomcatReactiveManagementContextAutoConfiguration:
      Did not match:
         - @ConditionalOnWebApplication did not find reactive web application classes (OnWebApplicationCondition)

   TomcatReactiveWebServerAutoConfiguration:
      Did not match:
         - @ConditionalOnWebApplication did not find reactive web application classes (OnWebApplicationCondition)

   TomcatServletManagementContextAutoConfiguration:
      Did not match:
         - Management Port actual port type (SAME) did not match required type (DIFFERENT) (OnManagementPortCondition)
      Matched:
         - @ConditionalOnClass found required class 'org.springframework.boot.actuate.autoconfigure.web.server.ManagementContextFactory' (OnClassCondition)
         - found 'session' scope (OnWebApplicationCondition)

   TomcatServletWebServerAutoConfiguration#tomcatForwardedHeaderFilterCustomizer:
      Did not match:
         - @ConditionalOnProperty (server.forward-headers-strategy=framework) did not find property 'server.forward-headers-strategy' (OnPropertyCondition)

   TomcatWebServerConfiguration#tomcatVirtualThreadsProtocolHandlerCustomizer:
      Did not match:
         - @ConditionalOnThreading did not find VIRTUAL (OnThreadingCondition)

   TransactionAutoConfiguration#transactionalOperator:
      Did not match:
         - @ConditionalOnSingleCandidate (types: org.springframework.transaction.ReactiveTransactionManager; SearchStrategy: all) did not find any beans (OnBeanCondition)

   TransactionAutoConfiguration.AspectJTransactionManagementConfiguration:
      Did not match:
         - @ConditionalOnBean (types: org.springframework.transaction.aspectj.AbstractTransactionAspect; SearchStrategy: all) did not find any beans of type org.springframework.transaction.aspectj.AbstractTransactionAspect (OnBeanCondition)

   TransactionAutoConfiguration.EnableTransactionManagementConfiguration.JdkDynamicAutoProxyConfiguration:
      Did not match:
         - @ConditionalOnBooleanProperty (spring.aop.proxy-target-class=false) did not find property 'spring.aop.proxy-target-class' (OnPropertyCondition)

   UserDetailsServiceAutoConfiguration:
      Did not match:
         - @ConditionalOnMissingBean (types: org.springframework.security.authentication.AuthenticationManager,org.springframework.security.authentication.AuthenticationProvider,org.springframework.security.core.userdetails.UserDetailsService,org.springframework.security.authentication.AuthenticationManagerResolver,org.springframework.security.oauth2.jwt.JwtDecoder; SearchStrategy: all) found beans of type 'org.springframework.security.authentication.AuthenticationManager' authenticationManager and found beans of type 'org.springframework.security.core.userdetails.UserDetailsService' appUserDetailsService and found beans of type 'org.springframework.security.authentication.AuthenticationProvider' authenticationProvider (OnBeanCondition)
      Matched:
         - @ConditionalOnClass found required class 'org.springframework.security.authentication.AuthenticationManager' (OnClassCondition)
         - found 'session' scope (OnWebApplicationCondition)
         - AnyNestedCondition 1 matched 2 did not; NestedCondition on MissingAlternativeUserDetailsManagerOrUserPropertiesConfigured.PasswordConfigured @ConditionalOnProperty (spring.security.user.password) did not find property 'spring.security.user.password'; NestedCondition on MissingAlternativeUserDetailsManagerOrUserPropertiesConfigured.NameConfigured @ConditionalOnProperty (spring.security.user.name) did not find property 'spring.security.user.name'; NestedCondition on MissingAlternativeUserDetailsManagerOrUserPropertiesConfigured.MissingAlternative @ConditionalOnMissingClass did not find unwanted classes 'org.springframework.security.oauth2.client.registration.ClientRegistrationRepository', 'org.springframework.security.oauth2.server.resource.introspection.OpaqueTokenIntrospector', 'org.springframework.security.saml2.provider.service.registration.RelyingPartyRegistrationRepository' (MissingAlternativeUserDetailsManagerOrUserPropertiesConfigured)

   WebMvcAutoConfiguration#hiddenHttpMethodFilter:
      Did not match:
         - @ConditionalOnBooleanProperty (spring.mvc.hiddenmethod.filter.enabled=true) did not find property 'spring.mvc.hiddenmethod.filter.enabled' (OnPropertyCondition)

   WebMvcAutoConfiguration.ProblemDetailsErrorHandlingConfiguration:
      Did not match:
         - @ConditionalOnBooleanProperty (spring.mvc.problemdetails.enabled=true) did not find property 'spring.mvc.problemdetails.enabled' (OnPropertyCondition)

   WebMvcAutoConfiguration.WebMvcAutoConfigurationAdapter#beanNameViewResolver:
      Did not match:
         - @ConditionalOnMissingBean (types: org.springframework.web.servlet.view.BeanNameViewResolver; SearchStrategy: all) found beans of type 'org.springframework.web.servlet.view.BeanNameViewResolver' beanNameViewResolver (OnBeanCondition)

   WebMvcEndpointManagementContextConfiguration.HealthConfiguration#managementHealthEndpointWebMvcHandlerMapping:
      Did not match:
         - Management Port actual port type (SAME) did not match required type (DIFFERENT) (OnManagementPortCondition)

   WebMvcMappingsAutoConfiguration:
      Did not match:
         - @ConditionalOnAvailableEndpoint not exposed (OnAvailableEndpointCondition)
      Matched:
         - @ConditionalOnClass found required classes 'org.springframework.boot.actuate.autoconfigure.endpoint.condition.ConditionalOnAvailableEndpoint', 'org.springframework.web.servlet.DispatcherServlet', 'org.springframework.boot.actuate.web.mappings.MappingsEndpoint' (OnClassCondition)
         - found 'session' scope (OnWebApplicationCondition)

   XADataSourceAutoConfiguration:
      Did not match:
         - @ConditionalOnBean (types: org.springframework.boot.jdbc.XADataSourceWrapper; SearchStrategy: all) did not find any beans of type org.springframework.boot.jdbc.XADataSourceWrapper (OnBeanCondition)
      Matched:
         - @ConditionalOnClass found required classes 'javax.sql.DataSource', 'jakarta.transaction.TransactionManager', 'org.springframework.jdbc.datasource.embedded.EmbeddedDatabaseType' (OnClassCondition)


Exclusions:
-----------

    None


Unconditional classes:
----------------------

    org.springframework.boot.health.autoconfigure.registry.HealthContributorRegistryAutoConfiguration

    org.springframework.boot.autoconfigure.context.ConfigurationPropertiesAutoConfiguration

    org.springframework.boot.autoconfigure.ssl.SslAutoConfiguration

    org.springframework.boot.actuate.autoconfigure.info.InfoContributorAutoConfiguration

    org.springframework.boot.autoconfigure.context.PropertyPlaceholderAutoConfiguration

    org.springframework.boot.autoconfigure.context.LifecycleAutoConfiguration

    org.springframework.boot.actuate.autoconfigure.endpoint.EndpointAutoConfiguration

    org.springframework.boot.health.autoconfigure.contributor.HealthContributorAutoConfiguration

    org.springframework.boot.actuate.autoconfigure.web.server.ManagementContextAutoConfiguration

    org.springdoc.core.configuration.SpringDocSpecPropertiesConfiguration

    org.springframework.boot.autoconfigure.availability.ApplicationAvailabilityAutoConfiguration

    org.springframework.boot.autoconfigure.info.ProjectInfoAutoConfiguration



2026-03-27T20:47:00.762-03:00  INFO 25092 --- [ServiceGo] [           main] com.ServiceGo.ServiceGoApplication       : Started ServiceGoApplication in 21.601 seconds (process running for 22.961)
2026-03-27T20:47:00.851-03:00 DEBUG 25092 --- [ServiceGo] [           main] o.s.b.a.ApplicationAvailabilityBean      : Application availability state LivenessState changed to CORRECT
2026-03-27T20:47:01.675-03:00 DEBUG 25092 --- [ServiceGo] [           main] org.hibernate.SQL                        : 
    select
        count(*) 
    from
        app_users au1_0
Hibernate: 
    select
        count(*) 
    from
        app_users au1_0
2026-03-27T20:47:01.718-03:00 DEBUG 25092 --- [ServiceGo] [           main] o.s.b.a.ApplicationAvailabilityBean      : Application availability state ReadinessState changed to ACCEPTING_TRAFFIC
2026-03-27T20:48:21.306-03:00  INFO 25092 --- [ServiceGo] [nio-8080-exec-1] o.a.c.c.C.[Tomcat].[localhost].[/]       : Initializing Spring DispatcherServlet 'dispatcherServlet'
2026-03-27T20:48:21.307-03:00  INFO 25092 --- [ServiceGo] [nio-8080-exec-1] o.s.web.servlet.DispatcherServlet        : Initializing Servlet 'dispatcherServlet'
2026-03-27T20:48:21.308-03:00 DEBUG 25092 --- [ServiceGo] [nio-8080-exec-1] o.s.web.servlet.DispatcherServlet        : Detected StandardServletMultipartResolver
2026-03-27T20:48:21.308-03:00 DEBUG 25092 --- [ServiceGo] [nio-8080-exec-1] o.s.web.servlet.DispatcherServlet        : Detected AcceptHeaderLocaleResolver
2026-03-27T20:48:21.311-03:00 DEBUG 25092 --- [ServiceGo] [nio-8080-exec-1] o.s.web.servlet.DispatcherServlet        : Detected org.springframework.web.servlet.view.DefaultRequestToViewNameTranslator@495c3d15
2026-03-27T20:48:21.313-03:00 DEBUG 25092 --- [ServiceGo] [nio-8080-exec-1] o.s.web.servlet.DispatcherServlet        : Detected org.springframework.web.servlet.support.SessionFlashMapManager@6bed8d98
2026-03-27T20:48:21.313-03:00 DEBUG 25092 --- [ServiceGo] [nio-8080-exec-1] o.s.web.servlet.DispatcherServlet        : enableLoggingRequestDetails='false': request parameters and headers will be masked to prevent unsafe logging of potentially sensitive data
2026-03-27T20:48:21.313-03:00  INFO 25092 --- [ServiceGo] [nio-8080-exec-1] o.s.web.servlet.DispatcherServlet        : Completed initialization in 6 ms
2026-03-27T20:48:21.428-03:00 DEBUG 25092 --- [ServiceGo] [nio-8080-exec-1] o.s.web.servlet.DispatcherServlet        : POST "/api/auth/login", parameters={}
2026-03-27T20:48:21.438-03:00 DEBUG 25092 --- [ServiceGo] [nio-8080-exec-1] s.w.s.m.m.a.RequestMappingHandlerMapping : Mapped to com.ServiceGo.api.controller.AuthController#login(LoginRequest)
2026-03-27T20:48:21.701-03:00 DEBUG 25092 --- [ServiceGo] [nio-8080-exec-1] m.m.a.RequestResponseBodyMethodProcessor : Read "application/json;charset=UTF-8" to [LoginRequest[email=admin@servicego.local, password=admin123]]
2026-03-27T20:48:22.419-03:00 DEBUG 25092 --- [ServiceGo] [nio-8080-exec-1] org.hibernate.SQL                        : 
    select
        au1_0.id,
        au1_0.active,
        au1_0.created_at,
        au1_0.email,
        au1_0.name,
        au1_0.password_hash,
        au1_0.plan_type,
        au1_0.role,
        au1_0.subscription_ends_at,
        au1_0.subscription_source,
        au1_0.subscription_status,
        au1_0.trial_ends_at 
    from
        app_users au1_0 
    where
        upper(au1_0.email)=upper(?) 
        and au1_0.active=true
Hibernate: 
    select
        au1_0.id,
        au1_0.active,
        au1_0.created_at,
        au1_0.email,
        au1_0.name,
        au1_0.password_hash,
        au1_0.plan_type,
        au1_0.role,
        au1_0.subscription_ends_at,
        au1_0.subscription_source,
        au1_0.subscription_status,
        au1_0.trial_ends_at 
    from
        app_users au1_0 
    where
        upper(au1_0.email)=upper(?) 
        and au1_0.active=true
2026-03-27T20:48:22.737-03:00 DEBUG 25092 --- [ServiceGo] [nio-8080-exec-1] org.hibernate.SQL                        : 
    select
        au1_0.id,
        au1_0.active,
        au1_0.created_at,
        au1_0.email,
        au1_0.name,
        au1_0.password_hash,
        au1_0.plan_type,
        au1_0.role,
        au1_0.subscription_ends_at,
        au1_0.subscription_source,
        au1_0.subscription_status,
        au1_0.trial_ends_at 
    from
        app_users au1_0 
    where
        upper(au1_0.email)=upper(?)
Hibernate: 
    select
        au1_0.id,
        au1_0.active,
        au1_0.created_at,
        au1_0.email,
        au1_0.name,
        au1_0.password_hash,
        au1_0.plan_type,
        au1_0.role,
        au1_0.subscription_ends_at,
        au1_0.subscription_source,
        au1_0.subscription_status,
        au1_0.trial_ends_at 
    from
        app_users au1_0 
    where
        upper(au1_0.email)=upper(?)
2026-03-27T20:48:23.011-03:00 DEBUG 25092 --- [ServiceGo] [nio-8080-exec-1] m.m.a.RequestResponseBodyMethodProcessor : Using 'application/json', given [*/*] and supported [application/json, application/*+json, application/yaml]
2026-03-27T20:48:23.031-03:00 DEBUG 25092 --- [ServiceGo] [nio-8080-exec-1] m.m.a.RequestResponseBodyMethodProcessor : Writing [LoginResponse[token=eyJhbGciOiJIUzI1NiJ9.eyJzdWIiOiJhZG1pbkBzZXJ2aWNlZ28ubG9jYWwiLCJpYXQiOjE3NzQ2NTU (truncated)...]
2026-03-27T20:48:23.111-03:00 DEBUG 25092 --- [ServiceGo] [nio-8080-exec-1] o.s.web.servlet.DispatcherServlet        : Completed 200 OK
2026-03-27T20:48:23.257-03:00 DEBUG 25092 --- [ServiceGo] [nio-8080-exec-2] org.hibernate.SQL                        : 
    select
        au1_0.id,
        au1_0.active,
        au1_0.created_at,
        au1_0.email,
        au1_0.name,
        au1_0.password_hash,
        au1_0.plan_type,
        au1_0.role,
        au1_0.subscription_ends_at,
        au1_0.subscription_source,
        au1_0.subscription_status,
        au1_0.trial_ends_at 
    from
        app_users au1_0 
    where
        upper(au1_0.email)=upper(?) 
        and au1_0.active=true
Hibernate: 
    select
        au1_0.id,
        au1_0.active,
        au1_0.created_at,
        au1_0.email,
        au1_0.name,
        au1_0.password_hash,
        au1_0.plan_type,
        au1_0.role,
        au1_0.subscription_ends_at,
        au1_0.subscription_source,
        au1_0.subscription_status,
        au1_0.trial_ends_at 
    from
        app_users au1_0 
    where
        upper(au1_0.email)=upper(?) 
        and au1_0.active=true
2026-03-27T20:48:23.268-03:00 DEBUG 25092 --- [ServiceGo] [nio-8080-exec-2] o.s.web.servlet.DispatcherServlet        : PUT "/api/agendamentos/13", parameters={}
2026-03-27T20:48:23.269-03:00 DEBUG 25092 --- [ServiceGo] [nio-8080-exec-2] s.w.s.m.m.a.RequestMappingHandlerMapping : Mapped to com.ServiceGo.api.controller.AgendamentoViagemController#update(Long, AgendamentoViagemRequest, Authentication)
2026-03-27T20:48:23.319-03:00 DEBUG 25092 --- [ServiceGo] [nio-8080-exec-2] m.m.a.RequestResponseBodyMethodProcessor : Read "application/json;charset=UTF-8" to [AgendamentoViagemRequest[tripId=null, usuarioId=null, titulo=null, descricao=null, localEvento=null, (truncated)...]
2026-03-27T20:48:23.442-03:00  WARN 25092 --- [ServiceGo] [nio-8080-exec-2] .w.s.m.s.DefaultHandlerExceptionResolver : Resolved [org.springframework.web.bind.MethodArgumentNotValidException: Validation failed for argument [1] in public com.ServiceGo.api.dto.agendamento.AgendamentoViagemResponse com.ServiceGo.api.controller.AgendamentoViagemController.update(java.lang.Long,com.ServiceGo.api.dto.agendamento.AgendamentoViagemRequest,org.springframework.security.core.Authentication) with 5 errors: [Field error in object 'agendamentoViagemRequest' on field 'tripId': rejected value [null]; codes [NotNull.agendamentoViagemRequest.tripId,NotNull.tripId,NotNull.java.lang.Long,NotNull]; arguments [org.springframework.context.support.DefaultMessageSourceResolvable: codes [agendamentoViagemRequest.tripId,tripId]; arguments []; default message [tripId]]; default message [nÒo deve ser nulo]] [Field error in object 'agendamentoViagemRequest' on field 'titulo': rejected value [null]; codes [NotBlank.agendamentoViagemRequest.titulo,NotBlank.titulo,NotBlank.java.lang.String,NotBlank]; arguments [org.springframework.context.support.DefaultMessageSourceResolvable: codes [agendamentoViagemRequest.titulo,titulo]; arguments []; default message [titulo]]; default message [nÒo deve estar em branco]] [Field error in object 'agendamentoViagemRequest' on field 'inicioEm': rejected value [null]; codes [NotNull.agendamentoViagemRequest.inicioEm,NotNull.inicioEm,NotNull.java.time.OffsetDateTime,NotNull]; arguments [org.springframework.context.support.DefaultMessageSourceResolvable: codes [agendamentoViagemRequest.inicioEm,inicioEm]; arguments []; default message [inicioEm]]; default message [nÒo deve ser nulo]] [Field error in object 'agendamentoViagemRequest' on field 'fusoHorario': rejected value [null]; codes [NotBlank.agendamentoViagemRequest.fusoHorario,NotBlank.fusoHorario,NotBlank.java.lang.String,NotBlank]; arguments [org.springframework.context.support.DefaultMessageSourceResolvable: codes [agendamentoViagemRequest.fusoHorario,fusoHorario]; arguments []; default message [fusoHorario]]; default message [nÒo deve estar em branco]] [Field error in object 'agendamentoViagemRequest' on field 'usuarioId': rejected value [null]; codes [NotNull.agendamentoViagemRequest.usuarioId,NotNull.usuarioId,NotNull.java.lang.Long,NotNull]; arguments [org.springframework.context.support.DefaultMessageSourceResolvable: codes [agendamentoViagemRequest.usuarioId,usuarioId]; arguments []; default message [usuarioId]]; default message [nÒo deve ser nulo]] ]
2026-03-27T20:48:23.444-03:00 DEBUG 25092 --- [ServiceGo] [nio-8080-exec-2] o.s.web.servlet.DispatcherServlet        : Completed 400 BAD_REQUEST
2026-03-27T20:48:23.460-03:00 DEBUG 25092 --- [ServiceGo] [nio-8080-exec-2] o.s.web.servlet.DispatcherServlet        : "ERROR" dispatch for GET "/error", parameters={}
2026-03-27T20:48:23.466-03:00 DEBUG 25092 --- [ServiceGo] [nio-8080-exec-2] s.w.s.m.m.a.RequestMappingHandlerMapping : Mapped to org.springframework.boot.webmvc.autoconfigure.error.BasicErrorController#error(HttpServletRequest)
2026-03-27T20:48:23.483-03:00 DEBUG 25092 --- [ServiceGo] [nio-8080-exec-2] o.s.w.s.m.m.a.HttpEntityMethodProcessor  : Using 'application/json', given [*/*] and supported [application/json, application/*+json, application/yaml]
2026-03-27T20:48:23.484-03:00 DEBUG 25092 --- [ServiceGo] [nio-8080-exec-2] o.s.w.s.m.m.a.HttpEntityMethodProcessor  : Writing [{timestamp=Fri Mar 27 20:48:23 BRT 2026, status=400, error=Bad Request, path=/api/agendamentos/13}]
2026-03-27T20:48:23.502-03:00 DEBUG 25092 --- [ServiceGo] [nio-8080-exec-2] o.s.web.servlet.DispatcherServlet        : Exiting from "ERROR" dispatch, status 400
2026-03-27T20:48:23.533-03:00 DEBUG 25092 --- [ServiceGo] [nio-8080-exec-3] org.hibernate.SQL                        : 
    select
        au1_0.id,
        au1_0.active,
        au1_0.created_at,
        au1_0.email,
        au1_0.name,
        au1_0.password_hash,
        au1_0.plan_type,
        au1_0.role,
        au1_0.subscription_ends_at,
        au1_0.subscription_source,
        au1_0.subscription_status,
        au1_0.trial_ends_at 
    from
        app_users au1_0 
    where
        upper(au1_0.email)=upper(?) 
        and au1_0.active=true
Hibernate: 
    select
        au1_0.id,
        au1_0.active,
        au1_0.created_at,
        au1_0.email,
        au1_0.name,
        au1_0.password_hash,
        au1_0.plan_type,
        au1_0.role,
        au1_0.subscription_ends_at,
        au1_0.subscription_source,
        au1_0.subscription_status,
        au1_0.trial_ends_at 
    from
        app_users au1_0 
    where
        upper(au1_0.email)=upper(?) 
        and au1_0.active=true
2026-03-27T20:48:23.542-03:00 DEBUG 25092 --- [ServiceGo] [nio-8080-exec-3] o.s.web.servlet.DispatcherServlet        : PUT "/api/agendamentos/13", parameters={}
2026-03-27T20:48:23.544-03:00 DEBUG 25092 --- [ServiceGo] [nio-8080-exec-3] s.w.s.m.m.a.RequestMappingHandlerMapping : Mapped to com.ServiceGo.api.controller.AgendamentoViagemController#update(Long, AgendamentoViagemRequest, Authentication)
2026-03-27T20:48:23.545-03:00 DEBUG 25092 --- [ServiceGo] [nio-8080-exec-3] m.m.a.RequestResponseBodyMethodProcessor : Read "application/json;charset=UTF-8" to [AgendamentoViagemRequest[tripId=null, usuarioId=null, titulo=null, descricao=null, localEvento=null, (truncated)...]
2026-03-27T20:48:23.550-03:00  WARN 25092 --- [ServiceGo] [nio-8080-exec-3] .w.s.m.s.DefaultHandlerExceptionResolver : Resolved [org.springframework.web.bind.MethodArgumentNotValidException: Validation failed for argument [1] in public com.ServiceGo.api.dto.agendamento.AgendamentoViagemResponse com.ServiceGo.api.controller.AgendamentoViagemController.update(java.lang.Long,com.ServiceGo.api.dto.agendamento.AgendamentoViagemRequest,org.springframework.security.core.Authentication) with 5 errors: [Field error in object 'agendamentoViagemRequest' on field 'tripId': rejected value [null]; codes [NotNull.agendamentoViagemRequest.tripId,NotNull.tripId,NotNull.java.lang.Long,NotNull]; arguments [org.springframework.context.support.DefaultMessageSourceResolvable: codes [agendamentoViagemRequest.tripId,tripId]; arguments []; default message [tripId]]; default message [nÒo deve ser nulo]] [Field error in object 'agendamentoViagemRequest' on field 'titulo': rejected value [null]; codes [NotBlank.agendamentoViagemRequest.titulo,NotBlank.titulo,NotBlank.java.lang.String,NotBlank]; arguments [org.springframework.context.support.DefaultMessageSourceResolvable: codes [agendamentoViagemRequest.titulo,titulo]; arguments []; default message [titulo]]; default message [nÒo deve estar em branco]] [Field error in object 'agendamentoViagemRequest' on field 'inicioEm': rejected value [null]; codes [NotNull.agendamentoViagemRequest.inicioEm,NotNull.inicioEm,NotNull.java.time.OffsetDateTime,NotNull]; arguments [org.springframework.context.support.DefaultMessageSourceResolvable: codes [agendamentoViagemRequest.inicioEm,inicioEm]; arguments []; default message [inicioEm]]; default message [nÒo deve ser nulo]] [Field error in object 'agendamentoViagemRequest' on field 'fusoHorario': rejected value [null]; codes [NotBlank.agendamentoViagemRequest.fusoHorario,NotBlank.fusoHorario,NotBlank.java.lang.String,NotBlank]; arguments [org.springframework.context.support.DefaultMessageSourceResolvable: codes [agendamentoViagemRequest.fusoHorario,fusoHorario]; arguments []; default message [fusoHorario]]; default message [nÒo deve estar em branco]] [Field error in object 'agendamentoViagemRequest' on field 'usuarioId': rejected value [null]; codes [NotNull.agendamentoViagemRequest.usuarioId,NotNull.usuarioId,NotNull.java.lang.Long,NotNull]; arguments [org.springframework.context.support.DefaultMessageSourceResolvable: codes [agendamentoViagemRequest.usuarioId,usuarioId]; arguments []; default message [usuarioId]]; default message [nÒo deve ser nulo]] ]
2026-03-27T20:48:23.551-03:00 DEBUG 25092 --- [ServiceGo] [nio-8080-exec-3] o.s.web.servlet.DispatcherServlet        : Completed 400 BAD_REQUEST
2026-03-27T20:48:23.556-03:00 DEBUG 25092 --- [ServiceGo] [nio-8080-exec-3] o.s.web.servlet.DispatcherServlet        : "ERROR" dispatch for GET "/error", parameters={}
2026-03-27T20:48:23.557-03:00 DEBUG 25092 --- [ServiceGo] [nio-8080-exec-3] s.w.s.m.m.a.RequestMappingHandlerMapping : Mapped to org.springframework.boot.webmvc.autoconfigure.error.BasicErrorController#error(HttpServletRequest)
2026-03-27T20:48:23.558-03:00 DEBUG 25092 --- [ServiceGo] [nio-8080-exec-3] o.s.w.s.m.m.a.HttpEntityMethodProcessor  : Using 'application/json', given [*/*] and supported [application/json, application/*+json, application/yaml]
2026-03-27T20:48:23.558-03:00 DEBUG 25092 --- [ServiceGo] [nio-8080-exec-3] o.s.w.s.m.m.a.HttpEntityMethodProcessor  : Writing [{timestamp=Fri Mar 27 20:48:23 BRT 2026, status=400, error=Bad Request, path=/api/agendamentos/13}]
2026-03-27T20:48:23.561-03:00 DEBUG 25092 --- [ServiceGo] [nio-8080-exec-3] o.s.web.servlet.DispatcherServlet        : Exiting from "ERROR" dispatch, status 400
2026-03-27T20:49:10.572-03:00 DEBUG 25092 --- [ServiceGo] [nio-8080-exec-4] o.s.web.servlet.DispatcherServlet        : POST "/api/auth/login", parameters={}
2026-03-27T20:49:10.573-03:00 DEBUG 25092 --- [ServiceGo] [nio-8080-exec-4] s.w.s.m.m.a.RequestMappingHandlerMapping : Mapped to com.ServiceGo.api.controller.AuthController#login(LoginRequest)
2026-03-27T20:49:10.575-03:00 DEBUG 25092 --- [ServiceGo] [nio-8080-exec-4] m.m.a.RequestResponseBodyMethodProcessor : Read "application/json;charset=UTF-8" to [LoginRequest[email=admin@servicego.local, password=admin123]]
2026-03-27T20:49:10.583-03:00 DEBUG 25092 --- [ServiceGo] [nio-8080-exec-4] org.hibernate.SQL                        : 
    select
        au1_0.id,
        au1_0.active,
        au1_0.created_at,
        au1_0.email,
        au1_0.name,
        au1_0.password_hash,
        au1_0.plan_type,
        au1_0.role,
        au1_0.subscription_ends_at,
        au1_0.subscription_source,
        au1_0.subscription_status,
        au1_0.trial_ends_at 
    from
        app_users au1_0 
    where
        upper(au1_0.email)=upper(?) 
        and au1_0.active=true
Hibernate: 
    select
        au1_0.id,
        au1_0.active,
        au1_0.created_at,
        au1_0.email,
        au1_0.name,
        au1_0.password_hash,
        au1_0.plan_type,
        au1_0.role,
        au1_0.subscription_ends_at,
        au1_0.subscription_source,
        au1_0.subscription_status,
        au1_0.trial_ends_at 
    from
        app_users au1_0 
    where
        upper(au1_0.email)=upper(?) 
        and au1_0.active=true
2026-03-27T20:49:10.848-03:00 DEBUG 25092 --- [ServiceGo] [nio-8080-exec-4] org.hibernate.SQL                        : 
    select
        au1_0.id,
        au1_0.active,
        au1_0.created_at,
        au1_0.email,
        au1_0.name,
        au1_0.password_hash,
        au1_0.plan_type,
        au1_0.role,
        au1_0.subscription_ends_at,
        au1_0.subscription_source,
        au1_0.subscription_status,
        au1_0.trial_ends_at 
    from
        app_users au1_0 
    where
        upper(au1_0.email)=upper(?)
Hibernate: 
    select
        au1_0.id,
        au1_0.active,
        au1_0.created_at,
        au1_0.email,
        au1_0.name,
        au1_0.password_hash,
        au1_0.plan_type,
        au1_0.role,
        au1_0.subscription_ends_at,
        au1_0.subscription_source,
        au1_0.subscription_status,
        au1_0.trial_ends_at 
    from
        app_users au1_0 
    where
        upper(au1_0.email)=upper(?)
2026-03-27T20:49:10.856-03:00 DEBUG 25092 --- [ServiceGo] [nio-8080-exec-4] m.m.a.RequestResponseBodyMethodProcessor : Using 'application/json', given [*/*] and supported [application/json, application/*+json, application/yaml]
2026-03-27T20:49:10.856-03:00 DEBUG 25092 --- [ServiceGo] [nio-8080-exec-4] m.m.a.RequestResponseBodyMethodProcessor : Writing [LoginResponse[token=eyJhbGciOiJIUzI1NiJ9.eyJzdWIiOiJhZG1pbkBzZXJ2aWNlZ28ubG9jYWwiLCJpYXQiOjE3NzQ2NTU (truncated)...]
2026-03-27T20:49:10.857-03:00 DEBUG 25092 --- [ServiceGo] [nio-8080-exec-4] o.s.web.servlet.DispatcherServlet        : Completed 200 OK
2026-03-27T20:49:11.202-03:00 DEBUG 25092 --- [ServiceGo] [nio-8080-exec-6] org.hibernate.SQL                        : 
    select
        au1_0.id,
        au1_0.active,
        au1_0.created_at,
        au1_0.email,
        au1_0.name,
        au1_0.password_hash,
        au1_0.plan_type,
        au1_0.role,
        au1_0.subscription_ends_at,
        au1_0.subscription_source,
        au1_0.subscription_status,
        au1_0.trial_ends_at 
    from
        app_users au1_0 
    where
        upper(au1_0.email)=upper(?) 
        and au1_0.active=true
Hibernate: 
    select
        au1_0.id,
        au1_0.active,
        au1_0.created_at,
        au1_0.email,
        au1_0.name,
        au1_0.password_hash,
        au1_0.plan_type,
        au1_0.role,
        au1_0.subscription_ends_at,
        au1_0.subscription_source,
        au1_0.subscription_status,
        au1_0.trial_ends_at 
    from
        app_users au1_0 
    where
        upper(au1_0.email)=upper(?) 
        and au1_0.active=true
2026-03-27T20:49:11.211-03:00 DEBUG 25092 --- [ServiceGo] [nio-8080-exec-6] o.s.web.servlet.DispatcherServlet        : GET "/api/agendamentos/13", parameters={}
2026-03-27T20:49:11.214-03:00 DEBUG 25092 --- [ServiceGo] [nio-8080-exec-6] s.w.s.m.m.a.RequestMappingHandlerMapping : Mapped to com.ServiceGo.api.controller.AgendamentoViagemController#getById(Long, Authentication)
2026-03-27T20:49:11.221-03:00 DEBUG 25092 --- [ServiceGo] [nio-8080-exec-6] org.hibernate.SQL                        : 
    select
        au1_0.id,
        au1_0.active,
        au1_0.created_at,
        au1_0.email,
        au1_0.name,
        au1_0.password_hash,
        au1_0.plan_type,
        au1_0.role,
        au1_0.subscription_ends_at,
        au1_0.subscription_source,
        au1_0.subscription_status,
        au1_0.trial_ends_at 
    from
        app_users au1_0 
    where
        upper(au1_0.email)=upper(?)
Hibernate: 
    select
        au1_0.id,
        au1_0.active,
        au1_0.created_at,
        au1_0.email,
        au1_0.name,
        au1_0.password_hash,
        au1_0.plan_type,
        au1_0.role,
        au1_0.subscription_ends_at,
        au1_0.subscription_source,
        au1_0.subscription_status,
        au1_0.trial_ends_at 
    from
        app_users au1_0 
    where
        upper(au1_0.email)=upper(?)
2026-03-27T20:49:11.346-03:00 DEBUG 25092 --- [ServiceGo] [nio-8080-exec-6] org.hibernate.SQL                        : 
    select
        av1_0.id,
        av1_0.atualizado_em,
        av1_0.criado_em,
        av1_0.descricao,
        av1_0.fim_em,
        av1_0.fuso_horario,
        av1_0.id_evento_externo,
        av1_0.inicio_em,
        av1_0.lembrete_minutos,
        av1_0.local_evento,
        av1_0.status,
        av1_0.titulo,
        av1_0.trip_id,
        t1_0.id,
        t1_0.actual_amount,
        t1_0.app_platform,
        t1_0.created_at,
        t1_0.customer_id,
        t1_0.destination,
        t1_0.distance_km,
        t1_0.end_at,
        t1_0.estimated_amount,
        t1_0.fuel_efficiency_km_liter,
        t1_0.fuel_price,
        t1_0.fuel_type,
        t1_0.notes,
        t1_0.origin,
        t1_0.start_at,
        t1_0.status,
        t1_0.toll_amount,
        t1_0.trip_type,
        t1_0.vehicle_id,
        av1_0.usuario_id,
        u1_0.id,
        u1_0.active,
        u1_0.created_at,
        u1_0.email,
        u1_0.name,
        u1_0.password_hash,
        u1_0.plan_type,
        u1_0.role,
        u1_0.subscription_ends_at,
        u1_0.subscription_source,
        u1_0.subscription_status,
        u1_0.trial_ends_at 
    from
        agendamentos_viagem av1_0 
    join
        trips t1_0 
            on t1_0.id=av1_0.trip_id 
    join
        app_users u1_0 
            on u1_0.id=av1_0.usuario_id 
    where
        av1_0.id=?
Hibernate: 
    select
        av1_0.id,
        av1_0.atualizado_em,
        av1_0.criado_em,
        av1_0.descricao,
        av1_0.fim_em,
        av1_0.fuso_horario,
        av1_0.id_evento_externo,
        av1_0.inicio_em,
        av1_0.lembrete_minutos,
        av1_0.local_evento,
        av1_0.status,
        av1_0.titulo,
        av1_0.trip_id,
        t1_0.id,
        t1_0.actual_amount,
        t1_0.app_platform,
        t1_0.created_at,
        t1_0.customer_id,
        t1_0.destination,
        t1_0.distance_km,
        t1_0.end_at,
        t1_0.estimated_amount,
        t1_0.fuel_efficiency_km_liter,
        t1_0.fuel_price,
        t1_0.fuel_type,
        t1_0.notes,
        t1_0.origin,
        t1_0.start_at,
        t1_0.status,
        t1_0.toll_amount,
        t1_0.trip_type,
        t1_0.vehicle_id,
        av1_0.usuario_id,
        u1_0.id,
        u1_0.active,
        u1_0.created_at,
        u1_0.email,
        u1_0.name,
        u1_0.password_hash,
        u1_0.plan_type,
        u1_0.role,
        u1_0.subscription_ends_at,
        u1_0.subscription_source,
        u1_0.subscription_status,
        u1_0.trial_ends_at 
    from
        agendamentos_viagem av1_0 
    join
        trips t1_0 
            on t1_0.id=av1_0.trip_id 
    join
        app_users u1_0 
            on u1_0.id=av1_0.usuario_id 
    where
        av1_0.id=?
2026-03-27T20:49:11.414-03:00 DEBUG 25092 --- [ServiceGo] [nio-8080-exec-6] m.m.a.RequestResponseBodyMethodProcessor : Using 'application/json', given [*/*] and supported [application/json, application/*+json, application/yaml]
2026-03-27T20:49:11.428-03:00 DEBUG 25092 --- [ServiceGo] [nio-8080-exec-6] m.m.a.RequestResponseBodyMethodProcessor : Writing [AgendamentoViagemResponse[id=13, tripId=12, usuarioId=2, usuarioNome=Eber Cintra, titulo=TESTE PEDAG (truncated)...]
2026-03-27T20:49:11.436-03:00 DEBUG 25092 --- [ServiceGo] [nio-8080-exec-6] o.s.web.servlet.DispatcherServlet        : Completed 200 OK
2026-03-27T20:49:28.902-03:00 DEBUG 25092 --- [ServiceGo] [nio-8080-exec-8] o.s.web.servlet.DispatcherServlet        : POST "/api/auth/login", parameters={}
2026-03-27T20:49:28.904-03:00 DEBUG 25092 --- [ServiceGo] [nio-8080-exec-8] s.w.s.m.m.a.RequestMappingHandlerMapping : Mapped to com.ServiceGo.api.controller.AuthController#login(LoginRequest)
2026-03-27T20:49:28.905-03:00 DEBUG 25092 --- [ServiceGo] [nio-8080-exec-8] m.m.a.RequestResponseBodyMethodProcessor : Read "application/json;charset=UTF-8" to [LoginRequest[email=admin@servicego.local, password=admin123]]
2026-03-27T20:49:28.911-03:00 DEBUG 25092 --- [ServiceGo] [nio-8080-exec-8] org.hibernate.SQL                        : 
    select
        au1_0.id,
        au1_0.active,
        au1_0.created_at,
        au1_0.email,
        au1_0.name,
        au1_0.password_hash,
        au1_0.plan_type,
        au1_0.role,
        au1_0.subscription_ends_at,
        au1_0.subscription_source,
        au1_0.subscription_status,
        au1_0.trial_ends_at 
    from
        app_users au1_0 
    where
        upper(au1_0.email)=upper(?) 
        and au1_0.active=true
Hibernate: 
    select
        au1_0.id,
        au1_0.active,
        au1_0.created_at,
        au1_0.email,
        au1_0.name,
        au1_0.password_hash,
        au1_0.plan_type,
        au1_0.role,
        au1_0.subscription_ends_at,
        au1_0.subscription_source,
        au1_0.subscription_status,
        au1_0.trial_ends_at 
    from
        app_users au1_0 
    where
        upper(au1_0.email)=upper(?) 
        and au1_0.active=true
2026-03-27T20:49:29.178-03:00 DEBUG 25092 --- [ServiceGo] [nio-8080-exec-8] org.hibernate.SQL                        : 
    select
        au1_0.id,
        au1_0.active,
        au1_0.created_at,
        au1_0.email,
        au1_0.name,
        au1_0.password_hash,
        au1_0.plan_type,
        au1_0.role,
        au1_0.subscription_ends_at,
        au1_0.subscription_source,
        au1_0.subscription_status,
        au1_0.trial_ends_at 
    from
        app_users au1_0 
    where
        upper(au1_0.email)=upper(?)
Hibernate: 
    select
        au1_0.id,
        au1_0.active,
        au1_0.created_at,
        au1_0.email,
        au1_0.name,
        au1_0.password_hash,
        au1_0.plan_type,
        au1_0.role,
        au1_0.subscription_ends_at,
        au1_0.subscription_source,
        au1_0.subscription_status,
        au1_0.trial_ends_at 
    from
        app_users au1_0 
    where
        upper(au1_0.email)=upper(?)
2026-03-27T20:49:29.185-03:00 DEBUG 25092 --- [ServiceGo] [nio-8080-exec-8] m.m.a.RequestResponseBodyMethodProcessor : Using 'application/json', given [*/*] and supported [application/json, application/*+json, application/yaml]
2026-03-27T20:49:29.186-03:00 DEBUG 25092 --- [ServiceGo] [nio-8080-exec-8] m.m.a.RequestResponseBodyMethodProcessor : Writing [LoginResponse[token=eyJhbGciOiJIUzI1NiJ9.eyJzdWIiOiJhZG1pbkBzZXJ2aWNlZ28ubG9jYWwiLCJpYXQiOjE3NzQ2NTU (truncated)...]
2026-03-27T20:49:29.189-03:00 DEBUG 25092 --- [ServiceGo] [nio-8080-exec-8] o.s.web.servlet.DispatcherServlet        : Completed 200 OK
2026-03-27T20:49:29.530-03:00 DEBUG 25092 --- [ServiceGo] [io-8080-exec-10] org.hibernate.SQL                        : 
    select
        au1_0.id,
        au1_0.active,
        au1_0.created_at,
        au1_0.email,
        au1_0.name,
        au1_0.password_hash,
        au1_0.plan_type,
        au1_0.role,
        au1_0.subscription_ends_at,
        au1_0.subscription_source,
        au1_0.subscription_status,
        au1_0.trial_ends_at 
    from
        app_users au1_0 
    where
        upper(au1_0.email)=upper(?) 
        and au1_0.active=true
Hibernate: 
    select
        au1_0.id,
        au1_0.active,
        au1_0.created_at,
        au1_0.email,
        au1_0.name,
        au1_0.password_hash,
        au1_0.plan_type,
        au1_0.role,
        au1_0.subscription_ends_at,
        au1_0.subscription_source,
        au1_0.subscription_status,
        au1_0.trial_ends_at 
    from
        app_users au1_0 
    where
        upper(au1_0.email)=upper(?) 
        and au1_0.active=true
2026-03-27T20:49:29.537-03:00 DEBUG 25092 --- [ServiceGo] [io-8080-exec-10] o.s.web.servlet.DispatcherServlet        : PUT "/api/agendamentos/13", parameters={}
2026-03-27T20:49:29.538-03:00 DEBUG 25092 --- [ServiceGo] [io-8080-exec-10] s.w.s.m.m.a.RequestMappingHandlerMapping : Mapped to com.ServiceGo.api.controller.AgendamentoViagemController#update(Long, AgendamentoViagemRequest, Authentication)
2026-03-27T20:49:29.549-03:00 DEBUG 25092 --- [ServiceGo] [io-8080-exec-10] m.m.a.RequestResponseBodyMethodProcessor : Read "application/json;charset=UTF-8" to [AgendamentoViagemRequest[tripId=12, usuarioId=2, titulo=TESTE PEDAGIO AUTO, descricao=Concluir este  (truncated)...]
2026-03-27T20:49:29.557-03:00 DEBUG 25092 --- [ServiceGo] [io-8080-exec-10] org.hibernate.SQL                        : 
    select
        au1_0.id,
        au1_0.active,
        au1_0.created_at,
        au1_0.email,
        au1_0.name,
        au1_0.password_hash,
        au1_0.plan_type,
        au1_0.role,
        au1_0.subscription_ends_at,
        au1_0.subscription_source,
        au1_0.subscription_status,
        au1_0.trial_ends_at 
    from
        app_users au1_0 
    where
        upper(au1_0.email)=upper(?)
Hibernate: 
    select
        au1_0.id,
        au1_0.active,
        au1_0.created_at,
        au1_0.email,
        au1_0.name,
        au1_0.password_hash,
        au1_0.plan_type,
        au1_0.role,
        au1_0.subscription_ends_at,
        au1_0.subscription_source,
        au1_0.subscription_status,
        au1_0.trial_ends_at 
    from
        app_users au1_0 
    where
        upper(au1_0.email)=upper(?)
2026-03-27T20:49:29.576-03:00 DEBUG 25092 --- [ServiceGo] [io-8080-exec-10] org.hibernate.SQL                        : 
    select
        av1_0.id,
        av1_0.atualizado_em,
        av1_0.criado_em,
        av1_0.descricao,
        av1_0.fim_em,
        av1_0.fuso_horario,
        av1_0.id_evento_externo,
        av1_0.inicio_em,
        av1_0.lembrete_minutos,
        av1_0.local_evento,
        av1_0.status,
        av1_0.titulo,
        av1_0.trip_id,
        t1_0.id,
        t1_0.actual_amount,
        t1_0.app_platform,
        t1_0.created_at,
        t1_0.customer_id,
        t1_0.destination,
        t1_0.distance_km,
        t1_0.end_at,
        t1_0.estimated_amount,
        t1_0.fuel_efficiency_km_liter,
        t1_0.fuel_price,
        t1_0.fuel_type,
        t1_0.notes,
        t1_0.origin,
        t1_0.start_at,
        t1_0.status,
        t1_0.toll_amount,
        t1_0.trip_type,
        t1_0.vehicle_id,
        av1_0.usuario_id,
        u1_0.id,
        u1_0.active,
        u1_0.created_at,
        u1_0.email,
        u1_0.name,
        u1_0.password_hash,
        u1_0.plan_type,
        u1_0.role,
        u1_0.subscription_ends_at,
        u1_0.subscription_source,
        u1_0.subscription_status,
        u1_0.trial_ends_at 
    from
        agendamentos_viagem av1_0 
    join
        trips t1_0 
            on t1_0.id=av1_0.trip_id 
    join
        app_users u1_0 
            on u1_0.id=av1_0.usuario_id 
    where
        av1_0.id=?
Hibernate: 
    select
        av1_0.id,
        av1_0.atualizado_em,
        av1_0.criado_em,
        av1_0.descricao,
        av1_0.fim_em,
        av1_0.fuso_horario,
        av1_0.id_evento_externo,
        av1_0.inicio_em,
        av1_0.lembrete_minutos,
        av1_0.local_evento,
        av1_0.status,
        av1_0.titulo,
        av1_0.trip_id,
        t1_0.id,
        t1_0.actual_amount,
        t1_0.app_platform,
        t1_0.created_at,
        t1_0.customer_id,
        t1_0.destination,
        t1_0.distance_km,
        t1_0.end_at,
        t1_0.estimated_amount,
        t1_0.fuel_efficiency_km_liter,
        t1_0.fuel_price,
        t1_0.fuel_type,
        t1_0.notes,
        t1_0.origin,
        t1_0.start_at,
        t1_0.status,
        t1_0.toll_amount,
        t1_0.trip_type,
        t1_0.vehicle_id,
        av1_0.usuario_id,
        u1_0.id,
        u1_0.active,
        u1_0.created_at,
        u1_0.email,
        u1_0.name,
        u1_0.password_hash,
        u1_0.plan_type,
        u1_0.role,
        u1_0.subscription_ends_at,
        u1_0.subscription_source,
        u1_0.subscription_status,
        u1_0.trial_ends_at 
    from
        agendamentos_viagem av1_0 
    join
        trips t1_0 
            on t1_0.id=av1_0.trip_id 
    join
        app_users u1_0 
            on u1_0.id=av1_0.usuario_id 
    where
        av1_0.id=?
2026-03-27T20:49:29.633-03:00 DEBUG 25092 --- [ServiceGo] [io-8080-exec-10] org.hibernate.SQL                        : 
    select
        au1_0.id,
        au1_0.active,
        au1_0.created_at,
        au1_0.email,
        au1_0.name,
        au1_0.password_hash,
        au1_0.plan_type,
        au1_0.role,
        au1_0.subscription_ends_at,
        au1_0.subscription_source,
        au1_0.subscription_status,
        au1_0.trial_ends_at 
    from
        app_users au1_0 
    where
        upper(au1_0.email)=upper(?)
Hibernate: 
    select
        au1_0.id,
        au1_0.active,
        au1_0.created_at,
        au1_0.email,
        au1_0.name,
        au1_0.password_hash,
        au1_0.plan_type,
        au1_0.role,
        au1_0.subscription_ends_at,
        au1_0.subscription_source,
        au1_0.subscription_status,
        au1_0.trial_ends_at 
    from
        app_users au1_0 
    where
        upper(au1_0.email)=upper(?)
2026-03-27T20:49:29.639-03:00 DEBUG 25092 --- [ServiceGo] [io-8080-exec-10] org.hibernate.SQL                        : 
    select
        au1_0.id,
        au1_0.active,
        au1_0.created_at,
        au1_0.email,
        au1_0.name,
        au1_0.password_hash,
        au1_0.plan_type,
        au1_0.role,
        au1_0.subscription_ends_at,
        au1_0.subscription_source,
        au1_0.subscription_status,
        au1_0.trial_ends_at 
    from
        app_users au1_0 
    where
        upper(au1_0.email)=upper(?)
Hibernate: 
    select
        au1_0.id,
        au1_0.active,
        au1_0.created_at,
        au1_0.email,
        au1_0.name,
        au1_0.password_hash,
        au1_0.plan_type,
        au1_0.role,
        au1_0.subscription_ends_at,
        au1_0.subscription_source,
        au1_0.subscription_status,
        au1_0.trial_ends_at 
    from
        app_users au1_0 
    where
        upper(au1_0.email)=upper(?)
2026-03-27T20:49:29.656-03:00 DEBUG 25092 --- [ServiceGo] [io-8080-exec-10] org.hibernate.SQL                        : 
    select
        au1_0.id,
        au1_0.active,
        au1_0.created_at,
        au1_0.email,
        au1_0.name,
        au1_0.password_hash,
        au1_0.plan_type,
        au1_0.role,
        au1_0.subscription_ends_at,
        au1_0.subscription_source,
        au1_0.subscription_status,
        au1_0.trial_ends_at 
    from
        app_users au1_0 
    where
        upper(au1_0.email)=upper(?)
Hibernate: 
    select
        au1_0.id,
        au1_0.active,
        au1_0.created_at,
        au1_0.email,
        au1_0.name,
        au1_0.password_hash,
        au1_0.plan_type,
        au1_0.role,
        au1_0.subscription_ends_at,
        au1_0.subscription_source,
        au1_0.subscription_status,
        au1_0.trial_ends_at 
    from
        app_users au1_0 
    where
        upper(au1_0.email)=upper(?)
2026-03-27T20:49:29.728-03:00 DEBUG 25092 --- [ServiceGo] [io-8080-exec-10] org.hibernate.SQL                        : 
    select
        e1_0.id,
        e1_0.amount,
        e1_0.category,
        e1_0.description,
        e1_0.occurred_at,
        t1_0.id,
        t1_0.actual_amount,
        t1_0.app_platform,
        t1_0.created_at,
        t1_0.customer_id,
        t1_0.destination,
        t1_0.distance_km,
        t1_0.end_at,
        t1_0.estimated_amount,
        t1_0.fuel_efficiency_km_liter,
        t1_0.fuel_price,
        t1_0.fuel_type,
        t1_0.notes,
        t1_0.origin,
        t1_0.start_at,
        t1_0.status,
        t1_0.toll_amount,
        t1_0.trip_type,
        t1_0.vehicle_id,
        v2_0.id,
        v2_0.ano,
        v2_0.ativo,
        v2_0.cor,
        v2_0.dono_usuario_id,
        v2_0.km_atual,
        v2_0.modelo,
        v2_0.placa 
    from
        expenses e1_0 
    left join
        trips t1_0 
            on t1_0.id=e1_0.trip_id 
    left join
        veiculos v2_0 
            on v2_0.id=e1_0.vehicle_id 
    where
        e1_0.trip_id=?
Hibernate: 
    select
        e1_0.id,
        e1_0.amount,
        e1_0.category,
        e1_0.description,
        e1_0.occurred_at,
        t1_0.id,
        t1_0.actual_amount,
        t1_0.app_platform,
        t1_0.created_at,
        t1_0.customer_id,
        t1_0.destination,
        t1_0.distance_km,
        t1_0.end_at,
        t1_0.estimated_amount,
        t1_0.fuel_efficiency_km_liter,
        t1_0.fuel_price,
        t1_0.fuel_type,
        t1_0.notes,
        t1_0.origin,
        t1_0.start_at,
        t1_0.status,
        t1_0.toll_amount,
        t1_0.trip_type,
        t1_0.vehicle_id,
        v2_0.id,
        v2_0.ano,
        v2_0.ativo,
        v2_0.cor,
        v2_0.dono_usuario_id,
        v2_0.km_atual,
        v2_0.modelo,
        v2_0.placa 
    from
        expenses e1_0 
    left join
        trips t1_0 
            on t1_0.id=e1_0.trip_id 
    left join
        veiculos v2_0 
            on v2_0.id=e1_0.vehicle_id 
    where
        e1_0.trip_id=?
2026-03-27T20:49:29.828-03:00 DEBUG 25092 --- [ServiceGo] [io-8080-exec-10] org.hibernate.SQL                        : 
    insert 
    into
        expenses
        (amount, category, description, occurred_at, trip_id, vehicle_id) 
    values
        (?, ?, ?, ?, ?, ?)
Hibernate: 
    insert 
    into
        expenses
        (amount, category, description, occurred_at, trip_id, vehicle_id) 
    values
        (?, ?, ?, ?, ?, ?)
2026-03-27T20:49:30.013-03:00 DEBUG 25092 --- [ServiceGo] [io-8080-exec-10] org.hibernate.SQL                        : 
    update
        agendamentos_viagem 
    set
        atualizado_em=?,
        criado_em=?,
        descricao=?,
        fim_em=?,
        fuso_horario=?,
        id_evento_externo=?,
        inicio_em=?,
        lembrete_minutos=?,
        local_evento=?,
        status=?,
        titulo=?,
        trip_id=?,
        usuario_id=? 
    where
        id=?
Hibernate: 
    update
        agendamentos_viagem 
    set
        atualizado_em=?,
        criado_em=?,
        descricao=?,
        fim_em=?,
        fuso_horario=?,
        id_evento_externo=?,
        inicio_em=?,
        lembrete_minutos=?,
        local_evento=?,
        status=?,
        titulo=?,
        trip_id=?,
        usuario_id=? 
    where
        id=?
2026-03-27T20:49:30.044-03:00 DEBUG 25092 --- [ServiceGo] [io-8080-exec-10] m.m.a.RequestResponseBodyMethodProcessor : Using 'application/json', given [*/*] and supported [application/json, application/*+json, application/yaml]
2026-03-27T20:49:30.045-03:00 DEBUG 25092 --- [ServiceGo] [io-8080-exec-10] m.m.a.RequestResponseBodyMethodProcessor : Writing [AgendamentoViagemResponse[id=13, tripId=12, usuarioId=2, usuarioNome=Eber Cintra, titulo=TESTE PEDAG (truncated)...]
2026-03-27T20:49:30.050-03:00 DEBUG 25092 --- [ServiceGo] [io-8080-exec-10] o.s.web.servlet.DispatcherServlet        : Completed 200 OK
2026-03-27T20:50:56.861-03:00 DEBUG 25092 --- [ServiceGo] [nio-8080-exec-3] org.hibernate.SQL                        : 
    select
        au1_0.id,
        au1_0.active,
        au1_0.created_at,
        au1_0.email,
        au1_0.name,
        au1_0.password_hash,
        au1_0.plan_type,
        au1_0.role,
        au1_0.subscription_ends_at,
        au1_0.subscription_source,
        au1_0.subscription_status,
        au1_0.trial_ends_at 
    from
        app_users au1_0 
    where
        upper(au1_0.email)=upper(?) 
        and au1_0.active=true
Hibernate: 
    select
        au1_0.id,
        au1_0.active,
        au1_0.created_at,
        au1_0.email,
        au1_0.name,
        au1_0.password_hash,
        au1_0.plan_type,
        au1_0.role,
        au1_0.subscription_ends_at,
        au1_0.subscription_source,
        au1_0.subscription_status,
        au1_0.trial_ends_at 
    from
        app_users au1_0 
    where
        upper(au1_0.email)=upper(?) 
        and au1_0.active=true
2026-03-27T20:50:56.861-03:00 DEBUG 25092 --- [ServiceGo] [nio-8080-exec-4] org.hibernate.SQL                        : 
    select
        au1_0.id,
        au1_0.active,
        au1_0.created_at,
        au1_0.email,
        au1_0.name,
        au1_0.password_hash,
        au1_0.plan_type,
        au1_0.role,
        au1_0.subscription_ends_at,
        au1_0.subscription_source,
        au1_0.subscription_status,
        au1_0.trial_ends_at 
    from
        app_users au1_0 
    where
        upper(au1_0.email)=upper(?) 
        and au1_0.active=true
Hibernate: 
    select
        au1_0.id,
        au1_0.active,
        au1_0.created_at,
        au1_0.email,
        au1_0.name,
        au1_0.password_hash,
        au1_0.plan_type,
        au1_0.role,
        au1_0.subscription_ends_at,
        au1_0.subscription_source,
        au1_0.subscription_status,
        au1_0.trial_ends_at 
    from
        app_users au1_0 
    where
        upper(au1_0.email)=upper(?) 
        and au1_0.active=true
2026-03-27T20:50:56.861-03:00 DEBUG 25092 --- [ServiceGo] [nio-8080-exec-2] org.hibernate.SQL                        : 
    select
        au1_0.id,
        au1_0.active,
        au1_0.created_at,
        au1_0.email,
        au1_0.name,
        au1_0.password_hash,
        au1_0.plan_type,
        au1_0.role,
        au1_0.subscription_ends_at,
        au1_0.subscription_source,
        au1_0.subscription_status,
        au1_0.trial_ends_at 
    from
        app_users au1_0 
    where
        upper(au1_0.email)=upper(?) 
        and au1_0.active=true
Hibernate: 
    select
        au1_0.id,
        au1_0.active,
        au1_0.created_at,
        au1_0.email,
        au1_0.name,
        au1_0.password_hash,
        au1_0.plan_type,
        au1_0.role,
        au1_0.subscription_ends_at,
        au1_0.subscription_source,
        au1_0.subscription_status,
        au1_0.trial_ends_at 
    from
        app_users au1_0 
    where
        upper(au1_0.email)=upper(?) 
        and au1_0.active=true
2026-03-27T20:50:56.859-03:00 DEBUG 25092 --- [ServiceGo] [nio-8080-exec-5] org.hibernate.SQL                        : 
    select
        au1_0.id,
        au1_0.active,
        au1_0.created_at,
        au1_0.email,
        au1_0.name,
        au1_0.password_hash,
        au1_0.plan_type,
        au1_0.role,
        au1_0.subscription_ends_at,
        au1_0.subscription_source,
        au1_0.subscription_status,
        au1_0.trial_ends_at 
    from
        app_users au1_0 
    where
        upper(au1_0.email)=upper(?) 
        and au1_0.active=true
Hibernate: 
    select
        au1_0.id,
        au1_0.active,
        au1_0.created_at,
        au1_0.email,
        au1_0.name,
        au1_0.password_hash,
        au1_0.plan_type,
        au1_0.role,
        au1_0.subscription_ends_at,
        au1_0.subscription_source,
        au1_0.subscription_status,
        au1_0.trial_ends_at 
    from
        app_users au1_0 
    where
        upper(au1_0.email)=upper(?) 
        and au1_0.active=true
2026-03-27T20:50:56.887-03:00 DEBUG 25092 --- [ServiceGo] [nio-8080-exec-6] org.hibernate.SQL                        : 
    select
        au1_0.id,
        au1_0.active,
        au1_0.created_at,
        au1_0.email,
        au1_0.name,
        au1_0.password_hash,
        au1_0.plan_type,
        au1_0.role,
        au1_0.subscription_ends_at,
        au1_0.subscription_source,
        au1_0.subscription_status,
        au1_0.trial_ends_at 
    from
        app_users au1_0 
    where
        upper(au1_0.email)=upper(?) 
        and au1_0.active=true
Hibernate: 
    select
        au1_0.id,
        au1_0.active,
        au1_0.created_at,
        au1_0.email,
        au1_0.name,
        au1_0.password_hash,
        au1_0.plan_type,
        au1_0.role,
        au1_0.subscription_ends_at,
        au1_0.subscription_source,
        au1_0.subscription_status,
        au1_0.trial_ends_at 
    from
        app_users au1_0 
    where
        upper(au1_0.email)=upper(?) 
        and au1_0.active=true
2026-03-27T20:50:56.909-03:00 DEBUG 25092 --- [ServiceGo] [nio-8080-exec-4] o.s.web.servlet.DispatcherServlet        : GET "/api/trips", parameters={}
2026-03-27T20:50:56.913-03:00 DEBUG 25092 --- [ServiceGo] [nio-8080-exec-2] o.s.web.servlet.DispatcherServlet        : GET "/api/payments", parameters={}
2026-03-27T20:50:56.919-03:00 DEBUG 25092 --- [ServiceGo] [nio-8080-exec-3] o.s.web.servlet.DispatcherServlet        : GET "/api/expenses", parameters={}
2026-03-27T20:50:56.920-03:00 DEBUG 25092 --- [ServiceGo] [nio-8080-exec-4] s.w.s.m.m.a.RequestMappingHandlerMapping : Mapped to com.ServiceGo.api.controller.TripController#list(Authentication)
2026-03-27T20:50:56.919-03:00 DEBUG 25092 --- [ServiceGo] [nio-8080-exec-5] o.s.web.servlet.DispatcherServlet        : GET "/api/customers", parameters={}
2026-03-27T20:50:56.927-03:00 DEBUG 25092 --- [ServiceGo] [nio-8080-exec-6] o.s.web.servlet.DispatcherServlet        : GET "/api/veiculos", parameters={}
2026-03-27T20:50:56.928-03:00 DEBUG 25092 --- [ServiceGo] [nio-8080-exec-5] s.w.s.m.m.a.RequestMappingHandlerMapping : Mapped to com.ServiceGo.api.controller.CustomerController#list(Authentication)
2026-03-27T20:50:56.928-03:00 DEBUG 25092 --- [ServiceGo] [nio-8080-exec-3] s.w.s.m.m.a.RequestMappingHandlerMapping : Mapped to com.ServiceGo.api.controller.ExpenseController#list(Authentication)
2026-03-27T20:50:56.928-03:00 DEBUG 25092 --- [ServiceGo] [nio-8080-exec-2] s.w.s.m.m.a.RequestMappingHandlerMapping : Mapped to com.ServiceGo.api.controller.PaymentController#list(Authentication)
2026-03-27T20:50:56.934-03:00 DEBUG 25092 --- [ServiceGo] [nio-8080-exec-6] s.w.s.m.m.a.RequestMappingHandlerMapping : Mapped to com.ServiceGo.api.controller.VeiculoController#list(Authentication)
2026-03-27T20:50:56.937-03:00 DEBUG 25092 --- [ServiceGo] [nio-8080-exec-4] org.hibernate.SQL                        : 
    select
        au1_0.id,
        au1_0.active,
        au1_0.created_at,
        au1_0.email,
        au1_0.name,
        au1_0.password_hash,
        au1_0.plan_type,
        au1_0.role,
        au1_0.subscription_ends_at,
        au1_0.subscription_source,
        au1_0.subscription_status,
        au1_0.trial_ends_at 
    from
        app_users au1_0 
    where
        upper(au1_0.email)=upper(?)
Hibernate: 
    select
        au1_0.id,
        au1_0.active,
        au1_0.created_at,
        au1_0.email,
        au1_0.name,
        au1_0.password_hash,
        au1_0.plan_type,
        au1_0.role,
        au1_0.subscription_ends_at,
        au1_0.subscription_source,
        au1_0.subscription_status,
        au1_0.trial_ends_at 
    from
        app_users au1_0 
    where
        upper(au1_0.email)=upper(?)
2026-03-27T20:50:56.947-03:00 DEBUG 25092 --- [ServiceGo] [nio-8080-exec-5] org.hibernate.SQL                        : 
    select
        au1_0.id,
        au1_0.active,
        au1_0.created_at,
        au1_0.email,
        au1_0.name,
        au1_0.password_hash,
        au1_0.plan_type,
        au1_0.role,
        au1_0.subscription_ends_at,
        au1_0.subscription_source,
        au1_0.subscription_status,
        au1_0.trial_ends_at 
    from
        app_users au1_0 
    where
        upper(au1_0.email)=upper(?)
Hibernate: 
    select
        au1_0.id,
        au1_0.active,
        au1_0.created_at,
        au1_0.email,
        au1_0.name,
        au1_0.password_hash,
        au1_0.plan_type,
        au1_0.role,
        au1_0.subscription_ends_at,
        au1_0.subscription_source,
        au1_0.subscription_status,
        au1_0.trial_ends_at 
    from
        app_users au1_0 
    where
        upper(au1_0.email)=upper(?)
2026-03-27T20:50:56.951-03:00 DEBUG 25092 --- [ServiceGo] [nio-8080-exec-3] org.hibernate.SQL                        : 
    select
        au1_0.id,
        au1_0.active,
        au1_0.created_at,
        au1_0.email,
        au1_0.name,
        au1_0.password_hash,
        au1_0.plan_type,
        au1_0.role,
        au1_0.subscription_ends_at,
        au1_0.subscription_source,
        au1_0.subscription_status,
        au1_0.trial_ends_at 
    from
        app_users au1_0 
    where
        upper(au1_0.email)=upper(?)
Hibernate: 
    select
        au1_0.id,
        au1_0.active,
        au1_0.created_at,
        au1_0.email,
        au1_0.name,
        au1_0.password_hash,
        au1_0.plan_type,
        au1_0.role,
        au1_0.subscription_ends_at,
        au1_0.subscription_source,
        au1_0.subscription_status,
        au1_0.trial_ends_at 
    from
        app_users au1_0 
    where
        upper(au1_0.email)=upper(?)
2026-03-27T20:50:56.951-03:00 DEBUG 25092 --- [ServiceGo] [nio-8080-exec-6] org.hibernate.SQL                        : 
    select
        au1_0.id,
        au1_0.active,
        au1_0.created_at,
        au1_0.email,
        au1_0.name,
        au1_0.password_hash,
        au1_0.plan_type,
        au1_0.role,
        au1_0.subscription_ends_at,
        au1_0.subscription_source,
        au1_0.subscription_status,
        au1_0.trial_ends_at 
    from
        app_users au1_0 
    where
        upper(au1_0.email)=upper(?)
Hibernate: 
    select
        au1_0.id,
        au1_0.active,
        au1_0.created_at,
        au1_0.email,
        au1_0.name,
        au1_0.password_hash,
        au1_0.plan_type,
        au1_0.role,
        au1_0.subscription_ends_at,
        au1_0.subscription_source,
        au1_0.subscription_status,
        au1_0.trial_ends_at 
    from
        app_users au1_0 
    where
        upper(au1_0.email)=upper(?)
2026-03-27T20:50:56.962-03:00 DEBUG 25092 --- [ServiceGo] [nio-8080-exec-2] org.hibernate.SQL                        : 
    select
        au1_0.id,
        au1_0.active,
        au1_0.created_at,
        au1_0.email,
        au1_0.name,
        au1_0.password_hash,
        au1_0.plan_type,
        au1_0.role,
        au1_0.subscription_ends_at,
        au1_0.subscription_source,
        au1_0.subscription_status,
        au1_0.trial_ends_at 
    from
        app_users au1_0 
    where
        upper(au1_0.email)=upper(?)
Hibernate: 
    select
        au1_0.id,
        au1_0.active,
        au1_0.created_at,
        au1_0.email,
        au1_0.name,
        au1_0.password_hash,
        au1_0.plan_type,
        au1_0.role,
        au1_0.subscription_ends_at,
        au1_0.subscription_source,
        au1_0.subscription_status,
        au1_0.trial_ends_at 
    from
        app_users au1_0 
    where
        upper(au1_0.email)=upper(?)
2026-03-27T20:50:56.976-03:00 DEBUG 25092 --- [ServiceGo] [nio-8080-exec-3] org.hibernate.SQL                        : 
    select
        au1_0.id,
        au1_0.active,
        au1_0.created_at,
        au1_0.email,
        au1_0.name,
        au1_0.password_hash,
        au1_0.plan_type,
        au1_0.role,
        au1_0.subscription_ends_at,
        au1_0.subscription_source,
        au1_0.subscription_status,
        au1_0.trial_ends_at 
    from
        app_users au1_0 
    where
        upper(au1_0.email)=upper(?)
Hibernate: 
    select
        au1_0.id,
        au1_0.active,
        au1_0.created_at,
        au1_0.email,
        au1_0.name,
        au1_0.password_hash,
        au1_0.plan_type,
        au1_0.role,
        au1_0.subscription_ends_at,
        au1_0.subscription_source,
        au1_0.subscription_status,
        au1_0.trial_ends_at 
    from
        app_users au1_0 
    where
        upper(au1_0.email)=upper(?)
2026-03-27T20:50:57.075-03:00 DEBUG 25092 --- [ServiceGo] [nio-8080-exec-6] org.hibernate.SQL                        : 
    select
        v1_0.id,
        v1_0.ano,
        v1_0.ativo,
        v1_0.cor,
        v1_0.dono_usuario_id,
        dv1_0.id,
        dv1_0.active,
        dv1_0.created_at,
        dv1_0.email,
        dv1_0.name,
        dv1_0.password_hash,
        dv1_0.plan_type,
        dv1_0.role,
        dv1_0.subscription_ends_at,
        dv1_0.subscription_source,
        dv1_0.subscription_status,
        dv1_0.trial_ends_at,
        v1_0.km_atual,
        v1_0.modelo,
        v1_0.placa 
    from
        veiculos v1_0 
    join
        app_users dv1_0 
            on dv1_0.id=v1_0.dono_usuario_id 
    where
        v1_0.dono_usuario_id=? 
    order by
        v1_0.modelo
Hibernate: 
    select
        v1_0.id,
        v1_0.ano,
        v1_0.ativo,
        v1_0.cor,
        v1_0.dono_usuario_id,
        dv1_0.id,
        dv1_0.active,
        dv1_0.created_at,
        dv1_0.email,
        dv1_0.name,
        dv1_0.password_hash,
        dv1_0.plan_type,
        dv1_0.role,
        dv1_0.subscription_ends_at,
        dv1_0.subscription_source,
        dv1_0.subscription_status,
        dv1_0.trial_ends_at,
        v1_0.km_atual,
        v1_0.modelo,
        v1_0.placa 
    from
        veiculos v1_0 
    join
        app_users dv1_0 
            on dv1_0.id=v1_0.dono_usuario_id 
    where
        v1_0.dono_usuario_id=? 
    order by
        v1_0.modelo
2026-03-27T20:50:57.077-03:00 DEBUG 25092 --- [ServiceGo] [nio-8080-exec-5] org.hibernate.SQL                        : 
    select
        c1_0.id,
        c1_0.created_at,
        c1_0.email,
        c1_0.name,
        c1_0.notes,
        c1_0.owner_user_id,
        c1_0.phone 
    from
        customers c1_0 
    where
        c1_0.owner_user_id=? 
    order by
        c1_0.name
Hibernate: 
    select
        c1_0.id,
        c1_0.created_at,
        c1_0.email,
        c1_0.name,
        c1_0.notes,
        c1_0.owner_user_id,
        c1_0.phone 
    from
        customers c1_0 
    where
        c1_0.owner_user_id=? 
    order by
        c1_0.name
2026-03-27T20:50:57.078-03:00 DEBUG 25092 --- [ServiceGo] [nio-8080-exec-2] org.hibernate.SQL                        : 
    select
        p1_0.id,
        p1_0.amount,
        c1_0.id,
        c1_0.created_at,
        c1_0.email,
        c1_0.name,
        c1_0.notes,
        c1_0.owner_user_id,
        c1_0.phone,
        p1_0.due_at,
        p1_0.method,
        p1_0.notes,
        p1_0.numero_parcela,
        p1_0.owner_user_id,
        ou2_0.id,
        ou2_0.active,
        ou2_0.created_at,
        ou2_0.email,
        ou2_0.name,
        ou2_0.password_hash,
        ou2_0.plan_type,
        ou2_0.role,
        ou2_0.subscription_ends_at,
        ou2_0.subscription_source,
        ou2_0.subscription_status,
        ou2_0.trial_ends_at,
        p1_0.pagamento_parcial,
        p1_0.paid_at,
        p1_0.reference_code,
        p1_0.status,
        t1_0.id,
        t1_0.actual_amount,
        t1_0.app_platform,
        t1_0.created_at,
        t1_0.customer_id,
        t1_0.destination,
        t1_0.distance_km,
        t1_0.end_at,
        t1_0.estimated_amount,
        t1_0.fuel_efficiency_km_liter,
        t1_0.fuel_price,
        t1_0.fuel_type,
        t1_0.notes,
        t1_0.origin,
        t1_0.start_at,
        t1_0.status,
        t1_0.toll_amount,
        t1_0.trip_type,
        t1_0.vehicle_id 
    from
        payments p1_0 
    left join
        customers c1_0 
            on c1_0.id=p1_0.customer_id 
    join
        app_users ou2_0 
            on ou2_0.id=p1_0.owner_user_id 
    left join
        trips t1_0 
            on t1_0.id=p1_0.trip_id 
    where
        p1_0.owner_user_id=? 
    order by
        p1_0.id desc
Hibernate: 
    select
        p1_0.id,
        p1_0.amount,
        c1_0.id,
        c1_0.created_at,
        c1_0.email,
        c1_0.name,
        c1_0.notes,
        c1_0.owner_user_id,
        c1_0.phone,
        p1_0.due_at,
        p1_0.method,
        p1_0.notes,
        p1_0.numero_parcela,
        p1_0.owner_user_id,
        ou2_0.id,
        ou2_0.active,
        ou2_0.created_at,
        ou2_0.email,
        ou2_0.name,
        ou2_0.password_hash,
        ou2_0.plan_type,
        ou2_0.role,
        ou2_0.subscription_ends_at,
        ou2_0.subscription_source,
        ou2_0.subscription_status,
        ou2_0.trial_ends_at,
        p1_0.pagamento_parcial,
        p1_0.paid_at,
        p1_0.reference_code,
        p1_0.status,
        t1_0.id,
        t1_0.actual_amount,
        t1_0.app_platform,
        t1_0.created_at,
        t1_0.customer_id,
        t1_0.destination,
        t1_0.distance_km,
        t1_0.end_at,
        t1_0.estimated_amount,
        t1_0.fuel_efficiency_km_liter,
        t1_0.fuel_price,
        t1_0.fuel_type,
        t1_0.notes,
        t1_0.origin,
        t1_0.start_at,
        t1_0.status,
        t1_0.toll_amount,
        t1_0.trip_type,
        t1_0.vehicle_id 
    from
        payments p1_0 
    left join
        customers c1_0 
            on c1_0.id=p1_0.customer_id 
    join
        app_users ou2_0 
            on ou2_0.id=p1_0.owner_user_id 
    left join
        trips t1_0 
            on t1_0.id=p1_0.trip_id 
    where
        p1_0.owner_user_id=? 
    order by
        p1_0.id desc
2026-03-27T20:50:57.101-03:00 DEBUG 25092 --- [ServiceGo] [nio-8080-exec-6] m.m.a.RequestResponseBodyMethodProcessor : Using 'application/json', given [*/*] and supported [application/json, application/*+json, application/yaml]
2026-03-27T20:50:57.101-03:00 DEBUG 25092 --- [ServiceGo] [nio-8080-exec-5] m.m.a.RequestResponseBodyMethodProcessor : Using 'application/json', given [*/*] and supported [application/json, application/*+json, application/yaml]
2026-03-27T20:50:57.102-03:00 DEBUG 25092 --- [ServiceGo] [nio-8080-exec-3] org.hibernate.SQL                        : 
    select
        e1_0.id,
        e1_0.amount,
        e1_0.category,
        e1_0.description,
        e1_0.occurred_at,
        t1_0.id,
        t1_0.actual_amount,
        t1_0.app_platform,
        t1_0.created_at,
        t1_0.customer_id,
        t1_0.destination,
        t1_0.distance_km,
        t1_0.end_at,
        t1_0.estimated_amount,
        t1_0.fuel_efficiency_km_liter,
        t1_0.fuel_price,
        t1_0.fuel_type,
        t1_0.notes,
        t1_0.origin,
        t1_0.start_at,
        t1_0.status,
        t1_0.toll_amount,
        t1_0.trip_type,
        t1_0.vehicle_id,
        v3_0.id,
        v3_0.ano,
        v3_0.ativo,
        v3_0.cor,
        v3_0.dono_usuario_id,
        v3_0.km_atual,
        v3_0.modelo,
        v3_0.placa 
    from
        expenses e1_0 
    left join
        veiculos v1_0 
            on v1_0.id=e1_0.vehicle_id 
    left join
        app_users dv1_0 
            on dv1_0.id=v1_0.dono_usuario_id 
    left join
        trips t1_0 
            on t1_0.id=e1_0.trip_id 
    left join
        veiculos v3_0 
            on v3_0.id=e1_0.vehicle_id 
    where
        dv1_0.id=? 
    order by
        e1_0.occurred_at desc
Hibernate: 
    select
        e1_0.id,
        e1_0.amount,
        e1_0.category,
        e1_0.description,
        e1_0.occurred_at,
        t1_0.id,
        t1_0.actual_amount,
        t1_0.app_platform,
        t1_0.created_at,
        t1_0.customer_id,
        t1_0.destination,
        t1_0.distance_km,
        t1_0.end_at,
        t1_0.estimated_amount,
        t1_0.fuel_efficiency_km_liter,
        t1_0.fuel_price,
        t1_0.fuel_type,
        t1_0.notes,
        t1_0.origin,
        t1_0.start_at,
        t1_0.status,
        t1_0.toll_amount,
        t1_0.trip_type,
        t1_0.vehicle_id,
        v3_0.id,
        v3_0.ano,
        v3_0.ativo,
        v3_0.cor,
        v3_0.dono_usuario_id,
        v3_0.km_atual,
        v3_0.modelo,
        v3_0.placa 
    from
        expenses e1_0 
    left join
        veiculos v1_0 
            on v1_0.id=e1_0.vehicle_id 
    left join
        app_users dv1_0 
            on dv1_0.id=v1_0.dono_usuario_id 
    left join
        trips t1_0 
            on t1_0.id=e1_0.trip_id 
    left join
        veiculos v3_0 
            on v3_0.id=e1_0.vehicle_id 
    where
        dv1_0.id=? 
    order by
        e1_0.occurred_at desc
2026-03-27T20:50:57.103-03:00 DEBUG 25092 --- [ServiceGo] [nio-8080-exec-4] org.hibernate.SQL                        : 
    select
        t1_0.id,
        t1_0.actual_amount,
        t1_0.app_platform,
        t1_0.created_at,
        c1_0.id,
        c1_0.created_at,
        c1_0.email,
        c1_0.name,
        c1_0.notes,
        c1_0.owner_user_id,
        c1_0.phone,
        t1_0.destination,
        t1_0.distance_km,
        t1_0.end_at,
        t1_0.estimated_amount,
        t1_0.fuel_efficiency_km_liter,
        t1_0.fuel_price,
        t1_0.fuel_type,
        t1_0.notes,
        t1_0.origin,
        t1_0.start_at,
        t1_0.status,
        t1_0.toll_amount,
        t1_0.trip_type,
        v2_0.id,
        v2_0.ano,
        v2_0.ativo,
        v2_0.cor,
        v2_0.dono_usuario_id,
        dv2_0.id,
        dv2_0.active,
        dv2_0.created_at,
        dv2_0.email,
        dv2_0.name,
        dv2_0.password_hash,
        dv2_0.plan_type,
        dv2_0.role,
        dv2_0.subscription_ends_at,
        dv2_0.subscription_source,
        dv2_0.subscription_status,
        dv2_0.trial_ends_at,
        v2_0.km_atual,
        v2_0.modelo,
        v2_0.placa 
    from
        trips t1_0 
    left join
        veiculos v1_0 
            on v1_0.id=t1_0.vehicle_id 
    left join
        app_users dv1_0 
            on dv1_0.id=v1_0.dono_usuario_id 
    left join
        customers c1_0 
            on c1_0.id=t1_0.customer_id 
    left join
        veiculos v2_0 
            on v2_0.id=t1_0.vehicle_id 
    left join
        app_users dv2_0 
            on dv2_0.id=v2_0.dono_usuario_id 
    where
        dv1_0.id=? 
    order by
        t1_0.start_at desc
Hibernate: 
    select
        t1_0.id,
        t1_0.actual_amount,
        t1_0.app_platform,
        t1_0.created_at,
        c1_0.id,
        c1_0.created_at,
        c1_0.email,
        c1_0.name,
        c1_0.notes,
        c1_0.owner_user_id,
        c1_0.phone,
        t1_0.destination,
        t1_0.distance_km,
        t1_0.end_at,
        t1_0.estimated_amount,
        t1_0.fuel_efficiency_km_liter,
        t1_0.fuel_price,
        t1_0.fuel_type,
        t1_0.notes,
        t1_0.origin,
        t1_0.start_at,
        t1_0.status,
        t1_0.toll_amount,
        t1_0.trip_type,
        v2_0.id,
        v2_0.ano,
        v2_0.ativo,
        v2_0.cor,
        v2_0.dono_usuario_id,
        dv2_0.id,
        dv2_0.active,
        dv2_0.created_at,
        dv2_0.email,
        dv2_0.name,
        dv2_0.password_hash,
        dv2_0.plan_type,
        dv2_0.role,
        dv2_0.subscription_ends_at,
        dv2_0.subscription_source,
        dv2_0.subscription_status,
        dv2_0.trial_ends_at,
        v2_0.km_atual,
        v2_0.modelo,
        v2_0.placa 
    from
        trips t1_0 
    left join
        veiculos v1_0 
            on v1_0.id=t1_0.vehicle_id 
    left join
        app_users dv1_0 
            on dv1_0.id=v1_0.dono_usuario_id 
    left join
        customers c1_0 
            on c1_0.id=t1_0.customer_id 
    left join
        veiculos v2_0 
            on v2_0.id=t1_0.vehicle_id 
    left join
        app_users dv2_0 
            on dv2_0.id=v2_0.dono_usuario_id 
    where
        dv1_0.id=? 
    order by
        t1_0.start_at desc
2026-03-27T20:50:57.104-03:00 DEBUG 25092 --- [ServiceGo] [nio-8080-exec-5] m.m.a.RequestResponseBodyMethodProcessor : Writing [[CustomerResponse[id=1, name=Cintra, phone=22999999999, email=user@user.com, notes=testando, created (truncated)...]
2026-03-27T20:50:57.117-03:00 DEBUG 25092 --- [ServiceGo] [nio-8080-exec-5] o.s.web.servlet.DispatcherServlet        : Completed 200 OK
2026-03-27T20:50:57.124-03:00 DEBUG 25092 --- [ServiceGo] [nio-8080-exec-2] m.m.a.RequestResponseBodyMethodProcessor : Using 'application/json', given [*/*] and supported [application/json, application/*+json, application/yaml]
2026-03-27T20:50:57.126-03:00 DEBUG 25092 --- [ServiceGo] [nio-8080-exec-6] m.m.a.RequestResponseBodyMethodProcessor : Writing [[VeiculoResponse[id=1, modelo=HB20S, placa=FNZ8D38, ano=2015, cor=Azul, ativo=true, kmAtual=145000.0 (truncated)...]
2026-03-27T20:50:57.139-03:00 DEBUG 25092 --- [ServiceGo] [nio-8080-exec-4] m.m.a.RequestResponseBodyMethodProcessor : Using 'application/json', given [*/*] and supported [application/json, application/*+json, application/yaml]
2026-03-27T20:50:57.140-03:00 DEBUG 25092 --- [ServiceGo] [nio-8080-exec-3] m.m.a.RequestResponseBodyMethodProcessor : Using 'application/json', given [*/*] and supported [application/json, application/*+json, application/yaml]
2026-03-27T20:50:57.145-03:00 DEBUG 25092 --- [ServiceGo] [nio-8080-exec-6] o.s.web.servlet.DispatcherServlet        : Completed 200 OK
2026-03-27T20:50:57.159-03:00 DEBUG 25092 --- [ServiceGo] [nio-8080-exec-2] m.m.a.RequestResponseBodyMethodProcessor : Writing [[PaymentResponse[id=8, tripId=12, customerId=null, method=PIX, status=PAGO, amount=48.00, pagamentoP (truncated)...]
2026-03-27T20:50:57.163-03:00 DEBUG 25092 --- [ServiceGo] [nio-8080-exec-7] org.hibernate.SQL                        : 
    select
        au1_0.id,
        au1_0.active,
        au1_0.created_at,
        au1_0.email,
        au1_0.name,
        au1_0.password_hash,
        au1_0.plan_type,
        au1_0.role,
        au1_0.subscription_ends_at,
        au1_0.subscription_source,
        au1_0.subscription_status,
        au1_0.trial_ends_at 
    from
        app_users au1_0 
    where
        upper(au1_0.email)=upper(?) 
        and au1_0.active=true
Hibernate: 
    select
        au1_0.id,
        au1_0.active,
        au1_0.created_at,
        au1_0.email,
        au1_0.name,
        au1_0.password_hash,
        au1_0.plan_type,
        au1_0.role,
        au1_0.subscription_ends_at,
        au1_0.subscription_source,
        au1_0.subscription_status,
        au1_0.trial_ends_at 
    from
        app_users au1_0 
    where
        upper(au1_0.email)=upper(?) 
        and au1_0.active=true
2026-03-27T20:50:57.169-03:00 DEBUG 25092 --- [ServiceGo] [nio-8080-exec-3] m.m.a.RequestResponseBodyMethodProcessor : Writing [[ExpenseResponse[id=5, tripId=12, veiculoId=1, veiculoPlaca=FNZ8D38, category=PEDAGIO, amount=21.90, (truncated)...]
2026-03-27T20:50:57.173-03:00 DEBUG 25092 --- [ServiceGo] [nio-8080-exec-8] org.hibernate.SQL                        : 
    select
        au1_0.id,
        au1_0.active,
        au1_0.created_at,
        au1_0.email,
        au1_0.name,
        au1_0.password_hash,
        au1_0.plan_type,
        au1_0.role,
        au1_0.subscription_ends_at,
        au1_0.subscription_source,
        au1_0.subscription_status,
        au1_0.trial_ends_at 
    from
        app_users au1_0 
    where
        upper(au1_0.email)=upper(?) 
        and au1_0.active=true
Hibernate: 
    select
        au1_0.id,
        au1_0.active,
        au1_0.created_at,
        au1_0.email,
        au1_0.name,
        au1_0.password_hash,
        au1_0.plan_type,
        au1_0.role,
        au1_0.subscription_ends_at,
        au1_0.subscription_source,
        au1_0.subscription_status,
        au1_0.trial_ends_at 
    from
        app_users au1_0 
    where
        upper(au1_0.email)=upper(?) 
        and au1_0.active=true
2026-03-27T20:50:57.179-03:00 DEBUG 25092 --- [ServiceGo] [nio-8080-exec-7] o.s.web.servlet.DispatcherServlet        : GET "/api/customers", parameters={}
2026-03-27T20:50:57.180-03:00 DEBUG 25092 --- [ServiceGo] [nio-8080-exec-2] o.s.web.servlet.DispatcherServlet        : Completed 200 OK
2026-03-27T20:50:57.182-03:00 DEBUG 25092 --- [ServiceGo] [nio-8080-exec-7] s.w.s.m.m.a.RequestMappingHandlerMapping : Mapped to com.ServiceGo.api.controller.CustomerController#list(Authentication)
2026-03-27T20:50:57.190-03:00 DEBUG 25092 --- [ServiceGo] [nio-8080-exec-8] o.s.web.servlet.DispatcherServlet        : GET "/api/veiculos", parameters={}
2026-03-27T20:50:57.192-03:00 DEBUG 25092 --- [ServiceGo] [nio-8080-exec-7] org.hibernate.SQL                        : 
    select
        au1_0.id,
        au1_0.active,
        au1_0.created_at,
        au1_0.email,
        au1_0.name,
        au1_0.password_hash,
        au1_0.plan_type,
        au1_0.role,
        au1_0.subscription_ends_at,
        au1_0.subscription_source,
        au1_0.subscription_status,
        au1_0.trial_ends_at 
    from
        app_users au1_0 
    where
        upper(au1_0.email)=upper(?)
Hibernate: 
    select
        au1_0.id,
        au1_0.active,
        au1_0.created_at,
        au1_0.email,
        au1_0.name,
        au1_0.password_hash,
        au1_0.plan_type,
        au1_0.role,
        au1_0.subscription_ends_at,
        au1_0.subscription_source,
        au1_0.subscription_status,
        au1_0.trial_ends_at 
    from
        app_users au1_0 
    where
        upper(au1_0.email)=upper(?)
2026-03-27T20:50:57.193-03:00 DEBUG 25092 --- [ServiceGo] [nio-8080-exec-8] s.w.s.m.m.a.RequestMappingHandlerMapping : Mapped to com.ServiceGo.api.controller.VeiculoController#list(Authentication)
2026-03-27T20:50:57.196-03:00 DEBUG 25092 --- [ServiceGo] [nio-8080-exec-3] o.s.web.servlet.DispatcherServlet        : Completed 200 OK
2026-03-27T20:50:57.200-03:00 DEBUG 25092 --- [ServiceGo] [nio-8080-exec-4] m.m.a.RequestResponseBodyMethodProcessor : Writing [[TripResponse[id=12, customerId=null, customerName=null, veiculoId=1, veiculoPlaca=FNZ8D38, veiculoM (truncated)...]
2026-03-27T20:50:57.203-03:00 DEBUG 25092 --- [ServiceGo] [nio-8080-exec-7] org.hibernate.SQL                        : 
    select
        c1_0.id,
        c1_0.created_at,
        c1_0.email,
        c1_0.name,
        c1_0.notes,
        c1_0.owner_user_id,
        c1_0.phone 
    from
        customers c1_0 
    where
        c1_0.owner_user_id=? 
    order by
        c1_0.name
Hibernate: 
    select
        c1_0.id,
        c1_0.created_at,
        c1_0.email,
        c1_0.name,
        c1_0.notes,
        c1_0.owner_user_id,
        c1_0.phone 
    from
        customers c1_0 
    where
        c1_0.owner_user_id=? 
    order by
        c1_0.name
2026-03-27T20:50:57.204-03:00 DEBUG 25092 --- [ServiceGo] [nio-8080-exec-8] org.hibernate.SQL                        : 
    select
        au1_0.id,
        au1_0.active,
        au1_0.created_at,
        au1_0.email,
        au1_0.name,
        au1_0.password_hash,
        au1_0.plan_type,
        au1_0.role,
        au1_0.subscription_ends_at,
        au1_0.subscription_source,
        au1_0.subscription_status,
        au1_0.trial_ends_at 
    from
        app_users au1_0 
    where
        upper(au1_0.email)=upper(?)
Hibernate: 
    select
        au1_0.id,
        au1_0.active,
        au1_0.created_at,
        au1_0.email,
        au1_0.name,
        au1_0.password_hash,
        au1_0.plan_type,
        au1_0.role,
        au1_0.subscription_ends_at,
        au1_0.subscription_source,
        au1_0.subscription_status,
        au1_0.trial_ends_at 
    from
        app_users au1_0 
    where
        upper(au1_0.email)=upper(?)
2026-03-27T20:50:57.213-03:00 DEBUG 25092 --- [ServiceGo] [nio-8080-exec-9] org.hibernate.SQL                        : 
    select
        au1_0.id,
        au1_0.active,
        au1_0.created_at,
        au1_0.email,
        au1_0.name,
        au1_0.password_hash,
        au1_0.plan_type,
        au1_0.role,
        au1_0.subscription_ends_at,
        au1_0.subscription_source,
        au1_0.subscription_status,
        au1_0.trial_ends_at 
    from
        app_users au1_0 
    where
        upper(au1_0.email)=upper(?) 
        and au1_0.active=true
Hibernate: 
    select
        au1_0.id,
        au1_0.active,
        au1_0.created_at,
        au1_0.email,
        au1_0.name,
        au1_0.password_hash,
        au1_0.plan_type,
        au1_0.role,
        au1_0.subscription_ends_at,
        au1_0.subscription_source,
        au1_0.subscription_status,
        au1_0.trial_ends_at 
    from
        app_users au1_0 
    where
        upper(au1_0.email)=upper(?) 
        and au1_0.active=true
2026-03-27T20:50:57.215-03:00 DEBUG 25092 --- [ServiceGo] [nio-8080-exec-7] m.m.a.RequestResponseBodyMethodProcessor : Using 'application/json', given [*/*] and supported [application/json, application/*+json, application/yaml]
2026-03-27T20:50:57.219-03:00 DEBUG 25092 --- [ServiceGo] [nio-8080-exec-7] m.m.a.RequestResponseBodyMethodProcessor : Writing [[CustomerResponse[id=1, name=Cintra, phone=22999999999, email=user@user.com, notes=testando, created (truncated)...]
2026-03-27T20:50:57.226-03:00 DEBUG 25092 --- [ServiceGo] [nio-8080-exec-8] org.hibernate.SQL                        : 
    select
        v1_0.id,
        v1_0.ano,
        v1_0.ativo,
        v1_0.cor,
        v1_0.dono_usuario_id,
        dv1_0.id,
        dv1_0.active,
        dv1_0.created_at,
        dv1_0.email,
        dv1_0.name,
        dv1_0.password_hash,
        dv1_0.plan_type,
        dv1_0.role,
        dv1_0.subscription_ends_at,
        dv1_0.subscription_source,
        dv1_0.subscription_status,
        dv1_0.trial_ends_at,
        v1_0.km_atual,
        v1_0.modelo,
        v1_0.placa 
    from
        veiculos v1_0 
    join
        app_users dv1_0 
            on dv1_0.id=v1_0.dono_usuario_id 
    where
        v1_0.dono_usuario_id=? 
    order by
        v1_0.modelo
Hibernate: 
    select
        v1_0.id,
        v1_0.ano,
        v1_0.ativo,
        v1_0.cor,
        v1_0.dono_usuario_id,
        dv1_0.id,
        dv1_0.active,
        dv1_0.created_at,
        dv1_0.email,
        dv1_0.name,
        dv1_0.password_hash,
        dv1_0.plan_type,
        dv1_0.role,
        dv1_0.subscription_ends_at,
        dv1_0.subscription_source,
        dv1_0.subscription_status,
        dv1_0.trial_ends_at,
        v1_0.km_atual,
        v1_0.modelo,
        v1_0.placa 
    from
        veiculos v1_0 
    join
        app_users dv1_0 
            on dv1_0.id=v1_0.dono_usuario_id 
    where
        v1_0.dono_usuario_id=? 
    order by
        v1_0.modelo
2026-03-27T20:50:57.226-03:00 DEBUG 25092 --- [ServiceGo] [nio-8080-exec-7] o.s.web.servlet.DispatcherServlet        : Completed 200 OK
2026-03-27T20:50:57.230-03:00 DEBUG 25092 --- [ServiceGo] [nio-8080-exec-9] o.s.web.servlet.DispatcherServlet        : GET "/api/payments", parameters={}
2026-03-27T20:50:57.235-03:00 DEBUG 25092 --- [ServiceGo] [nio-8080-exec-9] s.w.s.m.m.a.RequestMappingHandlerMapping : Mapped to com.ServiceGo.api.controller.PaymentController#list(Authentication)
2026-03-27T20:50:57.238-03:00 DEBUG 25092 --- [ServiceGo] [nio-8080-exec-4] o.s.web.servlet.DispatcherServlet        : Completed 200 OK
2026-03-27T20:50:57.238-03:00 DEBUG 25092 --- [ServiceGo] [nio-8080-exec-8] m.m.a.RequestResponseBodyMethodProcessor : Using 'application/json', given [*/*] and supported [application/json, application/*+json, application/yaml]
2026-03-27T20:50:57.239-03:00 DEBUG 25092 --- [ServiceGo] [nio-8080-exec-8] m.m.a.RequestResponseBodyMethodProcessor : Writing [[VeiculoResponse[id=1, modelo=HB20S, placa=FNZ8D38, ano=2015, cor=Azul, ativo=true, kmAtual=145000.0 (truncated)...]
2026-03-27T20:50:57.241-03:00 DEBUG 25092 --- [ServiceGo] [io-8080-exec-10] org.hibernate.SQL                        : 
    select
        au1_0.id,
        au1_0.active,
        au1_0.created_at,
        au1_0.email,
        au1_0.name,
        au1_0.password_hash,
        au1_0.plan_type,
        au1_0.role,
        au1_0.subscription_ends_at,
        au1_0.subscription_source,
        au1_0.subscription_status,
        au1_0.trial_ends_at 
    from
        app_users au1_0 
    where
        upper(au1_0.email)=upper(?) 
        and au1_0.active=true
Hibernate: 
    select
        au1_0.id,
        au1_0.active,
        au1_0.created_at,
        au1_0.email,
        au1_0.name,
        au1_0.password_hash,
        au1_0.plan_type,
        au1_0.role,
        au1_0.subscription_ends_at,
        au1_0.subscription_source,
        au1_0.subscription_status,
        au1_0.trial_ends_at 
    from
        app_users au1_0 
    where
        upper(au1_0.email)=upper(?) 
        and au1_0.active=true
2026-03-27T20:50:57.243-03:00 DEBUG 25092 --- [ServiceGo] [nio-8080-exec-8] o.s.web.servlet.DispatcherServlet        : Completed 200 OK
2026-03-27T20:50:57.244-03:00 DEBUG 25092 --- [ServiceGo] [nio-8080-exec-9] org.hibernate.SQL                        : 
    select
        au1_0.id,
        au1_0.active,
        au1_0.created_at,
        au1_0.email,
        au1_0.name,
        au1_0.password_hash,
        au1_0.plan_type,
        au1_0.role,
        au1_0.subscription_ends_at,
        au1_0.subscription_source,
        au1_0.subscription_status,
        au1_0.trial_ends_at 
    from
        app_users au1_0 
    where
        upper(au1_0.email)=upper(?)
Hibernate: 
    select
        au1_0.id,
        au1_0.active,
        au1_0.created_at,
        au1_0.email,
        au1_0.name,
        au1_0.password_hash,
        au1_0.plan_type,
        au1_0.role,
        au1_0.subscription_ends_at,
        au1_0.subscription_source,
        au1_0.subscription_status,
        au1_0.trial_ends_at 
    from
        app_users au1_0 
    where
        upper(au1_0.email)=upper(?)
2026-03-27T20:50:57.257-03:00 DEBUG 25092 --- [ServiceGo] [io-8080-exec-10] o.s.web.servlet.DispatcherServlet        : GET "/api/expenses", parameters={}
2026-03-27T20:50:57.260-03:00 DEBUG 25092 --- [ServiceGo] [io-8080-exec-10] s.w.s.m.m.a.RequestMappingHandlerMapping : Mapped to com.ServiceGo.api.controller.ExpenseController#list(Authentication)
2026-03-27T20:50:57.263-03:00 DEBUG 25092 --- [ServiceGo] [nio-8080-exec-9] org.hibernate.SQL                        : 
    select
        p1_0.id,
        p1_0.amount,
        c1_0.id,
        c1_0.created_at,
        c1_0.email,
        c1_0.name,
        c1_0.notes,
        c1_0.owner_user_id,
        c1_0.phone,
        p1_0.due_at,
        p1_0.method,
        p1_0.notes,
        p1_0.numero_parcela,
        p1_0.owner_user_id,
        ou2_0.id,
        ou2_0.active,
        ou2_0.created_at,
        ou2_0.email,
        ou2_0.name,
        ou2_0.password_hash,
        ou2_0.plan_type,
        ou2_0.role,
        ou2_0.subscription_ends_at,
        ou2_0.subscription_source,
        ou2_0.subscription_status,
        ou2_0.trial_ends_at,
        p1_0.pagamento_parcial,
        p1_0.paid_at,
        p1_0.reference_code,
        p1_0.status,
        t1_0.id,
        t1_0.actual_amount,
        t1_0.app_platform,
        t1_0.created_at,
        t1_0.customer_id,
        t1_0.destination,
        t1_0.distance_km,
        t1_0.end_at,
        t1_0.estimated_amount,
        t1_0.fuel_efficiency_km_liter,
        t1_0.fuel_price,
        t1_0.fuel_type,
        t1_0.notes,
        t1_0.origin,
        t1_0.start_at,
        t1_0.status,
        t1_0.toll_amount,
        t1_0.trip_type,
        t1_0.vehicle_id 
    from
        payments p1_0 
    left join
        customers c1_0 
            on c1_0.id=p1_0.customer_id 
    join
        app_users ou2_0 
            on ou2_0.id=p1_0.owner_user_id 
    left join
        trips t1_0 
            on t1_0.id=p1_0.trip_id 
    where
        p1_0.owner_user_id=? 
    order by
        p1_0.id desc
Hibernate: 
    select
        p1_0.id,
        p1_0.amount,
        c1_0.id,
        c1_0.created_at,
        c1_0.email,
        c1_0.name,
        c1_0.notes,
        c1_0.owner_user_id,
        c1_0.phone,
        p1_0.due_at,
        p1_0.method,
        p1_0.notes,
        p1_0.numero_parcela,
        p1_0.owner_user_id,
        ou2_0.id,
        ou2_0.active,
        ou2_0.created_at,
        ou2_0.email,
        ou2_0.name,
        ou2_0.password_hash,
        ou2_0.plan_type,
        ou2_0.role,
        ou2_0.subscription_ends_at,
        ou2_0.subscription_source,
        ou2_0.subscription_status,
        ou2_0.trial_ends_at,
        p1_0.pagamento_parcial,
        p1_0.paid_at,
        p1_0.reference_code,
        p1_0.status,
        t1_0.id,
        t1_0.actual_amount,
        t1_0.app_platform,
        t1_0.created_at,
        t1_0.customer_id,
        t1_0.destination,
        t1_0.distance_km,
        t1_0.end_at,
        t1_0.estimated_amount,
        t1_0.fuel_efficiency_km_liter,
        t1_0.fuel_price,
        t1_0.fuel_type,
        t1_0.notes,
        t1_0.origin,
        t1_0.start_at,
        t1_0.status,
        t1_0.toll_amount,
        t1_0.trip_type,
        t1_0.vehicle_id 
    from
        payments p1_0 
    left join
        customers c1_0 
            on c1_0.id=p1_0.customer_id 
    join
        app_users ou2_0 
            on ou2_0.id=p1_0.owner_user_id 
    left join
        trips t1_0 
            on t1_0.id=p1_0.trip_id 
    where
        p1_0.owner_user_id=? 
    order by
        p1_0.id desc
2026-03-27T20:50:57.264-03:00 DEBUG 25092 --- [ServiceGo] [io-8080-exec-10] org.hibernate.SQL                        : 
    select
        au1_0.id,
        au1_0.active,
        au1_0.created_at,
        au1_0.email,
        au1_0.name,
        au1_0.password_hash,
        au1_0.plan_type,
        au1_0.role,
        au1_0.subscription_ends_at,
        au1_0.subscription_source,
        au1_0.subscription_status,
        au1_0.trial_ends_at 
    from
        app_users au1_0 
    where
        upper(au1_0.email)=upper(?)
Hibernate: 
    select
        au1_0.id,
        au1_0.active,
        au1_0.created_at,
        au1_0.email,
        au1_0.name,
        au1_0.password_hash,
        au1_0.plan_type,
        au1_0.role,
        au1_0.subscription_ends_at,
        au1_0.subscription_source,
        au1_0.subscription_status,
        au1_0.trial_ends_at 
    from
        app_users au1_0 
    where
        upper(au1_0.email)=upper(?)
2026-03-27T20:50:57.272-03:00 DEBUG 25092 --- [ServiceGo] [nio-8080-exec-1] org.hibernate.SQL                        : 
    select
        au1_0.id,
        au1_0.active,
        au1_0.created_at,
        au1_0.email,
        au1_0.name,
        au1_0.password_hash,
        au1_0.plan_type,
        au1_0.role,
        au1_0.subscription_ends_at,
        au1_0.subscription_source,
        au1_0.subscription_status,
        au1_0.trial_ends_at 
    from
        app_users au1_0 
    where
        upper(au1_0.email)=upper(?) 
        and au1_0.active=true
Hibernate: 
    select
        au1_0.id,
        au1_0.active,
        au1_0.created_at,
        au1_0.email,
        au1_0.name,
        au1_0.password_hash,
        au1_0.plan_type,
        au1_0.role,
        au1_0.subscription_ends_at,
        au1_0.subscription_source,
        au1_0.subscription_status,
        au1_0.trial_ends_at 
    from
        app_users au1_0 
    where
        upper(au1_0.email)=upper(?) 
        and au1_0.active=true
2026-03-27T20:50:57.272-03:00 DEBUG 25092 --- [ServiceGo] [io-8080-exec-10] org.hibernate.SQL                        : 
    select
        au1_0.id,
        au1_0.active,
        au1_0.created_at,
        au1_0.email,
        au1_0.name,
        au1_0.password_hash,
        au1_0.plan_type,
        au1_0.role,
        au1_0.subscription_ends_at,
        au1_0.subscription_source,
        au1_0.subscription_status,
        au1_0.trial_ends_at 
    from
        app_users au1_0 
    where
        upper(au1_0.email)=upper(?)
Hibernate: 
    select
        au1_0.id,
        au1_0.active,
        au1_0.created_at,
        au1_0.email,
        au1_0.name,
        au1_0.password_hash,
        au1_0.plan_type,
        au1_0.role,
        au1_0.subscription_ends_at,
        au1_0.subscription_source,
        au1_0.subscription_status,
        au1_0.trial_ends_at 
    from
        app_users au1_0 
    where
        upper(au1_0.email)=upper(?)
2026-03-27T20:50:57.284-03:00 DEBUG 25092 --- [ServiceGo] [nio-8080-exec-9] m.m.a.RequestResponseBodyMethodProcessor : Using 'application/json', given [*/*] and supported [application/json, application/*+json, application/yaml]
2026-03-27T20:50:57.297-03:00 DEBUG 25092 --- [ServiceGo] [nio-8080-exec-9] m.m.a.RequestResponseBodyMethodProcessor : Writing [[PaymentResponse[id=8, tripId=12, customerId=null, method=PIX, status=PAGO, amount=48.00, pagamentoP (truncated)...]
2026-03-27T20:50:57.284-03:00 DEBUG 25092 --- [ServiceGo] [nio-8080-exec-1] o.s.web.servlet.DispatcherServlet        : GET "/api/trips", parameters={}
2026-03-27T20:50:57.299-03:00 DEBUG 25092 --- [ServiceGo] [nio-8080-exec-1] s.w.s.m.m.a.RequestMappingHandlerMapping : Mapped to com.ServiceGo.api.controller.TripController#list(Authentication)
2026-03-27T20:50:57.300-03:00 DEBUG 25092 --- [ServiceGo] [io-8080-exec-10] org.hibernate.SQL                        : 
    select
        e1_0.id,
        e1_0.amount,
        e1_0.category,
        e1_0.description,
        e1_0.occurred_at,
        t1_0.id,
        t1_0.actual_amount,
        t1_0.app_platform,
        t1_0.created_at,
        t1_0.customer_id,
        t1_0.destination,
        t1_0.distance_km,
        t1_0.end_at,
        t1_0.estimated_amount,
        t1_0.fuel_efficiency_km_liter,
        t1_0.fuel_price,
        t1_0.fuel_type,
        t1_0.notes,
        t1_0.origin,
        t1_0.start_at,
        t1_0.status,
        t1_0.toll_amount,
        t1_0.trip_type,
        t1_0.vehicle_id,
        v3_0.id,
        v3_0.ano,
        v3_0.ativo,
        v3_0.cor,
        v3_0.dono_usuario_id,
        v3_0.km_atual,
        v3_0.modelo,
        v3_0.placa 
    from
        expenses e1_0 
    left join
        veiculos v1_0 
            on v1_0.id=e1_0.vehicle_id 
    left join
        app_users dv1_0 
            on dv1_0.id=v1_0.dono_usuario_id 
    left join
        trips t1_0 
            on t1_0.id=e1_0.trip_id 
    left join
        veiculos v3_0 
            on v3_0.id=e1_0.vehicle_id 
    where
        dv1_0.id=? 
    order by
        e1_0.occurred_at desc
2026-03-27T20:50:57.301-03:00 DEBUG 25092 --- [ServiceGo] [nio-8080-exec-9] o.s.web.servlet.DispatcherServlet        : Completed 200 OK
Hibernate: 
    select
        e1_0.id,
        e1_0.amount,
        e1_0.category,
        e1_0.description,
        e1_0.occurred_at,
        t1_0.id,
        t1_0.actual_amount,
        t1_0.app_platform,
        t1_0.created_at,
        t1_0.customer_id,
        t1_0.destination,
        t1_0.distance_km,
        t1_0.end_at,
        t1_0.estimated_amount,
        t1_0.fuel_efficiency_km_liter,
        t1_0.fuel_price,
        t1_0.fuel_type,
        t1_0.notes,
        t1_0.origin,
        t1_0.start_at,
        t1_0.status,
        t1_0.toll_amount,
        t1_0.trip_type,
        t1_0.vehicle_id,
        v3_0.id,
        v3_0.ano,
        v3_0.ativo,
        v3_0.cor,
        v3_0.dono_usuario_id,
        v3_0.km_atual,
        v3_0.modelo,
        v3_0.placa 
    from
        expenses e1_0 
    left join
        veiculos v1_0 
            on v1_0.id=e1_0.vehicle_id 
    left join
        app_users dv1_0 
            on dv1_0.id=v1_0.dono_usuario_id 
    left join
        trips t1_0 
            on t1_0.id=e1_0.trip_id 
    left join
        veiculos v3_0 
            on v3_0.id=e1_0.vehicle_id 
    where
        dv1_0.id=? 
    order by
        e1_0.occurred_at desc
2026-03-27T20:50:57.303-03:00 DEBUG 25092 --- [ServiceGo] [nio-8080-exec-1] org.hibernate.SQL                        : 
    select
        au1_0.id,
        au1_0.active,
        au1_0.created_at,
        au1_0.email,
        au1_0.name,
        au1_0.password_hash,
        au1_0.plan_type,
        au1_0.role,
        au1_0.subscription_ends_at,
        au1_0.subscription_source,
        au1_0.subscription_status,
        au1_0.trial_ends_at 
    from
        app_users au1_0 
    where
        upper(au1_0.email)=upper(?)
Hibernate: 
    select
        au1_0.id,
        au1_0.active,
        au1_0.created_at,
        au1_0.email,
        au1_0.name,
        au1_0.password_hash,
        au1_0.plan_type,
        au1_0.role,
        au1_0.subscription_ends_at,
        au1_0.subscription_source,
        au1_0.subscription_status,
        au1_0.trial_ends_at 
    from
        app_users au1_0 
    where
        upper(au1_0.email)=upper(?)
2026-03-27T20:50:57.317-03:00 DEBUG 25092 --- [ServiceGo] [nio-8080-exec-1] org.hibernate.SQL                        : 
    select
        t1_0.id,
        t1_0.actual_amount,
        t1_0.app_platform,
        t1_0.created_at,
        c1_0.id,
        c1_0.created_at,
        c1_0.email,
        c1_0.name,
        c1_0.notes,
        c1_0.owner_user_id,
        c1_0.phone,
        t1_0.destination,
        t1_0.distance_km,
        t1_0.end_at,
        t1_0.estimated_amount,
        t1_0.fuel_efficiency_km_liter,
        t1_0.fuel_price,
        t1_0.fuel_type,
        t1_0.notes,
        t1_0.origin,
        t1_0.start_at,
        t1_0.status,
        t1_0.toll_amount,
        t1_0.trip_type,
        v2_0.id,
        v2_0.ano,
        v2_0.ativo,
        v2_0.cor,
        v2_0.dono_usuario_id,
        dv2_0.id,
        dv2_0.active,
        dv2_0.created_at,
        dv2_0.email,
        dv2_0.name,
        dv2_0.password_hash,
        dv2_0.plan_type,
        dv2_0.role,
        dv2_0.subscription_ends_at,
        dv2_0.subscription_source,
        dv2_0.subscription_status,
        dv2_0.trial_ends_at,
        v2_0.km_atual,
        v2_0.modelo,
        v2_0.placa 
    from
        trips t1_0 
    left join
        veiculos v1_0 
            on v1_0.id=t1_0.vehicle_id 
    left join
        app_users dv1_0 
            on dv1_0.id=v1_0.dono_usuario_id 
    left join
        customers c1_0 
            on c1_0.id=t1_0.customer_id 
    left join
        veiculos v2_0 
            on v2_0.id=t1_0.vehicle_id 
    left join
        app_users dv2_0 
            on dv2_0.id=v2_0.dono_usuario_id 
    where
        dv1_0.id=? 
    order by
        t1_0.start_at desc
Hibernate: 
    select
        t1_0.id,
        t1_0.actual_amount,
        t1_0.app_platform,
        t1_0.created_at,
        c1_0.id,
        c1_0.created_at,
        c1_0.email,
        c1_0.name,
        c1_0.notes,
        c1_0.owner_user_id,
        c1_0.phone,
        t1_0.destination,
        t1_0.distance_km,
        t1_0.end_at,
        t1_0.estimated_amount,
        t1_0.fuel_efficiency_km_liter,
        t1_0.fuel_price,
        t1_0.fuel_type,
        t1_0.notes,
        t1_0.origin,
        t1_0.start_at,
        t1_0.status,
        t1_0.toll_amount,
        t1_0.trip_type,
        v2_0.id,
        v2_0.ano,
        v2_0.ativo,
        v2_0.cor,
        v2_0.dono_usuario_id,
        dv2_0.id,
        dv2_0.active,
        dv2_0.created_at,
        dv2_0.email,
        dv2_0.name,
        dv2_0.password_hash,
        dv2_0.plan_type,
        dv2_0.role,
        dv2_0.subscription_ends_at,
        dv2_0.subscription_source,
        dv2_0.subscription_status,
        dv2_0.trial_ends_at,
        v2_0.km_atual,
        v2_0.modelo,
        v2_0.placa 
    from
        trips t1_0 
    left join
        veiculos v1_0 
            on v1_0.id=t1_0.vehicle_id 
    left join
        app_users dv1_0 
            on dv1_0.id=v1_0.dono_usuario_id 
    left join
        customers c1_0 
            on c1_0.id=t1_0.customer_id 
    left join
        veiculos v2_0 
            on v2_0.id=t1_0.vehicle_id 
    left join
        app_users dv2_0 
            on dv2_0.id=v2_0.dono_usuario_id 
    where
        dv1_0.id=? 
    order by
        t1_0.start_at desc
2026-03-27T20:50:57.325-03:00 DEBUG 25092 --- [ServiceGo] [io-8080-exec-10] m.m.a.RequestResponseBodyMethodProcessor : Using 'application/json', given [*/*] and supported [application/json, application/*+json, application/yaml]
2026-03-27T20:50:57.326-03:00 DEBUG 25092 --- [ServiceGo] [io-8080-exec-10] m.m.a.RequestResponseBodyMethodProcessor : Writing [[ExpenseResponse[id=5, tripId=12, veiculoId=1, veiculoPlaca=FNZ8D38, category=PEDAGIO, amount=21.90, (truncated)...]
2026-03-27T20:50:57.328-03:00 DEBUG 25092 --- [ServiceGo] [nio-8080-exec-1] m.m.a.RequestResponseBodyMethodProcessor : Using 'application/json', given [*/*] and supported [application/json, application/*+json, application/yaml]
2026-03-27T20:50:57.328-03:00 DEBUG 25092 --- [ServiceGo] [io-8080-exec-10] o.s.web.servlet.DispatcherServlet        : Completed 200 OK
2026-03-27T20:50:57.329-03:00 DEBUG 25092 --- [ServiceGo] [nio-8080-exec-1] m.m.a.RequestResponseBodyMethodProcessor : Writing [[TripResponse[id=12, customerId=null, customerName=null, veiculoId=1, veiculoPlaca=FNZ8D38, veiculoM (truncated)...]
2026-03-27T20:50:57.333-03:00 DEBUG 25092 --- [ServiceGo] [nio-8080-exec-1] o.s.web.servlet.DispatcherServlet        : Completed 200 OK
2026-03-27T20:51:06.006-03:00 DEBUG 25092 --- [ServiceGo] [nio-8080-exec-2] org.hibernate.SQL                        : 
    select
        au1_0.id,
        au1_0.active,
        au1_0.created_at,
        au1_0.email,
        au1_0.name,
        au1_0.password_hash,
        au1_0.plan_type,
        au1_0.role,
        au1_0.subscription_ends_at,
        au1_0.subscription_source,
        au1_0.subscription_status,
        au1_0.trial_ends_at 
    from
        app_users au1_0 
    where
        upper(au1_0.email)=upper(?) 
        and au1_0.active=true
Hibernate: 
    select
        au1_0.id,
        au1_0.active,
        au1_0.created_at,
        au1_0.email,
        au1_0.name,
        au1_0.password_hash,
        au1_0.plan_type,
        au1_0.role,
        au1_0.subscription_ends_at,
        au1_0.subscription_source,
        au1_0.subscription_status,
        au1_0.trial_ends_at 
    from
        app_users au1_0 
    where
        upper(au1_0.email)=upper(?) 
        and au1_0.active=true
2026-03-27T20:51:06.006-03:00 DEBUG 25092 --- [ServiceGo] [nio-8080-exec-6] org.hibernate.SQL                        : 
    select
        au1_0.id,
        au1_0.active,
        au1_0.created_at,
        au1_0.email,
        au1_0.name,
        au1_0.password_hash,
        au1_0.plan_type,
        au1_0.role,
        au1_0.subscription_ends_at,
        au1_0.subscription_source,
        au1_0.subscription_status,
        au1_0.trial_ends_at 
    from
        app_users au1_0 
    where
        upper(au1_0.email)=upper(?) 
        and au1_0.active=true
Hibernate: 
    select
        au1_0.id,
        au1_0.active,
        au1_0.created_at,
        au1_0.email,
        au1_0.name,
        au1_0.password_hash,
        au1_0.plan_type,
        au1_0.role,
        au1_0.subscription_ends_at,
        au1_0.subscription_source,
        au1_0.subscription_status,
        au1_0.trial_ends_at 
    from
        app_users au1_0 
    where
        upper(au1_0.email)=upper(?) 
        and au1_0.active=true
2026-03-27T20:51:06.011-03:00 DEBUG 25092 --- [ServiceGo] [nio-8080-exec-5] org.hibernate.SQL                        : 
    select
        au1_0.id,
        au1_0.active,
        au1_0.created_at,
        au1_0.email,
        au1_0.name,
        au1_0.password_hash,
        au1_0.plan_type,
        au1_0.role,
        au1_0.subscription_ends_at,
        au1_0.subscription_source,
        au1_0.subscription_status,
        au1_0.trial_ends_at 
    from
        app_users au1_0 
    where
        upper(au1_0.email)=upper(?) 
        and au1_0.active=true
Hibernate: 
    select
        au1_0.id,
        au1_0.active,
        au1_0.created_at,
        au1_0.email,
        au1_0.name,
        au1_0.password_hash,
        au1_0.plan_type,
        au1_0.role,
        au1_0.subscription_ends_at,
        au1_0.subscription_source,
        au1_0.subscription_status,
        au1_0.trial_ends_at 
    from
        app_users au1_0 
    where
        upper(au1_0.email)=upper(?) 
        and au1_0.active=true
2026-03-27T20:51:06.019-03:00 DEBUG 25092 --- [ServiceGo] [nio-8080-exec-6] o.s.web.servlet.DispatcherServlet        : GET "/api/customers", parameters={}
2026-03-27T20:51:06.020-03:00 DEBUG 25092 --- [ServiceGo] [nio-8080-exec-2] o.s.web.servlet.DispatcherServlet        : GET "/api/veiculos", parameters={}
2026-03-27T20:51:06.021-03:00 DEBUG 25092 --- [ServiceGo] [nio-8080-exec-6] s.w.s.m.m.a.RequestMappingHandlerMapping : Mapped to com.ServiceGo.api.controller.CustomerController#list(Authentication)
2026-03-27T20:51:06.021-03:00 DEBUG 25092 --- [ServiceGo] [nio-8080-exec-2] s.w.s.m.m.a.RequestMappingHandlerMapping : Mapped to com.ServiceGo.api.controller.VeiculoController#list(Authentication)
2026-03-27T20:51:06.022-03:00 DEBUG 25092 --- [ServiceGo] [nio-8080-exec-5] o.s.web.servlet.DispatcherServlet        : GET "/api/trips", parameters={}
2026-03-27T20:51:06.023-03:00 DEBUG 25092 --- [ServiceGo] [nio-8080-exec-5] s.w.s.m.m.a.RequestMappingHandlerMapping : Mapped to com.ServiceGo.api.controller.TripController#list(Authentication)
2026-03-27T20:51:06.025-03:00 DEBUG 25092 --- [ServiceGo] [nio-8080-exec-2] org.hibernate.SQL                        : 
    select
        au1_0.id,
        au1_0.active,
        au1_0.created_at,
        au1_0.email,
        au1_0.name,
        au1_0.password_hash,
        au1_0.plan_type,
        au1_0.role,
        au1_0.subscription_ends_at,
        au1_0.subscription_source,
        au1_0.subscription_status,
        au1_0.trial_ends_at 
    from
        app_users au1_0 
    where
        upper(au1_0.email)=upper(?)
Hibernate: 
    select
        au1_0.id,
        au1_0.active,
        au1_0.created_at,
        au1_0.email,
        au1_0.name,
        au1_0.password_hash,
        au1_0.plan_type,
        au1_0.role,
        au1_0.subscription_ends_at,
        au1_0.subscription_source,
        au1_0.subscription_status,
        au1_0.trial_ends_at 
    from
        app_users au1_0 
    where
        upper(au1_0.email)=upper(?)
2026-03-27T20:51:06.025-03:00 DEBUG 25092 --- [ServiceGo] [nio-8080-exec-6] org.hibernate.SQL                        : 
    select
        au1_0.id,
        au1_0.active,
        au1_0.created_at,
        au1_0.email,
        au1_0.name,
        au1_0.password_hash,
        au1_0.plan_type,
        au1_0.role,
        au1_0.subscription_ends_at,
        au1_0.subscription_source,
        au1_0.subscription_status,
        au1_0.trial_ends_at 
    from
        app_users au1_0 
    where
        upper(au1_0.email)=upper(?)
Hibernate: 
    select
        au1_0.id,
        au1_0.active,
        au1_0.created_at,
        au1_0.email,
        au1_0.name,
        au1_0.password_hash,
        au1_0.plan_type,
        au1_0.role,
        au1_0.subscription_ends_at,
        au1_0.subscription_source,
        au1_0.subscription_status,
        au1_0.trial_ends_at 
    from
        app_users au1_0 
    where
        upper(au1_0.email)=upper(?)
2026-03-27T20:51:06.031-03:00 DEBUG 25092 --- [ServiceGo] [nio-8080-exec-5] org.hibernate.SQL                        : 
    select
        au1_0.id,
        au1_0.active,
        au1_0.created_at,
        au1_0.email,
        au1_0.name,
        au1_0.password_hash,
        au1_0.plan_type,
        au1_0.role,
        au1_0.subscription_ends_at,
        au1_0.subscription_source,
        au1_0.subscription_status,
        au1_0.trial_ends_at 
    from
        app_users au1_0 
    where
        upper(au1_0.email)=upper(?)
Hibernate: 
    select
        au1_0.id,
        au1_0.active,
        au1_0.created_at,
        au1_0.email,
        au1_0.name,
        au1_0.password_hash,
        au1_0.plan_type,
        au1_0.role,
        au1_0.subscription_ends_at,
        au1_0.subscription_source,
        au1_0.subscription_status,
        au1_0.trial_ends_at 
    from
        app_users au1_0 
    where
        upper(au1_0.email)=upper(?)
2026-03-27T20:51:06.035-03:00 DEBUG 25092 --- [ServiceGo] [nio-8080-exec-6] org.hibernate.SQL                        : 
    select
        c1_0.id,
        c1_0.created_at,
        c1_0.email,
        c1_0.name,
        c1_0.notes,
        c1_0.owner_user_id,
        c1_0.phone 
    from
        customers c1_0 
    where
        c1_0.owner_user_id=? 
    order by
        c1_0.name
Hibernate: 
    select
        c1_0.id,
        c1_0.created_at,
        c1_0.email,
        c1_0.name,
        c1_0.notes,
        c1_0.owner_user_id,
        c1_0.phone 
    from
        customers c1_0 
    where
        c1_0.owner_user_id=? 
    order by
        c1_0.name
2026-03-27T20:51:06.038-03:00 DEBUG 25092 --- [ServiceGo] [nio-8080-exec-2] org.hibernate.SQL                        : 
    select
        v1_0.id,
        v1_0.ano,
        v1_0.ativo,
        v1_0.cor,
        v1_0.dono_usuario_id,
        dv1_0.id,
        dv1_0.active,
        dv1_0.created_at,
        dv1_0.email,
        dv1_0.name,
        dv1_0.password_hash,
        dv1_0.plan_type,
        dv1_0.role,
        dv1_0.subscription_ends_at,
        dv1_0.subscription_source,
        dv1_0.subscription_status,
        dv1_0.trial_ends_at,
        v1_0.km_atual,
        v1_0.modelo,
        v1_0.placa 
    from
        veiculos v1_0 
    join
        app_users dv1_0 
            on dv1_0.id=v1_0.dono_usuario_id 
    where
        v1_0.dono_usuario_id=? 
    order by
        v1_0.modelo
Hibernate: 
    select
        v1_0.id,
        v1_0.ano,
        v1_0.ativo,
        v1_0.cor,
        v1_0.dono_usuario_id,
        dv1_0.id,
        dv1_0.active,
        dv1_0.created_at,
        dv1_0.email,
        dv1_0.name,
        dv1_0.password_hash,
        dv1_0.plan_type,
        dv1_0.role,
        dv1_0.subscription_ends_at,
        dv1_0.subscription_source,
        dv1_0.subscription_status,
        dv1_0.trial_ends_at,
        v1_0.km_atual,
        v1_0.modelo,
        v1_0.placa 
    from
        veiculos v1_0 
    join
        app_users dv1_0 
            on dv1_0.id=v1_0.dono_usuario_id 
    where
        v1_0.dono_usuario_id=? 
    order by
        v1_0.modelo
2026-03-27T20:51:06.039-03:00 DEBUG 25092 --- [ServiceGo] [nio-8080-exec-6] m.m.a.RequestResponseBodyMethodProcessor : Using 'application/json', given [*/*] and supported [application/json, application/*+json, application/yaml]
2026-03-27T20:51:06.039-03:00 DEBUG 25092 --- [ServiceGo] [nio-8080-exec-6] m.m.a.RequestResponseBodyMethodProcessor : Writing [[CustomerResponse[id=1, name=Cintra, phone=22999999999, email=user@user.com, notes=testando, created (truncated)...]
2026-03-27T20:51:06.044-03:00 DEBUG 25092 --- [ServiceGo] [nio-8080-exec-6] o.s.web.servlet.DispatcherServlet        : Completed 200 OK
2026-03-27T20:51:06.045-03:00 DEBUG 25092 --- [ServiceGo] [nio-8080-exec-2] m.m.a.RequestResponseBodyMethodProcessor : Using 'application/json', given [*/*] and supported [application/json, application/*+json, application/yaml]
2026-03-27T20:51:06.045-03:00 DEBUG 25092 --- [ServiceGo] [nio-8080-exec-5] org.hibernate.SQL                        : 
    select
        t1_0.id,
        t1_0.actual_amount,
        t1_0.app_platform,
        t1_0.created_at,
        c1_0.id,
        c1_0.created_at,
        c1_0.email,
        c1_0.name,
        c1_0.notes,
        c1_0.owner_user_id,
        c1_0.phone,
        t1_0.destination,
        t1_0.distance_km,
        t1_0.end_at,
        t1_0.estimated_amount,
        t1_0.fuel_efficiency_km_liter,
        t1_0.fuel_price,
        t1_0.fuel_type,
        t1_0.notes,
        t1_0.origin,
        t1_0.start_at,
        t1_0.status,
        t1_0.toll_amount,
        t1_0.trip_type,
        v2_0.id,
        v2_0.ano,
        v2_0.ativo,
        v2_0.cor,
        v2_0.dono_usuario_id,
        dv2_0.id,
        dv2_0.active,
        dv2_0.created_at,
        dv2_0.email,
        dv2_0.name,
        dv2_0.password_hash,
        dv2_0.plan_type,
        dv2_0.role,
        dv2_0.subscription_ends_at,
        dv2_0.subscription_source,
        dv2_0.subscription_status,
        dv2_0.trial_ends_at,
        v2_0.km_atual,
        v2_0.modelo,
        v2_0.placa 
    from
        trips t1_0 
    left join
        veiculos v1_0 
            on v1_0.id=t1_0.vehicle_id 
    left join
        app_users dv1_0 
            on dv1_0.id=v1_0.dono_usuario_id 
    left join
        customers c1_0 
            on c1_0.id=t1_0.customer_id 
    left join
        veiculos v2_0 
            on v2_0.id=t1_0.vehicle_id 
    left join
        app_users dv2_0 
            on dv2_0.id=v2_0.dono_usuario_id 
    where
        dv1_0.id=? 
    order by
        t1_0.start_at desc
Hibernate: 
    select
        t1_0.id,
        t1_0.actual_amount,
        t1_0.app_platform,
        t1_0.created_at,
        c1_0.id,
        c1_0.created_at,
        c1_0.email,
        c1_0.name,
        c1_0.notes,
        c1_0.owner_user_id,
        c1_0.phone,
        t1_0.destination,
        t1_0.distance_km,
        t1_0.end_at,
        t1_0.estimated_amount,
        t1_0.fuel_efficiency_km_liter,
        t1_0.fuel_price,
        t1_0.fuel_type,
        t1_0.notes,
        t1_0.origin,
        t1_0.start_at,
        t1_0.status,
        t1_0.toll_amount,
        t1_0.trip_type,
        v2_0.id,
        v2_0.ano,
        v2_0.ativo,
        v2_0.cor,
        v2_0.dono_usuario_id,
        dv2_0.id,
        dv2_0.active,
        dv2_0.created_at,
        dv2_0.email,
        dv2_0.name,
        dv2_0.password_hash,
        dv2_0.plan_type,
        dv2_0.role,
        dv2_0.subscription_ends_at,
        dv2_0.subscription_source,
        dv2_0.subscription_status,
        dv2_0.trial_ends_at,
        v2_0.km_atual,
        v2_0.modelo,
        v2_0.placa 
    from
        trips t1_0 
    left join
        veiculos v1_0 
            on v1_0.id=t1_0.vehicle_id 
    left join
        app_users dv1_0 
            on dv1_0.id=v1_0.dono_usuario_id 
    left join
        customers c1_0 
            on c1_0.id=t1_0.customer_id 
    left join
        veiculos v2_0 
            on v2_0.id=t1_0.vehicle_id 
    left join
        app_users dv2_0 
            on dv2_0.id=v2_0.dono_usuario_id 
    where
        dv1_0.id=? 
    order by
        t1_0.start_at desc
2026-03-27T20:51:06.047-03:00 DEBUG 25092 --- [ServiceGo] [nio-8080-exec-2] m.m.a.RequestResponseBodyMethodProcessor : Writing [[VeiculoResponse[id=1, modelo=HB20S, placa=FNZ8D38, ano=2015, cor=Azul, ativo=true, kmAtual=145000.0 (truncated)...]
2026-03-27T20:51:06.049-03:00 DEBUG 25092 --- [ServiceGo] [nio-8080-exec-2] o.s.web.servlet.DispatcherServlet        : Completed 200 OK
2026-03-27T20:51:06.071-03:00 DEBUG 25092 --- [ServiceGo] [nio-8080-exec-3] org.hibernate.SQL                        : 
    select
        au1_0.id,
        au1_0.active,
        au1_0.created_at,
        au1_0.email,
        au1_0.name,
        au1_0.password_hash,
        au1_0.plan_type,
        au1_0.role,
        au1_0.subscription_ends_at,
        au1_0.subscription_source,
        au1_0.subscription_status,
        au1_0.trial_ends_at 
    from
        app_users au1_0 
    where
        upper(au1_0.email)=upper(?) 
        and au1_0.active=true
2026-03-27T20:51:06.071-03:00 DEBUG 25092 --- [ServiceGo] [nio-8080-exec-7] org.hibernate.SQL                        : 
    select
        au1_0.id,
        au1_0.active,
        au1_0.created_at,
        au1_0.email,
        au1_0.name,
        au1_0.password_hash,
        au1_0.plan_type,
        au1_0.role,
        au1_0.subscription_ends_at,
        au1_0.subscription_source,
        au1_0.subscription_status,
        au1_0.trial_ends_at 
    from
        app_users au1_0 
    where
        upper(au1_0.email)=upper(?) 
        and au1_0.active=true
Hibernate: 
    select
        au1_0.id,
        au1_0.active,
        au1_0.created_at,
        au1_0.email,
        au1_0.name,
        au1_0.password_hash,
        au1_0.plan_type,
        au1_0.role,
        au1_0.subscription_ends_at,
        au1_0.subscription_source,
        au1_0.subscription_status,
        au1_0.trial_ends_at 
    from
        app_users au1_0 
    where
        upper(au1_0.email)=upper(?) 
        and au1_0.active=true
Hibernate: 
    select
        au1_0.id,
        au1_0.active,
        au1_0.created_at,
        au1_0.email,
        au1_0.name,
        au1_0.password_hash,
        au1_0.plan_type,
        au1_0.role,
        au1_0.subscription_ends_at,
        au1_0.subscription_source,
        au1_0.subscription_status,
        au1_0.trial_ends_at 
    from
        app_users au1_0 
    where
        upper(au1_0.email)=upper(?) 
        and au1_0.active=true
2026-03-27T20:51:06.076-03:00 DEBUG 25092 --- [ServiceGo] [nio-8080-exec-5] m.m.a.RequestResponseBodyMethodProcessor : Using 'application/json', given [*/*] and supported [application/json, application/*+json, application/yaml]
2026-03-27T20:51:06.077-03:00 DEBUG 25092 --- [ServiceGo] [nio-8080-exec-5] m.m.a.RequestResponseBodyMethodProcessor : Writing [[TripResponse[id=12, customerId=null, customerName=null, veiculoId=1, veiculoPlaca=FNZ8D38, veiculoM (truncated)...]
2026-03-27T20:51:06.080-03:00 DEBUG 25092 --- [ServiceGo] [nio-8080-exec-5] o.s.web.servlet.DispatcherServlet        : Completed 200 OK
2026-03-27T20:51:06.084-03:00 DEBUG 25092 --- [ServiceGo] [nio-8080-exec-3] o.s.web.servlet.DispatcherServlet        : GET "/api/customers", parameters={}
2026-03-27T20:51:06.084-03:00 DEBUG 25092 --- [ServiceGo] [nio-8080-exec-7] o.s.web.servlet.DispatcherServlet        : GET "/api/veiculos", parameters={}
2026-03-27T20:51:06.086-03:00 DEBUG 25092 --- [ServiceGo] [nio-8080-exec-7] s.w.s.m.m.a.RequestMappingHandlerMapping : Mapped to com.ServiceGo.api.controller.VeiculoController#list(Authentication)
2026-03-27T20:51:06.086-03:00 DEBUG 25092 --- [ServiceGo] [nio-8080-exec-3] s.w.s.m.m.a.RequestMappingHandlerMapping : Mapped to com.ServiceGo.api.controller.CustomerController#list(Authentication)
2026-03-27T20:51:06.093-03:00 DEBUG 25092 --- [ServiceGo] [nio-8080-exec-3] org.hibernate.SQL                        : 
    select
        au1_0.id,
        au1_0.active,
        au1_0.created_at,
        au1_0.email,
        au1_0.name,
        au1_0.password_hash,
        au1_0.plan_type,
        au1_0.role,
        au1_0.subscription_ends_at,
        au1_0.subscription_source,
        au1_0.subscription_status,
        au1_0.trial_ends_at 
    from
        app_users au1_0 
    where
        upper(au1_0.email)=upper(?)
Hibernate: 
    select
        au1_0.id,
        au1_0.active,
        au1_0.created_at,
        au1_0.email,
        au1_0.name,
        au1_0.password_hash,
        au1_0.plan_type,
        au1_0.role,
        au1_0.subscription_ends_at,
        au1_0.subscription_source,
        au1_0.subscription_status,
        au1_0.trial_ends_at 
    from
        app_users au1_0 
    where
        upper(au1_0.email)=upper(?)
2026-03-27T20:51:06.093-03:00 DEBUG 25092 --- [ServiceGo] [nio-8080-exec-7] org.hibernate.SQL                        : 
    select
        au1_0.id,
        au1_0.active,
        au1_0.created_at,
        au1_0.email,
        au1_0.name,
        au1_0.password_hash,
        au1_0.plan_type,
        au1_0.role,
        au1_0.subscription_ends_at,
        au1_0.subscription_source,
        au1_0.subscription_status,
        au1_0.trial_ends_at 
    from
        app_users au1_0 
    where
        upper(au1_0.email)=upper(?)
Hibernate: 
    select
        au1_0.id,
        au1_0.active,
        au1_0.created_at,
        au1_0.email,
        au1_0.name,
        au1_0.password_hash,
        au1_0.plan_type,
        au1_0.role,
        au1_0.subscription_ends_at,
        au1_0.subscription_source,
        au1_0.subscription_status,
        au1_0.trial_ends_at 
    from
        app_users au1_0 
    where
        upper(au1_0.email)=upper(?)
2026-03-27T20:51:06.100-03:00 DEBUG 25092 --- [ServiceGo] [nio-8080-exec-3] org.hibernate.SQL                        : 
    select
        c1_0.id,
        c1_0.created_at,
        c1_0.email,
        c1_0.name,
        c1_0.notes,
        c1_0.owner_user_id,
        c1_0.phone 
    from
        customers c1_0 
    where
        c1_0.owner_user_id=? 
    order by
        c1_0.name
Hibernate: 
    select
        c1_0.id,
        c1_0.created_at,
        c1_0.email,
        c1_0.name,
        c1_0.notes,
        c1_0.owner_user_id,
        c1_0.phone 
    from
        customers c1_0 
    where
        c1_0.owner_user_id=? 
    order by
        c1_0.name
2026-03-27T20:51:06.107-03:00 DEBUG 25092 --- [ServiceGo] [nio-8080-exec-4] org.hibernate.SQL                        : 
    select
        au1_0.id,
        au1_0.active,
        au1_0.created_at,
        au1_0.email,
        au1_0.name,
        au1_0.password_hash,
        au1_0.plan_type,
        au1_0.role,
        au1_0.subscription_ends_at,
        au1_0.subscription_source,
        au1_0.subscription_status,
        au1_0.trial_ends_at 
    from
        app_users au1_0 
    where
        upper(au1_0.email)=upper(?) 
        and au1_0.active=true
Hibernate: 
    select
        au1_0.id,
        au1_0.active,
        au1_0.created_at,
        au1_0.email,
        au1_0.name,
        au1_0.password_hash,
        au1_0.plan_type,
        au1_0.role,
        au1_0.subscription_ends_at,
        au1_0.subscription_source,
        au1_0.subscription_status,
        au1_0.trial_ends_at 
    from
        app_users au1_0 
    where
        upper(au1_0.email)=upper(?) 
        and au1_0.active=true
2026-03-27T20:51:06.110-03:00 DEBUG 25092 --- [ServiceGo] [nio-8080-exec-3] m.m.a.RequestResponseBodyMethodProcessor : Using 'application/json', given [*/*] and supported [application/json, application/*+json, application/yaml]
2026-03-27T20:51:06.116-03:00 DEBUG 25092 --- [ServiceGo] [nio-8080-exec-3] m.m.a.RequestResponseBodyMethodProcessor : Writing [[CustomerResponse[id=1, name=Cintra, phone=22999999999, email=user@user.com, notes=testando, created (truncated)...]
2026-03-27T20:51:06.116-03:00 DEBUG 25092 --- [ServiceGo] [nio-8080-exec-7] org.hibernate.SQL                        : 
    select
        v1_0.id,
        v1_0.ano,
        v1_0.ativo,
        v1_0.cor,
        v1_0.dono_usuario_id,
        dv1_0.id,
        dv1_0.active,
        dv1_0.created_at,
        dv1_0.email,
        dv1_0.name,
        dv1_0.password_hash,
        dv1_0.plan_type,
        dv1_0.role,
        dv1_0.subscription_ends_at,
        dv1_0.subscription_source,
        dv1_0.subscription_status,
        dv1_0.trial_ends_at,
        v1_0.km_atual,
        v1_0.modelo,
        v1_0.placa 
    from
        veiculos v1_0 
    join
        app_users dv1_0 
            on dv1_0.id=v1_0.dono_usuario_id 
    where
        v1_0.dono_usuario_id=? 
    order by
        v1_0.modelo
Hibernate: 
    select
        v1_0.id,
        v1_0.ano,
        v1_0.ativo,
        v1_0.cor,
        v1_0.dono_usuario_id,
        dv1_0.id,
        dv1_0.active,
        dv1_0.created_at,
        dv1_0.email,
        dv1_0.name,
        dv1_0.password_hash,
        dv1_0.plan_type,
        dv1_0.role,
        dv1_0.subscription_ends_at,
        dv1_0.subscription_source,
        dv1_0.subscription_status,
        dv1_0.trial_ends_at,
        v1_0.km_atual,
        v1_0.modelo,
        v1_0.placa 
    from
        veiculos v1_0 
    join
        app_users dv1_0 
            on dv1_0.id=v1_0.dono_usuario_id 
    where
        v1_0.dono_usuario_id=? 
    order by
        v1_0.modelo
2026-03-27T20:51:06.122-03:00 DEBUG 25092 --- [ServiceGo] [nio-8080-exec-3] o.s.web.servlet.DispatcherServlet        : Completed 200 OK
2026-03-27T20:51:06.125-03:00 DEBUG 25092 --- [ServiceGo] [nio-8080-exec-7] m.m.a.RequestResponseBodyMethodProcessor : Using 'application/json', given [*/*] and supported [application/json, application/*+json, application/yaml]
2026-03-27T20:51:06.127-03:00 DEBUG 25092 --- [ServiceGo] [nio-8080-exec-7] m.m.a.RequestResponseBodyMethodProcessor : Writing [[VeiculoResponse[id=1, modelo=HB20S, placa=FNZ8D38, ano=2015, cor=Azul, ativo=true, kmAtual=145000.0 (truncated)...]
2026-03-27T20:51:06.126-03:00 DEBUG 25092 --- [ServiceGo] [nio-8080-exec-8] org.hibernate.SQL                        : 
    select
        au1_0.id,
        au1_0.active,
        au1_0.created_at,
        au1_0.email,
        au1_0.name,
        au1_0.password_hash,
        au1_0.plan_type,
        au1_0.role,
        au1_0.subscription_ends_at,
        au1_0.subscription_source,
        au1_0.subscription_status,
        au1_0.trial_ends_at 
    from
        app_users au1_0 
    where
        upper(au1_0.email)=upper(?) 
        and au1_0.active=true
Hibernate: 
    select
        au1_0.id,
        au1_0.active,
        au1_0.created_at,
        au1_0.email,
        au1_0.name,
        au1_0.password_hash,
        au1_0.plan_type,
        au1_0.role,
        au1_0.subscription_ends_at,
        au1_0.subscription_source,
        au1_0.subscription_status,
        au1_0.trial_ends_at 
    from
        app_users au1_0 
    where
        upper(au1_0.email)=upper(?) 
        and au1_0.active=true
2026-03-27T20:51:06.128-03:00 DEBUG 25092 --- [ServiceGo] [nio-8080-exec-4] o.s.web.servlet.DispatcherServlet        : GET "/api/trips", parameters={}
2026-03-27T20:51:06.130-03:00 DEBUG 25092 --- [ServiceGo] [nio-8080-exec-7] o.s.web.servlet.DispatcherServlet        : Completed 200 OK
2026-03-27T20:51:06.130-03:00 DEBUG 25092 --- [ServiceGo] [nio-8080-exec-4] s.w.s.m.m.a.RequestMappingHandlerMapping : Mapped to com.ServiceGo.api.controller.TripController#list(Authentication)
2026-03-27T20:51:06.138-03:00 DEBUG 25092 --- [ServiceGo] [nio-8080-exec-4] org.hibernate.SQL                        : 
    select
        au1_0.id,
        au1_0.active,
        au1_0.created_at,
        au1_0.email,
        au1_0.name,
        au1_0.password_hash,
        au1_0.plan_type,
        au1_0.role,
        au1_0.subscription_ends_at,
        au1_0.subscription_source,
        au1_0.subscription_status,
        au1_0.trial_ends_at 
    from
        app_users au1_0 
    where
        upper(au1_0.email)=upper(?)
Hibernate: 
    select
        au1_0.id,
        au1_0.active,
        au1_0.created_at,
        au1_0.email,
        au1_0.name,
        au1_0.password_hash,
        au1_0.plan_type,
        au1_0.role,
        au1_0.subscription_ends_at,
        au1_0.subscription_source,
        au1_0.subscription_status,
        au1_0.trial_ends_at 
    from
        app_users au1_0 
    where
        upper(au1_0.email)=upper(?)
2026-03-27T20:51:06.144-03:00 DEBUG 25092 --- [ServiceGo] [nio-8080-exec-8] o.s.web.servlet.DispatcherServlet        : GET "/api/configuracoes-usuario/2", parameters={}
2026-03-27T20:51:06.146-03:00 DEBUG 25092 --- [ServiceGo] [nio-8080-exec-8] s.w.s.m.m.a.RequestMappingHandlerMapping : Mapped to com.ServiceGo.api.controller.ConfiguracaoUsuarioController#getByUsuario(Long)
2026-03-27T20:51:06.155-03:00 DEBUG 25092 --- [ServiceGo] [nio-8080-exec-4] org.hibernate.SQL                        : 
    select
        t1_0.id,
        t1_0.actual_amount,
        t1_0.app_platform,
        t1_0.created_at,
        c1_0.id,
        c1_0.created_at,
        c1_0.email,
        c1_0.name,
        c1_0.notes,
        c1_0.owner_user_id,
        c1_0.phone,
        t1_0.destination,
        t1_0.distance_km,
        t1_0.end_at,
        t1_0.estimated_amount,
        t1_0.fuel_efficiency_km_liter,
        t1_0.fuel_price,
        t1_0.fuel_type,
        t1_0.notes,
        t1_0.origin,
        t1_0.start_at,
        t1_0.status,
        t1_0.toll_amount,
        t1_0.trip_type,
        v2_0.id,
        v2_0.ano,
        v2_0.ativo,
        v2_0.cor,
        v2_0.dono_usuario_id,
        dv2_0.id,
        dv2_0.active,
        dv2_0.created_at,
        dv2_0.email,
        dv2_0.name,
        dv2_0.password_hash,
        dv2_0.plan_type,
        dv2_0.role,
        dv2_0.subscription_ends_at,
        dv2_0.subscription_source,
        dv2_0.subscription_status,
        dv2_0.trial_ends_at,
        v2_0.km_atual,
        v2_0.modelo,
        v2_0.placa 
    from
        trips t1_0 
    left join
        veiculos v1_0 
            on v1_0.id=t1_0.vehicle_id 
    left join
        app_users dv1_0 
            on dv1_0.id=v1_0.dono_usuario_id 
    left join
        customers c1_0 
            on c1_0.id=t1_0.customer_id 
    left join
        veiculos v2_0 
            on v2_0.id=t1_0.vehicle_id 
    left join
        app_users dv2_0 
            on dv2_0.id=v2_0.dono_usuario_id 
    where
        dv1_0.id=? 
    order by
        t1_0.start_at desc
Hibernate: 
    select
        t1_0.id,
        t1_0.actual_amount,
        t1_0.app_platform,
        t1_0.created_at,
        c1_0.id,
        c1_0.created_at,
        c1_0.email,
        c1_0.name,
        c1_0.notes,
        c1_0.owner_user_id,
        c1_0.phone,
        t1_0.destination,
        t1_0.distance_km,
        t1_0.end_at,
        t1_0.estimated_amount,
        t1_0.fuel_efficiency_km_liter,
        t1_0.fuel_price,
        t1_0.fuel_type,
        t1_0.notes,
        t1_0.origin,
        t1_0.start_at,
        t1_0.status,
        t1_0.toll_amount,
        t1_0.trip_type,
        v2_0.id,
        v2_0.ano,
        v2_0.ativo,
        v2_0.cor,
        v2_0.dono_usuario_id,
        dv2_0.id,
        dv2_0.active,
        dv2_0.created_at,
        dv2_0.email,
        dv2_0.name,
        dv2_0.password_hash,
        dv2_0.plan_type,
        dv2_0.role,
        dv2_0.subscription_ends_at,
        dv2_0.subscription_source,
        dv2_0.subscription_status,
        dv2_0.trial_ends_at,
        v2_0.km_atual,
        v2_0.modelo,
        v2_0.placa 
    from
        trips t1_0 
    left join
        veiculos v1_0 
            on v1_0.id=t1_0.vehicle_id 
    left join
        app_users dv1_0 
            on dv1_0.id=v1_0.dono_usuario_id 
    left join
        customers c1_0 
            on c1_0.id=t1_0.customer_id 
    left join
        veiculos v2_0 
            on v2_0.id=t1_0.vehicle_id 
    left join
        app_users dv2_0 
            on dv2_0.id=v2_0.dono_usuario_id 
    where
        dv1_0.id=? 
    order by
        t1_0.start_at desc
2026-03-27T20:51:06.156-03:00 DEBUG 25092 --- [ServiceGo] [nio-8080-exec-8] org.hibernate.SQL                        : 
    select
        cu1_0.id,
        cu1_0.anos_base_depreciacao,
        cu1_0.depreciacao_alocacao,
        cu1_0.depreciacao_modo,
        cu1_0.fuel_efficiency_km_liter,
        cu1_0.fuel_price,
        cu1_0.fuel_type,
        cu1_0.fuso_horario,
        cu1_0.km_base_depreciacao,
        cu1_0.lembrete_ativo,
        cu1_0.meses_base_depreciacao,
        cu1_0.minutos_antecedencia_lembrete,
        cu1_0.sincronizar_calendario,
        cu1_0.usuario_id,
        cu1_0.valor_atual_veiculo,
        cu1_0.valor_estimado_veiculo,
        cu1_0.valor_manual_anual,
        cu1_0.valor_manual_mensal,
        cu1_0.valor_manual_por_km 
    from
        configuracoes_usuario cu1_0 
    where
        cu1_0.usuario_id=?
Hibernate: 
    select
        cu1_0.id,
        cu1_0.anos_base_depreciacao,
        cu1_0.depreciacao_alocacao,
        cu1_0.depreciacao_modo,
        cu1_0.fuel_efficiency_km_liter,
        cu1_0.fuel_price,
        cu1_0.fuel_type,
        cu1_0.fuso_horario,
        cu1_0.km_base_depreciacao,
        cu1_0.lembrete_ativo,
        cu1_0.meses_base_depreciacao,
        cu1_0.minutos_antecedencia_lembrete,
        cu1_0.sincronizar_calendario,
        cu1_0.usuario_id,
        cu1_0.valor_atual_veiculo,
        cu1_0.valor_estimado_veiculo,
        cu1_0.valor_manual_anual,
        cu1_0.valor_manual_mensal,
        cu1_0.valor_manual_por_km 
    from
        configuracoes_usuario cu1_0 
    where
        cu1_0.usuario_id=?
2026-03-27T20:51:06.169-03:00 DEBUG 25092 --- [ServiceGo] [nio-8080-exec-4] m.m.a.RequestResponseBodyMethodProcessor : Using 'application/json', given [*/*] and supported [application/json, application/*+json, application/yaml]
2026-03-27T20:51:06.170-03:00 DEBUG 25092 --- [ServiceGo] [nio-8080-exec-4] m.m.a.RequestResponseBodyMethodProcessor : Writing [[TripResponse[id=12, customerId=null, customerName=null, veiculoId=1, veiculoPlaca=FNZ8D38, veiculoM (truncated)...]
2026-03-27T20:51:06.173-03:00 DEBUG 25092 --- [ServiceGo] [nio-8080-exec-4] o.s.web.servlet.DispatcherServlet        : Completed 200 OK
2026-03-27T20:51:06.184-03:00 DEBUG 25092 --- [ServiceGo] [nio-8080-exec-8] m.m.a.RequestResponseBodyMethodProcessor : Using 'application/json', given [*/*] and supported [application/json, application/*+json, application/yaml]
2026-03-27T20:51:06.216-03:00 DEBUG 25092 --- [ServiceGo] [nio-8080-exec-8] m.m.a.RequestResponseBodyMethodProcessor : Writing [ConfiguracaoUsuarioResponse[id=2, usuarioId=2, sincronizarCalendario=true, lembreteAtivo=true, minut (truncated)...]
2026-03-27T20:51:06.229-03:00 DEBUG 25092 --- [ServiceGo] [nio-8080-exec-8] o.s.web.servlet.DispatcherServlet        : Completed 200 OK
2026-03-27T20:51:06.249-03:00 DEBUG 25092 --- [ServiceGo] [nio-8080-exec-9] org.hibernate.SQL                        : 
    select
        au1_0.id,
        au1_0.active,
        au1_0.created_at,
        au1_0.email,
        au1_0.name,
        au1_0.password_hash,
        au1_0.plan_type,
        au1_0.role,
        au1_0.subscription_ends_at,
        au1_0.subscription_source,
        au1_0.subscription_status,
        au1_0.trial_ends_at 
    from
        app_users au1_0 
    where
        upper(au1_0.email)=upper(?) 
        and au1_0.active=true
Hibernate: 
    select
        au1_0.id,
        au1_0.active,
        au1_0.created_at,
        au1_0.email,
        au1_0.name,
        au1_0.password_hash,
        au1_0.plan_type,
        au1_0.role,
        au1_0.subscription_ends_at,
        au1_0.subscription_source,
        au1_0.subscription_status,
        au1_0.trial_ends_at 
    from
        app_users au1_0 
    where
        upper(au1_0.email)=upper(?) 
        and au1_0.active=true
2026-03-27T20:51:06.258-03:00 DEBUG 25092 --- [ServiceGo] [nio-8080-exec-9] o.s.web.servlet.DispatcherServlet        : GET "/api/configuracoes-usuario/2", parameters={}
2026-03-27T20:51:06.259-03:00 DEBUG 25092 --- [ServiceGo] [nio-8080-exec-9] s.w.s.m.m.a.RequestMappingHandlerMapping : Mapped to com.ServiceGo.api.controller.ConfiguracaoUsuarioController#getByUsuario(Long)
2026-03-27T20:51:06.263-03:00 DEBUG 25092 --- [ServiceGo] [nio-8080-exec-9] org.hibernate.SQL                        : 
    select
        cu1_0.id,
        cu1_0.anos_base_depreciacao,
        cu1_0.depreciacao_alocacao,
        cu1_0.depreciacao_modo,
        cu1_0.fuel_efficiency_km_liter,
        cu1_0.fuel_price,
        cu1_0.fuel_type,
        cu1_0.fuso_horario,
        cu1_0.km_base_depreciacao,
        cu1_0.lembrete_ativo,
        cu1_0.meses_base_depreciacao,
        cu1_0.minutos_antecedencia_lembrete,
        cu1_0.sincronizar_calendario,
        cu1_0.usuario_id,
        cu1_0.valor_atual_veiculo,
        cu1_0.valor_estimado_veiculo,
        cu1_0.valor_manual_anual,
        cu1_0.valor_manual_mensal,
        cu1_0.valor_manual_por_km 
    from
        configuracoes_usuario cu1_0 
    where
        cu1_0.usuario_id=?
Hibernate: 
    select
        cu1_0.id,
        cu1_0.anos_base_depreciacao,
        cu1_0.depreciacao_alocacao,
        cu1_0.depreciacao_modo,
        cu1_0.fuel_efficiency_km_liter,
        cu1_0.fuel_price,
        cu1_0.fuel_type,
        cu1_0.fuso_horario,
        cu1_0.km_base_depreciacao,
        cu1_0.lembrete_ativo,
        cu1_0.meses_base_depreciacao,
        cu1_0.minutos_antecedencia_lembrete,
        cu1_0.sincronizar_calendario,
        cu1_0.usuario_id,
        cu1_0.valor_atual_veiculo,
        cu1_0.valor_estimado_veiculo,
        cu1_0.valor_manual_anual,
        cu1_0.valor_manual_mensal,
        cu1_0.valor_manual_por_km 
    from
        configuracoes_usuario cu1_0 
    where
        cu1_0.usuario_id=?
2026-03-27T20:51:06.272-03:00 DEBUG 25092 --- [ServiceGo] [nio-8080-exec-9] m.m.a.RequestResponseBodyMethodProcessor : Using 'application/json', given [*/*] and supported [application/json, application/*+json, application/yaml]
2026-03-27T20:51:06.275-03:00 DEBUG 25092 --- [ServiceGo] [nio-8080-exec-9] m.m.a.RequestResponseBodyMethodProcessor : Writing [ConfiguracaoUsuarioResponse[id=2, usuarioId=2, sincronizarCalendario=true, lembreteAtivo=true, minut (truncated)...]
2026-03-27T20:51:06.277-03:00 DEBUG 25092 --- [ServiceGo] [nio-8080-exec-9] o.s.web.servlet.DispatcherServlet        : Completed 200 OK
2026-03-27T20:52:09.985-03:00 DEBUG 25092 --- [ServiceGo] [io-8080-exec-10] org.hibernate.SQL                        : 
    select
        au1_0.id,
        au1_0.active,
        au1_0.created_at,
        au1_0.email,
        au1_0.name,
        au1_0.password_hash,
        au1_0.plan_type,
        au1_0.role,
        au1_0.subscription_ends_at,
        au1_0.subscription_source,
        au1_0.subscription_status,
        au1_0.trial_ends_at 
    from
        app_users au1_0 
    where
        upper(au1_0.email)=upper(?) 
        and au1_0.active=true
Hibernate: 
    select
        au1_0.id,
        au1_0.active,
        au1_0.created_at,
        au1_0.email,
        au1_0.name,
        au1_0.password_hash,
        au1_0.plan_type,
        au1_0.role,
        au1_0.subscription_ends_at,
        au1_0.subscription_source,
        au1_0.subscription_status,
        au1_0.trial_ends_at 
    from
        app_users au1_0 
    where
        upper(au1_0.email)=upper(?) 
        and au1_0.active=true
2026-03-27T20:52:09.994-03:00 DEBUG 25092 --- [ServiceGo] [io-8080-exec-10] o.s.web.servlet.DispatcherServlet        : POST "/api/trips", parameters={}
2026-03-27T20:52:09.995-03:00 DEBUG 25092 --- [ServiceGo] [io-8080-exec-10] s.w.s.m.m.a.RequestMappingHandlerMapping : Mapped to com.ServiceGo.api.controller.TripController#create(TripRequest, Authentication)
2026-03-27T20:52:10.042-03:00 DEBUG 25092 --- [ServiceGo] [io-8080-exec-10] m.m.a.RequestResponseBodyMethodProcessor : Read "application/json;charset=UTF-8" to [TripRequest[customerId=1, veiculoId=1, tripType=INTERMUNICIPAL, status=AGENDADA, origin=TESTE, desti (truncated)...]
2026-03-27T20:52:10.111-03:00 DEBUG 25092 --- [ServiceGo] [io-8080-exec-10] org.hibernate.SQL                        : 
    select
        au1_0.id,
        au1_0.active,
        au1_0.created_at,
        au1_0.email,
        au1_0.name,
        au1_0.password_hash,
        au1_0.plan_type,
        au1_0.role,
        au1_0.subscription_ends_at,
        au1_0.subscription_source,
        au1_0.subscription_status,
        au1_0.trial_ends_at 
    from
        app_users au1_0 
    where
        upper(au1_0.email)=upper(?)
Hibernate: 
    select
        au1_0.id,
        au1_0.active,
        au1_0.created_at,
        au1_0.email,
        au1_0.name,
        au1_0.password_hash,
        au1_0.plan_type,
        au1_0.role,
        au1_0.subscription_ends_at,
        au1_0.subscription_source,
        au1_0.subscription_status,
        au1_0.trial_ends_at 
    from
        app_users au1_0 
    where
        upper(au1_0.email)=upper(?)
2026-03-27T20:52:10.129-03:00 DEBUG 25092 --- [ServiceGo] [io-8080-exec-10] org.hibernate.SQL                        : 
    select
        c1_0.id,
        c1_0.created_at,
        c1_0.email,
        c1_0.name,
        c1_0.notes,
        c1_0.owner_user_id,
        c1_0.phone 
    from
        customers c1_0 
    where
        c1_0.id=? 
        and c1_0.owner_user_id=?
Hibernate: 
    select
        c1_0.id,
        c1_0.created_at,
        c1_0.email,
        c1_0.name,
        c1_0.notes,
        c1_0.owner_user_id,
        c1_0.phone 
    from
        customers c1_0 
    where
        c1_0.id=? 
        and c1_0.owner_user_id=?
2026-03-27T20:52:10.138-03:00 DEBUG 25092 --- [ServiceGo] [io-8080-exec-10] org.hibernate.SQL                        : 
    select
        au1_0.id,
        au1_0.active,
        au1_0.created_at,
        au1_0.email,
        au1_0.name,
        au1_0.password_hash,
        au1_0.plan_type,
        au1_0.role,
        au1_0.subscription_ends_at,
        au1_0.subscription_source,
        au1_0.subscription_status,
        au1_0.trial_ends_at 
    from
        app_users au1_0 
    where
        upper(au1_0.email)=upper(?)
Hibernate: 
    select
        au1_0.id,
        au1_0.active,
        au1_0.created_at,
        au1_0.email,
        au1_0.name,
        au1_0.password_hash,
        au1_0.plan_type,
        au1_0.role,
        au1_0.subscription_ends_at,
        au1_0.subscription_source,
        au1_0.subscription_status,
        au1_0.trial_ends_at 
    from
        app_users au1_0 
    where
        upper(au1_0.email)=upper(?)
2026-03-27T20:52:10.160-03:00 DEBUG 25092 --- [ServiceGo] [io-8080-exec-10] org.hibernate.SQL                        : 
    select
        v1_0.id,
        v1_0.ano,
        v1_0.ativo,
        v1_0.cor,
        v1_0.dono_usuario_id,
        dv1_0.id,
        dv1_0.active,
        dv1_0.created_at,
        dv1_0.email,
        dv1_0.name,
        dv1_0.password_hash,
        dv1_0.plan_type,
        dv1_0.role,
        dv1_0.subscription_ends_at,
        dv1_0.subscription_source,
        dv1_0.subscription_status,
        dv1_0.trial_ends_at,
        v1_0.km_atual,
        v1_0.modelo,
        v1_0.placa 
    from
        veiculos v1_0 
    join
        app_users dv1_0 
            on dv1_0.id=v1_0.dono_usuario_id 
    where
        v1_0.id=? 
        and v1_0.dono_usuario_id=?
Hibernate: 
    select
        v1_0.id,
        v1_0.ano,
        v1_0.ativo,
        v1_0.cor,
        v1_0.dono_usuario_id,
        dv1_0.id,
        dv1_0.active,
        dv1_0.created_at,
        dv1_0.email,
        dv1_0.name,
        dv1_0.password_hash,
        dv1_0.plan_type,
        dv1_0.role,
        dv1_0.subscription_ends_at,
        dv1_0.subscription_source,
        dv1_0.subscription_status,
        dv1_0.trial_ends_at,
        v1_0.km_atual,
        v1_0.modelo,
        v1_0.placa 
    from
        veiculos v1_0 
    join
        app_users dv1_0 
            on dv1_0.id=v1_0.dono_usuario_id 
    where
        v1_0.id=? 
        and v1_0.dono_usuario_id=?
2026-03-27T20:52:10.169-03:00 DEBUG 25092 --- [ServiceGo] [io-8080-exec-10] org.hibernate.SQL                        : 
    insert 
    into
        trips
        (actual_amount, app_platform, created_at, customer_id, destination, distance_km, end_at, estimated_amount, fuel_efficiency_km_liter, fuel_price, fuel_type, notes, origin, start_at, status, toll_amount, trip_type, vehicle_id) 
    values
        (?, ?, ?, ?, ?, ?, ?, ?, ?, ?, ?, ?, ?, ?, ?, ?, ?, ?)
Hibernate: 
    insert 
    into
        trips
        (actual_amount, app_platform, created_at, customer_id, destination, distance_km, end_at, estimated_amount, fuel_efficiency_km_liter, fuel_price, fuel_type, notes, origin, start_at, status, toll_amount, trip_type, vehicle_id) 
    values
        (?, ?, ?, ?, ?, ?, ?, ?, ?, ?, ?, ?, ?, ?, ?, ?, ?, ?)
2026-03-27T20:52:10.182-03:00 DEBUG 25092 --- [ServiceGo] [io-8080-exec-10] org.hibernate.SQL                        : 
    select
        cu1_0.id,
        cu1_0.anos_base_depreciacao,
        cu1_0.depreciacao_alocacao,
        cu1_0.depreciacao_modo,
        cu1_0.fuel_efficiency_km_liter,
        cu1_0.fuel_price,
        cu1_0.fuel_type,
        cu1_0.fuso_horario,
        cu1_0.km_base_depreciacao,
        cu1_0.lembrete_ativo,
        cu1_0.meses_base_depreciacao,
        cu1_0.minutos_antecedencia_lembrete,
        cu1_0.sincronizar_calendario,
        cu1_0.usuario_id,
        cu1_0.valor_atual_veiculo,
        cu1_0.valor_estimado_veiculo,
        cu1_0.valor_manual_anual,
        cu1_0.valor_manual_mensal,
        cu1_0.valor_manual_por_km 
    from
        configuracoes_usuario cu1_0 
    where
        cu1_0.usuario_id=?
Hibernate: 
    select
        cu1_0.id,
        cu1_0.anos_base_depreciacao,
        cu1_0.depreciacao_alocacao,
        cu1_0.depreciacao_modo,
        cu1_0.fuel_efficiency_km_liter,
        cu1_0.fuel_price,
        cu1_0.fuel_type,
        cu1_0.fuso_horario,
        cu1_0.km_base_depreciacao,
        cu1_0.lembrete_ativo,
        cu1_0.meses_base_depreciacao,
        cu1_0.minutos_antecedencia_lembrete,
        cu1_0.sincronizar_calendario,
        cu1_0.usuario_id,
        cu1_0.valor_atual_veiculo,
        cu1_0.valor_estimado_veiculo,
        cu1_0.valor_manual_anual,
        cu1_0.valor_manual_mensal,
        cu1_0.valor_manual_por_km 
    from
        configuracoes_usuario cu1_0 
    where
        cu1_0.usuario_id=?
2026-03-27T20:52:10.205-03:00 DEBUG 25092 --- [ServiceGo] [io-8080-exec-10] org.hibernate.SQL                        : 
    select
        av1_0.id,
        av1_0.atualizado_em,
        av1_0.criado_em,
        av1_0.descricao,
        av1_0.fim_em,
        av1_0.fuso_horario,
        av1_0.id_evento_externo,
        av1_0.inicio_em,
        av1_0.lembrete_minutos,
        av1_0.local_evento,
        av1_0.status,
        av1_0.titulo,
        av1_0.trip_id,
        t1_0.id,
        t1_0.actual_amount,
        t1_0.app_platform,
        t1_0.created_at,
        t1_0.customer_id,
        t1_0.destination,
        t1_0.distance_km,
        t1_0.end_at,
        t1_0.estimated_amount,
        t1_0.fuel_efficiency_km_liter,
        t1_0.fuel_price,
        t1_0.fuel_type,
        t1_0.notes,
        t1_0.origin,
        t1_0.start_at,
        t1_0.status,
        t1_0.toll_amount,
        t1_0.trip_type,
        t1_0.vehicle_id,
        av1_0.usuario_id,
        u1_0.id,
        u1_0.active,
        u1_0.created_at,
        u1_0.email,
        u1_0.name,
        u1_0.password_hash,
        u1_0.plan_type,
        u1_0.role,
        u1_0.subscription_ends_at,
        u1_0.subscription_source,
        u1_0.subscription_status,
        u1_0.trial_ends_at 
    from
        agendamentos_viagem av1_0 
    join
        trips t1_0 
            on t1_0.id=av1_0.trip_id 
    join
        app_users u1_0 
            on u1_0.id=av1_0.usuario_id 
    where
        av1_0.trip_id=?
Hibernate: 
    select
        av1_0.id,
        av1_0.atualizado_em,
        av1_0.criado_em,
        av1_0.descricao,
        av1_0.fim_em,
        av1_0.fuso_horario,
        av1_0.id_evento_externo,
        av1_0.inicio_em,
        av1_0.lembrete_minutos,
        av1_0.local_evento,
        av1_0.status,
        av1_0.titulo,
        av1_0.trip_id,
        t1_0.id,
        t1_0.actual_amount,
        t1_0.app_platform,
        t1_0.created_at,
        t1_0.customer_id,
        t1_0.destination,
        t1_0.distance_km,
        t1_0.end_at,
        t1_0.estimated_amount,
        t1_0.fuel_efficiency_km_liter,
        t1_0.fuel_price,
        t1_0.fuel_type,
        t1_0.notes,
        t1_0.origin,
        t1_0.start_at,
        t1_0.status,
        t1_0.toll_amount,
        t1_0.trip_type,
        t1_0.vehicle_id,
        av1_0.usuario_id,
        u1_0.id,
        u1_0.active,
        u1_0.created_at,
        u1_0.email,
        u1_0.name,
        u1_0.password_hash,
        u1_0.plan_type,
        u1_0.role,
        u1_0.subscription_ends_at,
        u1_0.subscription_source,
        u1_0.subscription_status,
        u1_0.trial_ends_at 
    from
        agendamentos_viagem av1_0 
    join
        trips t1_0 
            on t1_0.id=av1_0.trip_id 
    join
        app_users u1_0 
            on u1_0.id=av1_0.usuario_id 
    where
        av1_0.trip_id=?
2026-03-27T20:52:10.221-03:00 DEBUG 25092 --- [ServiceGo] [io-8080-exec-10] org.hibernate.SQL                        : 
    insert 
    into
        agendamentos_viagem
        (atualizado_em, criado_em, descricao, fim_em, fuso_horario, id_evento_externo, inicio_em, lembrete_minutos, local_evento, status, titulo, trip_id, usuario_id) 
    values
        (?, ?, ?, ?, ?, ?, ?, ?, ?, ?, ?, ?, ?)
Hibernate: 
    insert 
    into
        agendamentos_viagem
        (atualizado_em, criado_em, descricao, fim_em, fuso_horario, id_evento_externo, inicio_em, lembrete_minutos, local_evento, status, titulo, trip_id, usuario_id) 
    values
        (?, ?, ?, ?, ?, ?, ?, ?, ?, ?, ?, ?, ?)
2026-03-27T20:52:10.248-03:00 DEBUG 25092 --- [ServiceGo] [io-8080-exec-10] m.m.a.RequestResponseBodyMethodProcessor : Using 'application/json', given [*/*] and supported [application/json, application/*+json, application/yaml]
2026-03-27T20:52:10.251-03:00 DEBUG 25092 --- [ServiceGo] [io-8080-exec-10] m.m.a.RequestResponseBodyMethodProcessor : Writing [TripResponse[id=13, customerId=1, customerName=Cintra, veiculoId=1, veiculoPlaca=FNZ8D38, veiculoMod (truncated)...]
2026-03-27T20:52:10.257-03:00 DEBUG 25092 --- [ServiceGo] [io-8080-exec-10] o.s.web.servlet.DispatcherServlet        : Completed 201 CREATED
2026-03-27T20:52:10.301-03:00 DEBUG 25092 --- [ServiceGo] [nio-8080-exec-6] org.hibernate.SQL                        : 
    select
        au1_0.id,
        au1_0.active,
        au1_0.created_at,
        au1_0.email,
        au1_0.name,
        au1_0.password_hash,
        au1_0.plan_type,
        au1_0.role,
        au1_0.subscription_ends_at,
        au1_0.subscription_source,
        au1_0.subscription_status,
        au1_0.trial_ends_at 
    from
        app_users au1_0 
    where
        upper(au1_0.email)=upper(?) 
        and au1_0.active=true
Hibernate: 
    select
        au1_0.id,
        au1_0.active,
        au1_0.created_at,
        au1_0.email,
        au1_0.name,
        au1_0.password_hash,
        au1_0.plan_type,
        au1_0.role,
        au1_0.subscription_ends_at,
        au1_0.subscription_source,
        au1_0.subscription_status,
        au1_0.trial_ends_at 
    from
        app_users au1_0 
    where
        upper(au1_0.email)=upper(?) 
        and au1_0.active=true
2026-03-27T20:52:10.308-03:00 DEBUG 25092 --- [ServiceGo] [nio-8080-exec-1] org.hibernate.SQL                        : 
    select
        au1_0.id,
        au1_0.active,
        au1_0.created_at,
        au1_0.email,
        au1_0.name,
        au1_0.password_hash,
        au1_0.plan_type,
        au1_0.role,
        au1_0.subscription_ends_at,
        au1_0.subscription_source,
        au1_0.subscription_status,
        au1_0.trial_ends_at 
    from
        app_users au1_0 
    where
        upper(au1_0.email)=upper(?) 
        and au1_0.active=true
Hibernate: 
    select
        au1_0.id,
        au1_0.active,
        au1_0.created_at,
        au1_0.email,
        au1_0.name,
        au1_0.password_hash,
        au1_0.plan_type,
        au1_0.role,
        au1_0.subscription_ends_at,
        au1_0.subscription_source,
        au1_0.subscription_status,
        au1_0.trial_ends_at 
    from
        app_users au1_0 
    where
        upper(au1_0.email)=upper(?) 
        and au1_0.active=true
2026-03-27T20:52:10.308-03:00 DEBUG 25092 --- [ServiceGo] [nio-8080-exec-2] org.hibernate.SQL                        : 
    select
        au1_0.id,
        au1_0.active,
        au1_0.created_at,
        au1_0.email,
        au1_0.name,
        au1_0.password_hash,
        au1_0.plan_type,
        au1_0.role,
        au1_0.subscription_ends_at,
        au1_0.subscription_source,
        au1_0.subscription_status,
        au1_0.trial_ends_at 
    from
        app_users au1_0 
    where
        upper(au1_0.email)=upper(?) 
        and au1_0.active=true
Hibernate: 
    select
        au1_0.id,
        au1_0.active,
        au1_0.created_at,
        au1_0.email,
        au1_0.name,
        au1_0.password_hash,
        au1_0.plan_type,
        au1_0.role,
        au1_0.subscription_ends_at,
        au1_0.subscription_source,
        au1_0.subscription_status,
        au1_0.trial_ends_at 
    from
        app_users au1_0 
    where
        upper(au1_0.email)=upper(?) 
        and au1_0.active=true
2026-03-27T20:52:10.323-03:00 DEBUG 25092 --- [ServiceGo] [nio-8080-exec-6] o.s.web.servlet.DispatcherServlet        : GET "/api/trips", parameters={}
2026-03-27T20:52:10.324-03:00 DEBUG 25092 --- [ServiceGo] [nio-8080-exec-1] o.s.web.servlet.DispatcherServlet        : GET "/api/veiculos", parameters={}
2026-03-27T20:52:10.324-03:00 DEBUG 25092 --- [ServiceGo] [nio-8080-exec-1] s.w.s.m.m.a.RequestMappingHandlerMapping : Mapped to com.ServiceGo.api.controller.VeiculoController#list(Authentication)
2026-03-27T20:52:10.325-03:00 DEBUG 25092 --- [ServiceGo] [nio-8080-exec-6] s.w.s.m.m.a.RequestMappingHandlerMapping : Mapped to com.ServiceGo.api.controller.TripController#list(Authentication)
2026-03-27T20:52:10.330-03:00 DEBUG 25092 --- [ServiceGo] [nio-8080-exec-2] o.s.web.servlet.DispatcherServlet        : GET "/api/customers", parameters={}
2026-03-27T20:52:10.332-03:00 DEBUG 25092 --- [ServiceGo] [nio-8080-exec-6] org.hibernate.SQL                        : 
    select
        au1_0.id,
        au1_0.active,
        au1_0.created_at,
        au1_0.email,
        au1_0.name,
        au1_0.password_hash,
        au1_0.plan_type,
        au1_0.role,
        au1_0.subscription_ends_at,
        au1_0.subscription_source,
        au1_0.subscription_status,
        au1_0.trial_ends_at 
    from
        app_users au1_0 
    where
        upper(au1_0.email)=upper(?)
Hibernate: 
    select
        au1_0.id,
        au1_0.active,
        au1_0.created_at,
        au1_0.email,
        au1_0.name,
        au1_0.password_hash,
        au1_0.plan_type,
        au1_0.role,
        au1_0.subscription_ends_at,
        au1_0.subscription_source,
        au1_0.subscription_status,
        au1_0.trial_ends_at 
    from
        app_users au1_0 
    where
        upper(au1_0.email)=upper(?)
2026-03-27T20:52:10.332-03:00 DEBUG 25092 --- [ServiceGo] [nio-8080-exec-2] s.w.s.m.m.a.RequestMappingHandlerMapping : Mapped to com.ServiceGo.api.controller.CustomerController#list(Authentication)
2026-03-27T20:52:10.332-03:00 DEBUG 25092 --- [ServiceGo] [nio-8080-exec-1] org.hibernate.SQL                        : 
    select
        au1_0.id,
        au1_0.active,
        au1_0.created_at,
        au1_0.email,
        au1_0.name,
        au1_0.password_hash,
        au1_0.plan_type,
        au1_0.role,
        au1_0.subscription_ends_at,
        au1_0.subscription_source,
        au1_0.subscription_status,
        au1_0.trial_ends_at 
    from
        app_users au1_0 
    where
        upper(au1_0.email)=upper(?)
Hibernate: 
    select
        au1_0.id,
        au1_0.active,
        au1_0.created_at,
        au1_0.email,
        au1_0.name,
        au1_0.password_hash,
        au1_0.plan_type,
        au1_0.role,
        au1_0.subscription_ends_at,
        au1_0.subscription_source,
        au1_0.subscription_status,
        au1_0.trial_ends_at 
    from
        app_users au1_0 
    where
        upper(au1_0.email)=upper(?)
2026-03-27T20:52:10.344-03:00 DEBUG 25092 --- [ServiceGo] [nio-8080-exec-2] org.hibernate.SQL                        : 
    select
        au1_0.id,
        au1_0.active,
        au1_0.created_at,
        au1_0.email,
        au1_0.name,
        au1_0.password_hash,
        au1_0.plan_type,
        au1_0.role,
        au1_0.subscription_ends_at,
        au1_0.subscription_source,
        au1_0.subscription_status,
        au1_0.trial_ends_at 
    from
        app_users au1_0 
    where
        upper(au1_0.email)=upper(?)
Hibernate: 
    select
        au1_0.id,
        au1_0.active,
        au1_0.created_at,
        au1_0.email,
        au1_0.name,
        au1_0.password_hash,
        au1_0.plan_type,
        au1_0.role,
        au1_0.subscription_ends_at,
        au1_0.subscription_source,
        au1_0.subscription_status,
        au1_0.trial_ends_at 
    from
        app_users au1_0 
    where
        upper(au1_0.email)=upper(?)
2026-03-27T20:52:10.350-03:00 DEBUG 25092 --- [ServiceGo] [nio-8080-exec-1] org.hibernate.SQL                        : 
    select
        v1_0.id,
        v1_0.ano,
        v1_0.ativo,
        v1_0.cor,
        v1_0.dono_usuario_id,
        dv1_0.id,
        dv1_0.active,
        dv1_0.created_at,
        dv1_0.email,
        dv1_0.name,
        dv1_0.password_hash,
        dv1_0.plan_type,
        dv1_0.role,
        dv1_0.subscription_ends_at,
        dv1_0.subscription_source,
        dv1_0.subscription_status,
        dv1_0.trial_ends_at,
        v1_0.km_atual,
        v1_0.modelo,
        v1_0.placa 
    from
        veiculos v1_0 
    join
        app_users dv1_0 
            on dv1_0.id=v1_0.dono_usuario_id 
    where
        v1_0.dono_usuario_id=? 
    order by
        v1_0.modelo
Hibernate: 
    select
        v1_0.id,
        v1_0.ano,
        v1_0.ativo,
        v1_0.cor,
        v1_0.dono_usuario_id,
        dv1_0.id,
        dv1_0.active,
        dv1_0.created_at,
        dv1_0.email,
        dv1_0.name,
        dv1_0.password_hash,
        dv1_0.plan_type,
        dv1_0.role,
        dv1_0.subscription_ends_at,
        dv1_0.subscription_source,
        dv1_0.subscription_status,
        dv1_0.trial_ends_at,
        v1_0.km_atual,
        v1_0.modelo,
        v1_0.placa 
    from
        veiculos v1_0 
    join
        app_users dv1_0 
            on dv1_0.id=v1_0.dono_usuario_id 
    where
        v1_0.dono_usuario_id=? 
    order by
        v1_0.modelo
2026-03-27T20:52:10.352-03:00 DEBUG 25092 --- [ServiceGo] [nio-8080-exec-6] org.hibernate.SQL                        : 
    select
        t1_0.id,
        t1_0.actual_amount,
        t1_0.app_platform,
        t1_0.created_at,
        c1_0.id,
        c1_0.created_at,
        c1_0.email,
        c1_0.name,
        c1_0.notes,
        c1_0.owner_user_id,
        c1_0.phone,
        t1_0.destination,
        t1_0.distance_km,
        t1_0.end_at,
        t1_0.estimated_amount,
        t1_0.fuel_efficiency_km_liter,
        t1_0.fuel_price,
        t1_0.fuel_type,
        t1_0.notes,
        t1_0.origin,
        t1_0.start_at,
        t1_0.status,
        t1_0.toll_amount,
        t1_0.trip_type,
        v2_0.id,
        v2_0.ano,
        v2_0.ativo,
        v2_0.cor,
        v2_0.dono_usuario_id,
        dv2_0.id,
        dv2_0.active,
        dv2_0.created_at,
        dv2_0.email,
        dv2_0.name,
        dv2_0.password_hash,
        dv2_0.plan_type,
        dv2_0.role,
        dv2_0.subscription_ends_at,
        dv2_0.subscription_source,
        dv2_0.subscription_status,
        dv2_0.trial_ends_at,
        v2_0.km_atual,
        v2_0.modelo,
        v2_0.placa 
    from
        trips t1_0 
    left join
        veiculos v1_0 
            on v1_0.id=t1_0.vehicle_id 
    left join
        app_users dv1_0 
            on dv1_0.id=v1_0.dono_usuario_id 
    left join
        customers c1_0 
            on c1_0.id=t1_0.customer_id 
    left join
        veiculos v2_0 
            on v2_0.id=t1_0.vehicle_id 
    left join
        app_users dv2_0 
            on dv2_0.id=v2_0.dono_usuario_id 
    where
        dv1_0.id=? 
    order by
        t1_0.start_at desc
Hibernate: 
    select
        t1_0.id,
        t1_0.actual_amount,
        t1_0.app_platform,
        t1_0.created_at,
        c1_0.id,
        c1_0.created_at,
        c1_0.email,
        c1_0.name,
        c1_0.notes,
        c1_0.owner_user_id,
        c1_0.phone,
        t1_0.destination,
        t1_0.distance_km,
        t1_0.end_at,
        t1_0.estimated_amount,
        t1_0.fuel_efficiency_km_liter,
        t1_0.fuel_price,
        t1_0.fuel_type,
        t1_0.notes,
        t1_0.origin,
        t1_0.start_at,
        t1_0.status,
        t1_0.toll_amount,
        t1_0.trip_type,
        v2_0.id,
        v2_0.ano,
        v2_0.ativo,
        v2_0.cor,
        v2_0.dono_usuario_id,
        dv2_0.id,
        dv2_0.active,
        dv2_0.created_at,
        dv2_0.email,
        dv2_0.name,
        dv2_0.password_hash,
        dv2_0.plan_type,
        dv2_0.role,
        dv2_0.subscription_ends_at,
        dv2_0.subscription_source,
        dv2_0.subscription_status,
        dv2_0.trial_ends_at,
        v2_0.km_atual,
        v2_0.modelo,
        v2_0.placa 
    from
        trips t1_0 
    left join
        veiculos v1_0 
            on v1_0.id=t1_0.vehicle_id 
    left join
        app_users dv1_0 
            on dv1_0.id=v1_0.dono_usuario_id 
    left join
        customers c1_0 
            on c1_0.id=t1_0.customer_id 
    left join
        veiculos v2_0 
            on v2_0.id=t1_0.vehicle_id 
    left join
        app_users dv2_0 
            on dv2_0.id=v2_0.dono_usuario_id 
    where
        dv1_0.id=? 
    order by
        t1_0.start_at desc
2026-03-27T20:52:10.352-03:00 DEBUG 25092 --- [ServiceGo] [nio-8080-exec-2] org.hibernate.SQL                        : 
    select
        c1_0.id,
        c1_0.created_at,
        c1_0.email,
        c1_0.name,
        c1_0.notes,
        c1_0.owner_user_id,
        c1_0.phone 
    from
        customers c1_0 
    where
        c1_0.owner_user_id=? 
    order by
        c1_0.name
Hibernate: 
    select
        c1_0.id,
        c1_0.created_at,
        c1_0.email,
        c1_0.name,
        c1_0.notes,
        c1_0.owner_user_id,
        c1_0.phone 
    from
        customers c1_0 
    where
        c1_0.owner_user_id=? 
    order by
        c1_0.name
2026-03-27T20:52:10.360-03:00 DEBUG 25092 --- [ServiceGo] [nio-8080-exec-2] m.m.a.RequestResponseBodyMethodProcessor : Using 'application/json', given [*/*] and supported [application/json, application/*+json, application/yaml]
2026-03-27T20:52:10.360-03:00 DEBUG 25092 --- [ServiceGo] [nio-8080-exec-1] m.m.a.RequestResponseBodyMethodProcessor : Using 'application/json', given [*/*] and supported [application/json, application/*+json, application/yaml]
2026-03-27T20:52:10.360-03:00 DEBUG 25092 --- [ServiceGo] [nio-8080-exec-2] m.m.a.RequestResponseBodyMethodProcessor : Writing [[CustomerResponse[id=1, name=Cintra, phone=22999999999, email=user@user.com, notes=testando, created (truncated)...]
2026-03-27T20:52:10.362-03:00 DEBUG 25092 --- [ServiceGo] [nio-8080-exec-1] m.m.a.RequestResponseBodyMethodProcessor : Writing [[VeiculoResponse[id=1, modelo=HB20S, placa=FNZ8D38, ano=2015, cor=Azul, ativo=true, kmAtual=145000.0 (truncated)...]
2026-03-27T20:52:10.364-03:00 DEBUG 25092 --- [ServiceGo] [nio-8080-exec-2] o.s.web.servlet.DispatcherServlet        : Completed 200 OK
2026-03-27T20:52:10.364-03:00 DEBUG 25092 --- [ServiceGo] [nio-8080-exec-1] o.s.web.servlet.DispatcherServlet        : Completed 200 OK
2026-03-27T20:52:10.370-03:00 DEBUG 25092 --- [ServiceGo] [nio-8080-exec-6] m.m.a.RequestResponseBodyMethodProcessor : Using 'application/json', given [*/*] and supported [application/json, application/*+json, application/yaml]
2026-03-27T20:52:10.371-03:00 DEBUG 25092 --- [ServiceGo] [nio-8080-exec-6] m.m.a.RequestResponseBodyMethodProcessor : Writing [[TripResponse[id=12, customerId=null, customerName=null, veiculoId=1, veiculoPlaca=FNZ8D38, veiculoM (truncated)...]
2026-03-27T20:52:10.374-03:00 DEBUG 25092 --- [ServiceGo] [nio-8080-exec-6] o.s.web.servlet.DispatcherServlet        : Completed 200 OK
2026-03-27T20:52:10.400-03:00 DEBUG 25092 --- [ServiceGo] [nio-8080-exec-5] org.hibernate.SQL                        : 
    select
        au1_0.id,
        au1_0.active,
        au1_0.created_at,
        au1_0.email,
        au1_0.name,
        au1_0.password_hash,
        au1_0.plan_type,
        au1_0.role,
        au1_0.subscription_ends_at,
        au1_0.subscription_source,
        au1_0.subscription_status,
        au1_0.trial_ends_at 
    from
        app_users au1_0 
    where
        upper(au1_0.email)=upper(?) 
        and au1_0.active=true
Hibernate: 
    select
        au1_0.id,
        au1_0.active,
        au1_0.created_at,
        au1_0.email,
        au1_0.name,
        au1_0.password_hash,
        au1_0.plan_type,
        au1_0.role,
        au1_0.subscription_ends_at,
        au1_0.subscription_source,
        au1_0.subscription_status,
        au1_0.trial_ends_at 
    from
        app_users au1_0 
    where
        upper(au1_0.email)=upper(?) 
        and au1_0.active=true
2026-03-27T20:52:10.410-03:00 DEBUG 25092 --- [ServiceGo] [nio-8080-exec-5] o.s.web.servlet.DispatcherServlet        : GET "/api/configuracoes-usuario/2", parameters={}
2026-03-27T20:52:10.411-03:00 DEBUG 25092 --- [ServiceGo] [nio-8080-exec-5] s.w.s.m.m.a.RequestMappingHandlerMapping : Mapped to com.ServiceGo.api.controller.ConfiguracaoUsuarioController#getByUsuario(Long)
2026-03-27T20:52:10.414-03:00 DEBUG 25092 --- [ServiceGo] [nio-8080-exec-5] org.hibernate.SQL                        : 
    select
        cu1_0.id,
        cu1_0.anos_base_depreciacao,
        cu1_0.depreciacao_alocacao,
        cu1_0.depreciacao_modo,
        cu1_0.fuel_efficiency_km_liter,
        cu1_0.fuel_price,
        cu1_0.fuel_type,
        cu1_0.fuso_horario,
        cu1_0.km_base_depreciacao,
        cu1_0.lembrete_ativo,
        cu1_0.meses_base_depreciacao,
        cu1_0.minutos_antecedencia_lembrete,
        cu1_0.sincronizar_calendario,
        cu1_0.usuario_id,
        cu1_0.valor_atual_veiculo,
        cu1_0.valor_estimado_veiculo,
        cu1_0.valor_manual_anual,
        cu1_0.valor_manual_mensal,
        cu1_0.valor_manual_por_km 
    from
        configuracoes_usuario cu1_0 
    where
        cu1_0.usuario_id=?
Hibernate: 
    select
        cu1_0.id,
        cu1_0.anos_base_depreciacao,
        cu1_0.depreciacao_alocacao,
        cu1_0.depreciacao_modo,
        cu1_0.fuel_efficiency_km_liter,
        cu1_0.fuel_price,
        cu1_0.fuel_type,
        cu1_0.fuso_horario,
        cu1_0.km_base_depreciacao,
        cu1_0.lembrete_ativo,
        cu1_0.meses_base_depreciacao,
        cu1_0.minutos_antecedencia_lembrete,
        cu1_0.sincronizar_calendario,
        cu1_0.usuario_id,
        cu1_0.valor_atual_veiculo,
        cu1_0.valor_estimado_veiculo,
        cu1_0.valor_manual_anual,
        cu1_0.valor_manual_mensal,
        cu1_0.valor_manual_por_km 
    from
        configuracoes_usuario cu1_0 
    where
        cu1_0.usuario_id=?
2026-03-27T20:52:10.421-03:00 DEBUG 25092 --- [ServiceGo] [nio-8080-exec-5] m.m.a.RequestResponseBodyMethodProcessor : Using 'application/json', given [*/*] and supported [application/json, application/*+json, application/yaml]
2026-03-27T20:52:10.421-03:00 DEBUG 25092 --- [ServiceGo] [nio-8080-exec-5] m.m.a.RequestResponseBodyMethodProcessor : Writing [ConfiguracaoUsuarioResponse[id=2, usuarioId=2, sincronizarCalendario=true, lembreteAtivo=true, minut (truncated)...]
2026-03-27T20:52:10.424-03:00 DEBUG 25092 --- [ServiceGo] [nio-8080-exec-5] o.s.web.servlet.DispatcherServlet        : Completed 200 OK
2026-03-27T20:52:21.387-03:00 DEBUG 25092 --- [ServiceGo] [nio-8080-exec-3] org.hibernate.SQL                        : 
    select
        au1_0.id,
        au1_0.active,
        au1_0.created_at,
        au1_0.email,
        au1_0.name,
        au1_0.password_hash,
        au1_0.plan_type,
        au1_0.role,
        au1_0.subscription_ends_at,
        au1_0.subscription_source,
        au1_0.subscription_status,
        au1_0.trial_ends_at 
    from
        app_users au1_0 
    where
        upper(au1_0.email)=upper(?) 
        and au1_0.active=true
Hibernate: 
    select
        au1_0.id,
        au1_0.active,
        au1_0.created_at,
        au1_0.email,
        au1_0.name,
        au1_0.password_hash,
        au1_0.plan_type,
        au1_0.role,
        au1_0.subscription_ends_at,
        au1_0.subscription_source,
        au1_0.subscription_status,
        au1_0.trial_ends_at 
    from
        app_users au1_0 
    where
        upper(au1_0.email)=upper(?) 
        and au1_0.active=true
2026-03-27T20:52:21.389-03:00 DEBUG 25092 --- [ServiceGo] [nio-8080-exec-7] org.hibernate.SQL                        : 
    select
        au1_0.id,
        au1_0.active,
        au1_0.created_at,
        au1_0.email,
        au1_0.name,
        au1_0.password_hash,
        au1_0.plan_type,
        au1_0.role,
        au1_0.subscription_ends_at,
        au1_0.subscription_source,
        au1_0.subscription_status,
        au1_0.trial_ends_at 
    from
        app_users au1_0 
    where
        upper(au1_0.email)=upper(?) 
        and au1_0.active=true
Hibernate: 
    select
        au1_0.id,
        au1_0.active,
        au1_0.created_at,
        au1_0.email,
        au1_0.name,
        au1_0.password_hash,
        au1_0.plan_type,
        au1_0.role,
        au1_0.subscription_ends_at,
        au1_0.subscription_source,
        au1_0.subscription_status,
        au1_0.trial_ends_at 
    from
        app_users au1_0 
    where
        upper(au1_0.email)=upper(?) 
        and au1_0.active=true
2026-03-27T20:52:21.390-03:00 DEBUG 25092 --- [ServiceGo] [nio-8080-exec-4] org.hibernate.SQL                        : 
    select
        au1_0.id,
        au1_0.active,
        au1_0.created_at,
        au1_0.email,
        au1_0.name,
        au1_0.password_hash,
        au1_0.plan_type,
        au1_0.role,
        au1_0.subscription_ends_at,
        au1_0.subscription_source,
        au1_0.subscription_status,
        au1_0.trial_ends_at 
    from
        app_users au1_0 
    where
        upper(au1_0.email)=upper(?) 
        and au1_0.active=true
Hibernate: 
    select
        au1_0.id,
        au1_0.active,
        au1_0.created_at,
        au1_0.email,
        au1_0.name,
        au1_0.password_hash,
        au1_0.plan_type,
        au1_0.role,
        au1_0.subscription_ends_at,
        au1_0.subscription_source,
        au1_0.subscription_status,
        au1_0.trial_ends_at 
    from
        app_users au1_0 
    where
        upper(au1_0.email)=upper(?) 
        and au1_0.active=true
2026-03-27T20:52:21.387-03:00 DEBUG 25092 --- [ServiceGo] [nio-8080-exec-9] org.hibernate.SQL                        : 
    select
        au1_0.id,
        au1_0.active,
        au1_0.created_at,
        au1_0.email,
        au1_0.name,
        au1_0.password_hash,
        au1_0.plan_type,
        au1_0.role,
        au1_0.subscription_ends_at,
        au1_0.subscription_source,
        au1_0.subscription_status,
        au1_0.trial_ends_at 
    from
        app_users au1_0 
    where
        upper(au1_0.email)=upper(?) 
        and au1_0.active=true
Hibernate: 
    select
        au1_0.id,
        au1_0.active,
        au1_0.created_at,
        au1_0.email,
        au1_0.name,
        au1_0.password_hash,
        au1_0.plan_type,
        au1_0.role,
        au1_0.subscription_ends_at,
        au1_0.subscription_source,
        au1_0.subscription_status,
        au1_0.trial_ends_at 
    from
        app_users au1_0 
    where
        upper(au1_0.email)=upper(?) 
        and au1_0.active=true
2026-03-27T20:52:21.395-03:00 DEBUG 25092 --- [ServiceGo] [nio-8080-exec-8] org.hibernate.SQL                        : 
    select
        au1_0.id,
        au1_0.active,
        au1_0.created_at,
        au1_0.email,
        au1_0.name,
        au1_0.password_hash,
        au1_0.plan_type,
        au1_0.role,
        au1_0.subscription_ends_at,
        au1_0.subscription_source,
        au1_0.subscription_status,
        au1_0.trial_ends_at 
    from
        app_users au1_0 
    where
        upper(au1_0.email)=upper(?) 
        and au1_0.active=true
Hibernate: 
    select
        au1_0.id,
        au1_0.active,
        au1_0.created_at,
        au1_0.email,
        au1_0.name,
        au1_0.password_hash,
        au1_0.plan_type,
        au1_0.role,
        au1_0.subscription_ends_at,
        au1_0.subscription_source,
        au1_0.subscription_status,
        au1_0.trial_ends_at 
    from
        app_users au1_0 
    where
        upper(au1_0.email)=upper(?) 
        and au1_0.active=true
2026-03-27T20:52:21.399-03:00 DEBUG 25092 --- [ServiceGo] [nio-8080-exec-7] o.s.web.servlet.DispatcherServlet        : GET "/api/expenses", parameters={}
2026-03-27T20:52:21.400-03:00 DEBUG 25092 --- [ServiceGo] [nio-8080-exec-4] o.s.web.servlet.DispatcherServlet        : GET "/api/trips", parameters={}
2026-03-27T20:52:21.400-03:00 DEBUG 25092 --- [ServiceGo] [nio-8080-exec-9] o.s.web.servlet.DispatcherServlet        : GET "/api/veiculos", parameters={}
2026-03-27T20:52:21.401-03:00 DEBUG 25092 --- [ServiceGo] [nio-8080-exec-9] s.w.s.m.m.a.RequestMappingHandlerMapping : Mapped to com.ServiceGo.api.controller.VeiculoController#list(Authentication)
2026-03-27T20:52:21.401-03:00 DEBUG 25092 --- [ServiceGo] [nio-8080-exec-4] s.w.s.m.m.a.RequestMappingHandlerMapping : Mapped to com.ServiceGo.api.controller.TripController#list(Authentication)
2026-03-27T20:52:21.401-03:00 DEBUG 25092 --- [ServiceGo] [nio-8080-exec-7] s.w.s.m.m.a.RequestMappingHandlerMapping : Mapped to com.ServiceGo.api.controller.ExpenseController#list(Authentication)
2026-03-27T20:52:21.404-03:00 DEBUG 25092 --- [ServiceGo] [nio-8080-exec-3] o.s.web.servlet.DispatcherServlet        : GET "/api/payments", parameters={}
2026-03-27T20:52:21.406-03:00 DEBUG 25092 --- [ServiceGo] [nio-8080-exec-3] s.w.s.m.m.a.RequestMappingHandlerMapping : Mapped to com.ServiceGo.api.controller.PaymentController#list(Authentication)
2026-03-27T20:52:21.409-03:00 DEBUG 25092 --- [ServiceGo] [nio-8080-exec-4] org.hibernate.SQL                        : 
    select
        au1_0.id,
        au1_0.active,
        au1_0.created_at,
        au1_0.email,
        au1_0.name,
        au1_0.password_hash,
        au1_0.plan_type,
        au1_0.role,
        au1_0.subscription_ends_at,
        au1_0.subscription_source,
        au1_0.subscription_status,
        au1_0.trial_ends_at 
    from
        app_users au1_0 
    where
        upper(au1_0.email)=upper(?)
Hibernate: 
    select
        au1_0.id,
        au1_0.active,
        au1_0.created_at,
        au1_0.email,
        au1_0.name,
        au1_0.password_hash,
        au1_0.plan_type,
        au1_0.role,
        au1_0.subscription_ends_at,
        au1_0.subscription_source,
        au1_0.subscription_status,
        au1_0.trial_ends_at 
    from
        app_users au1_0 
    where
        upper(au1_0.email)=upper(?)
2026-03-27T20:52:21.409-03:00 DEBUG 25092 --- [ServiceGo] [nio-8080-exec-9] org.hibernate.SQL                        : 
    select
        au1_0.id,
        au1_0.active,
        au1_0.created_at,
        au1_0.email,
        au1_0.name,
        au1_0.password_hash,
        au1_0.plan_type,
        au1_0.role,
        au1_0.subscription_ends_at,
        au1_0.subscription_source,
        au1_0.subscription_status,
        au1_0.trial_ends_at 
    from
        app_users au1_0 
    where
        upper(au1_0.email)=upper(?)
Hibernate: 
    select
        au1_0.id,
        au1_0.active,
        au1_0.created_at,
        au1_0.email,
        au1_0.name,
        au1_0.password_hash,
        au1_0.plan_type,
        au1_0.role,
        au1_0.subscription_ends_at,
        au1_0.subscription_source,
        au1_0.subscription_status,
        au1_0.trial_ends_at 
    from
        app_users au1_0 
    where
        upper(au1_0.email)=upper(?)
2026-03-27T20:52:21.409-03:00 DEBUG 25092 --- [ServiceGo] [nio-8080-exec-8] o.s.web.servlet.DispatcherServlet        : GET "/api/customers", parameters={}
2026-03-27T20:52:21.409-03:00 DEBUG 25092 --- [ServiceGo] [nio-8080-exec-7] org.hibernate.SQL                        : 
    select
        au1_0.id,
        au1_0.active,
        au1_0.created_at,
        au1_0.email,
        au1_0.name,
        au1_0.password_hash,
        au1_0.plan_type,
        au1_0.role,
        au1_0.subscription_ends_at,
        au1_0.subscription_source,
        au1_0.subscription_status,
        au1_0.trial_ends_at 
    from
        app_users au1_0 
    where
        upper(au1_0.email)=upper(?)
Hibernate: 
    select
        au1_0.id,
        au1_0.active,
        au1_0.created_at,
        au1_0.email,
        au1_0.name,
        au1_0.password_hash,
        au1_0.plan_type,
        au1_0.role,
        au1_0.subscription_ends_at,
        au1_0.subscription_source,
        au1_0.subscription_status,
        au1_0.trial_ends_at 
    from
        app_users au1_0 
    where
        upper(au1_0.email)=upper(?)
2026-03-27T20:52:21.413-03:00 DEBUG 25092 --- [ServiceGo] [nio-8080-exec-8] s.w.s.m.m.a.RequestMappingHandlerMapping : Mapped to com.ServiceGo.api.controller.CustomerController#list(Authentication)
2026-03-27T20:52:21.418-03:00 DEBUG 25092 --- [ServiceGo] [nio-8080-exec-7] org.hibernate.SQL                        : 
    select
        au1_0.id,
        au1_0.active,
        au1_0.created_at,
        au1_0.email,
        au1_0.name,
        au1_0.password_hash,
        au1_0.plan_type,
        au1_0.role,
        au1_0.subscription_ends_at,
        au1_0.subscription_source,
        au1_0.subscription_status,
        au1_0.trial_ends_at 
    from
        app_users au1_0 
    where
        upper(au1_0.email)=upper(?)
Hibernate: 
    select
        au1_0.id,
        au1_0.active,
        au1_0.created_at,
        au1_0.email,
        au1_0.name,
        au1_0.password_hash,
        au1_0.plan_type,
        au1_0.role,
        au1_0.subscription_ends_at,
        au1_0.subscription_source,
        au1_0.subscription_status,
        au1_0.trial_ends_at 
    from
        app_users au1_0 
    where
        upper(au1_0.email)=upper(?)
2026-03-27T20:52:21.421-03:00 DEBUG 25092 --- [ServiceGo] [nio-8080-exec-3] org.hibernate.SQL                        : 
    select
        au1_0.id,
        au1_0.active,
        au1_0.created_at,
        au1_0.email,
        au1_0.name,
        au1_0.password_hash,
        au1_0.plan_type,
        au1_0.role,
        au1_0.subscription_ends_at,
        au1_0.subscription_source,
        au1_0.subscription_status,
        au1_0.trial_ends_at 
    from
        app_users au1_0 
    where
        upper(au1_0.email)=upper(?)
Hibernate: 
    select
        au1_0.id,
        au1_0.active,
        au1_0.created_at,
        au1_0.email,
        au1_0.name,
        au1_0.password_hash,
        au1_0.plan_type,
        au1_0.role,
        au1_0.subscription_ends_at,
        au1_0.subscription_source,
        au1_0.subscription_status,
        au1_0.trial_ends_at 
    from
        app_users au1_0 
    where
        upper(au1_0.email)=upper(?)
2026-03-27T20:52:21.422-03:00 DEBUG 25092 --- [ServiceGo] [nio-8080-exec-8] org.hibernate.SQL                        : 
    select
        au1_0.id,
        au1_0.active,
        au1_0.created_at,
        au1_0.email,
        au1_0.name,
        au1_0.password_hash,
        au1_0.plan_type,
        au1_0.role,
        au1_0.subscription_ends_at,
        au1_0.subscription_source,
        au1_0.subscription_status,
        au1_0.trial_ends_at 
    from
        app_users au1_0 
    where
        upper(au1_0.email)=upper(?)
Hibernate: 
    select
        au1_0.id,
        au1_0.active,
        au1_0.created_at,
        au1_0.email,
        au1_0.name,
        au1_0.password_hash,
        au1_0.plan_type,
        au1_0.role,
        au1_0.subscription_ends_at,
        au1_0.subscription_source,
        au1_0.subscription_status,
        au1_0.trial_ends_at 
    from
        app_users au1_0 
    where
        upper(au1_0.email)=upper(?)
2026-03-27T20:52:21.424-03:00 DEBUG 25092 --- [ServiceGo] [nio-8080-exec-9] org.hibernate.SQL                        : 
    select
        v1_0.id,
        v1_0.ano,
        v1_0.ativo,
        v1_0.cor,
        v1_0.dono_usuario_id,
        dv1_0.id,
        dv1_0.active,
        dv1_0.created_at,
        dv1_0.email,
        dv1_0.name,
        dv1_0.password_hash,
        dv1_0.plan_type,
        dv1_0.role,
        dv1_0.subscription_ends_at,
        dv1_0.subscription_source,
        dv1_0.subscription_status,
        dv1_0.trial_ends_at,
        v1_0.km_atual,
        v1_0.modelo,
        v1_0.placa 
    from
        veiculos v1_0 
    join
        app_users dv1_0 
            on dv1_0.id=v1_0.dono_usuario_id 
    where
        v1_0.dono_usuario_id=? 
    order by
        v1_0.modelo
Hibernate: 
    select
        v1_0.id,
        v1_0.ano,
        v1_0.ativo,
        v1_0.cor,
        v1_0.dono_usuario_id,
        dv1_0.id,
        dv1_0.active,
        dv1_0.created_at,
        dv1_0.email,
        dv1_0.name,
        dv1_0.password_hash,
        dv1_0.plan_type,
        dv1_0.role,
        dv1_0.subscription_ends_at,
        dv1_0.subscription_source,
        dv1_0.subscription_status,
        dv1_0.trial_ends_at,
        v1_0.km_atual,
        v1_0.modelo,
        v1_0.placa 
    from
        veiculos v1_0 
    join
        app_users dv1_0 
            on dv1_0.id=v1_0.dono_usuario_id 
    where
        v1_0.dono_usuario_id=? 
    order by
        v1_0.modelo
2026-03-27T20:52:21.430-03:00 DEBUG 25092 --- [ServiceGo] [nio-8080-exec-4] org.hibernate.SQL                        : 
    select
        t1_0.id,
        t1_0.actual_amount,
        t1_0.app_platform,
        t1_0.created_at,
        c1_0.id,
        c1_0.created_at,
        c1_0.email,
        c1_0.name,
        c1_0.notes,
        c1_0.owner_user_id,
        c1_0.phone,
        t1_0.destination,
        t1_0.distance_km,
        t1_0.end_at,
        t1_0.estimated_amount,
        t1_0.fuel_efficiency_km_liter,
        t1_0.fuel_price,
        t1_0.fuel_type,
        t1_0.notes,
        t1_0.origin,
        t1_0.start_at,
        t1_0.status,
        t1_0.toll_amount,
        t1_0.trip_type,
        v2_0.id,
        v2_0.ano,
        v2_0.ativo,
        v2_0.cor,
        v2_0.dono_usuario_id,
        dv2_0.id,
        dv2_0.active,
        dv2_0.created_at,
        dv2_0.email,
        dv2_0.name,
        dv2_0.password_hash,
        dv2_0.plan_type,
        dv2_0.role,
        dv2_0.subscription_ends_at,
        dv2_0.subscription_source,
        dv2_0.subscription_status,
        dv2_0.trial_ends_at,
        v2_0.km_atual,
        v2_0.modelo,
        v2_0.placa 
    from
        trips t1_0 
    left join
        veiculos v1_0 
            on v1_0.id=t1_0.vehicle_id 
    left join
        app_users dv1_0 
            on dv1_0.id=v1_0.dono_usuario_id 
    left join
        customers c1_0 
            on c1_0.id=t1_0.customer_id 
    left join
        veiculos v2_0 
            on v2_0.id=t1_0.vehicle_id 
    left join
        app_users dv2_0 
            on dv2_0.id=v2_0.dono_usuario_id 
    where
        dv1_0.id=? 
    order by
        t1_0.start_at desc
Hibernate: 
    select
        t1_0.id,
        t1_0.actual_amount,
        t1_0.app_platform,
        t1_0.created_at,
        c1_0.id,
        c1_0.created_at,
        c1_0.email,
        c1_0.name,
        c1_0.notes,
        c1_0.owner_user_id,
        c1_0.phone,
        t1_0.destination,
        t1_0.distance_km,
        t1_0.end_at,
        t1_0.estimated_amount,
        t1_0.fuel_efficiency_km_liter,
        t1_0.fuel_price,
        t1_0.fuel_type,
        t1_0.notes,
        t1_0.origin,
        t1_0.start_at,
        t1_0.status,
        t1_0.toll_amount,
        t1_0.trip_type,
        v2_0.id,
        v2_0.ano,
        v2_0.ativo,
        v2_0.cor,
        v2_0.dono_usuario_id,
        dv2_0.id,
        dv2_0.active,
        dv2_0.created_at,
        dv2_0.email,
        dv2_0.name,
        dv2_0.password_hash,
        dv2_0.plan_type,
        dv2_0.role,
        dv2_0.subscription_ends_at,
        dv2_0.subscription_source,
        dv2_0.subscription_status,
        dv2_0.trial_ends_at,
        v2_0.km_atual,
        v2_0.modelo,
        v2_0.placa 
    from
        trips t1_0 
    left join
        veiculos v1_0 
            on v1_0.id=t1_0.vehicle_id 
    left join
        app_users dv1_0 
            on dv1_0.id=v1_0.dono_usuario_id 
    left join
        customers c1_0 
            on c1_0.id=t1_0.customer_id 
    left join
        veiculos v2_0 
            on v2_0.id=t1_0.vehicle_id 
    left join
        app_users dv2_0 
            on dv2_0.id=v2_0.dono_usuario_id 
    where
        dv1_0.id=? 
    order by
        t1_0.start_at desc
2026-03-27T20:52:21.431-03:00 DEBUG 25092 --- [ServiceGo] [nio-8080-exec-9] m.m.a.RequestResponseBodyMethodProcessor : Using 'application/json', given [*/*] and supported [application/json, application/*+json, application/yaml]
2026-03-27T20:52:21.431-03:00 DEBUG 25092 --- [ServiceGo] [nio-8080-exec-9] m.m.a.RequestResponseBodyMethodProcessor : Writing [[VeiculoResponse[id=1, modelo=HB20S, placa=FNZ8D38, ano=2015, cor=Azul, ativo=true, kmAtual=145000.0 (truncated)...]
2026-03-27T20:52:21.433-03:00 DEBUG 25092 --- [ServiceGo] [nio-8080-exec-8] org.hibernate.SQL                        : 
    select
        c1_0.id,
        c1_0.created_at,
        c1_0.email,
        c1_0.name,
        c1_0.notes,
        c1_0.owner_user_id,
        c1_0.phone 
    from
        customers c1_0 
    where
        c1_0.owner_user_id=? 
    order by
        c1_0.name
Hibernate: 
    select
        c1_0.id,
        c1_0.created_at,
        c1_0.email,
        c1_0.name,
        c1_0.notes,
        c1_0.owner_user_id,
        c1_0.phone 
    from
        customers c1_0 
    where
        c1_0.owner_user_id=? 
    order by
        c1_0.name
2026-03-27T20:52:21.434-03:00 DEBUG 25092 --- [ServiceGo] [nio-8080-exec-7] org.hibernate.SQL                        : 
    select
        e1_0.id,
        e1_0.amount,
        e1_0.category,
        e1_0.description,
        e1_0.occurred_at,
        t1_0.id,
        t1_0.actual_amount,
        t1_0.app_platform,
        t1_0.created_at,
        t1_0.customer_id,
        t1_0.destination,
        t1_0.distance_km,
        t1_0.end_at,
        t1_0.estimated_amount,
        t1_0.fuel_efficiency_km_liter,
        t1_0.fuel_price,
        t1_0.fuel_type,
        t1_0.notes,
        t1_0.origin,
        t1_0.start_at,
        t1_0.status,
        t1_0.toll_amount,
        t1_0.trip_type,
        t1_0.vehicle_id,
        v3_0.id,
        v3_0.ano,
        v3_0.ativo,
        v3_0.cor,
        v3_0.dono_usuario_id,
        v3_0.km_atual,
        v3_0.modelo,
        v3_0.placa 
    from
        expenses e1_0 
    left join
        veiculos v1_0 
            on v1_0.id=e1_0.vehicle_id 
    left join
        app_users dv1_0 
            on dv1_0.id=v1_0.dono_usuario_id 
    left join
        trips t1_0 
            on t1_0.id=e1_0.trip_id 
    left join
        veiculos v3_0 
            on v3_0.id=e1_0.vehicle_id 
    where
        dv1_0.id=? 
    order by
        e1_0.occurred_at desc
Hibernate: 
    select
        e1_0.id,
        e1_0.amount,
        e1_0.category,
        e1_0.description,
        e1_0.occurred_at,
        t1_0.id,
        t1_0.actual_amount,
        t1_0.app_platform,
        t1_0.created_at,
        t1_0.customer_id,
        t1_0.destination,
        t1_0.distance_km,
        t1_0.end_at,
        t1_0.estimated_amount,
        t1_0.fuel_efficiency_km_liter,
        t1_0.fuel_price,
        t1_0.fuel_type,
        t1_0.notes,
        t1_0.origin,
        t1_0.start_at,
        t1_0.status,
        t1_0.toll_amount,
        t1_0.trip_type,
        t1_0.vehicle_id,
        v3_0.id,
        v3_0.ano,
        v3_0.ativo,
        v3_0.cor,
        v3_0.dono_usuario_id,
        v3_0.km_atual,
        v3_0.modelo,
        v3_0.placa 
    from
        expenses e1_0 
    left join
        veiculos v1_0 
            on v1_0.id=e1_0.vehicle_id 
    left join
        app_users dv1_0 
            on dv1_0.id=v1_0.dono_usuario_id 
    left join
        trips t1_0 
            on t1_0.id=e1_0.trip_id 
    left join
        veiculos v3_0 
            on v3_0.id=e1_0.vehicle_id 
    where
        dv1_0.id=? 
    order by
        e1_0.occurred_at desc
2026-03-27T20:52:21.437-03:00 DEBUG 25092 --- [ServiceGo] [nio-8080-exec-9] o.s.web.servlet.DispatcherServlet        : Completed 200 OK
2026-03-27T20:52:21.438-03:00 DEBUG 25092 --- [ServiceGo] [nio-8080-exec-3] org.hibernate.SQL                        : 
    select
        p1_0.id,
        p1_0.amount,
        c1_0.id,
        c1_0.created_at,
        c1_0.email,
        c1_0.name,
        c1_0.notes,
        c1_0.owner_user_id,
        c1_0.phone,
        p1_0.due_at,
        p1_0.method,
        p1_0.notes,
        p1_0.numero_parcela,
        p1_0.owner_user_id,
        ou2_0.id,
        ou2_0.active,
        ou2_0.created_at,
        ou2_0.email,
        ou2_0.name,
        ou2_0.password_hash,
        ou2_0.plan_type,
        ou2_0.role,
        ou2_0.subscription_ends_at,
        ou2_0.subscription_source,
        ou2_0.subscription_status,
        ou2_0.trial_ends_at,
        p1_0.pagamento_parcial,
        p1_0.paid_at,
        p1_0.reference_code,
        p1_0.status,
        t1_0.id,
        t1_0.actual_amount,
        t1_0.app_platform,
        t1_0.created_at,
        t1_0.customer_id,
        t1_0.destination,
        t1_0.distance_km,
        t1_0.end_at,
        t1_0.estimated_amount,
        t1_0.fuel_efficiency_km_liter,
        t1_0.fuel_price,
        t1_0.fuel_type,
        t1_0.notes,
        t1_0.origin,
        t1_0.start_at,
        t1_0.status,
        t1_0.toll_amount,
        t1_0.trip_type,
        t1_0.vehicle_id 
    from
        payments p1_0 
    left join
        customers c1_0 
            on c1_0.id=p1_0.customer_id 
    join
        app_users ou2_0 
            on ou2_0.id=p1_0.owner_user_id 
    left join
        trips t1_0 
            on t1_0.id=p1_0.trip_id 
    where
        p1_0.owner_user_id=? 
    order by
        p1_0.id desc
Hibernate: 
    select
        p1_0.id,
        p1_0.amount,
        c1_0.id,
        c1_0.created_at,
        c1_0.email,
        c1_0.name,
        c1_0.notes,
        c1_0.owner_user_id,
        c1_0.phone,
        p1_0.due_at,
        p1_0.method,
        p1_0.notes,
        p1_0.numero_parcela,
        p1_0.owner_user_id,
        ou2_0.id,
        ou2_0.active,
        ou2_0.created_at,
        ou2_0.email,
        ou2_0.name,
        ou2_0.password_hash,
        ou2_0.plan_type,
        ou2_0.role,
        ou2_0.subscription_ends_at,
        ou2_0.subscription_source,
        ou2_0.subscription_status,
        ou2_0.trial_ends_at,
        p1_0.pagamento_parcial,
        p1_0.paid_at,
        p1_0.reference_code,
        p1_0.status,
        t1_0.id,
        t1_0.actual_amount,
        t1_0.app_platform,
        t1_0.created_at,
        t1_0.customer_id,
        t1_0.destination,
        t1_0.distance_km,
        t1_0.end_at,
        t1_0.estimated_amount,
        t1_0.fuel_efficiency_km_liter,
        t1_0.fuel_price,
        t1_0.fuel_type,
        t1_0.notes,
        t1_0.origin,
        t1_0.start_at,
        t1_0.status,
        t1_0.toll_amount,
        t1_0.trip_type,
        t1_0.vehicle_id 
    from
        payments p1_0 
    left join
        customers c1_0 
            on c1_0.id=p1_0.customer_id 
    join
        app_users ou2_0 
            on ou2_0.id=p1_0.owner_user_id 
    left join
        trips t1_0 
            on t1_0.id=p1_0.trip_id 
    where
        p1_0.owner_user_id=? 
    order by
        p1_0.id desc
2026-03-27T20:52:21.444-03:00 DEBUG 25092 --- [ServiceGo] [nio-8080-exec-8] m.m.a.RequestResponseBodyMethodProcessor : Using 'application/json', given [*/*] and supported [application/json, application/*+json, application/yaml]
2026-03-27T20:52:21.445-03:00 DEBUG 25092 --- [ServiceGo] [nio-8080-exec-8] m.m.a.RequestResponseBodyMethodProcessor : Writing [[CustomerResponse[id=1, name=Cintra, phone=22999999999, email=user@user.com, notes=testando, created (truncated)...]
2026-03-27T20:52:21.448-03:00 DEBUG 25092 --- [ServiceGo] [nio-8080-exec-7] m.m.a.RequestResponseBodyMethodProcessor : Using 'application/json', given [*/*] and supported [application/json, application/*+json, application/yaml]
2026-03-27T20:52:21.449-03:00 DEBUG 25092 --- [ServiceGo] [nio-8080-exec-8] o.s.web.servlet.DispatcherServlet        : Completed 200 OK
2026-03-27T20:52:21.451-03:00 DEBUG 25092 --- [ServiceGo] [nio-8080-exec-7] m.m.a.RequestResponseBodyMethodProcessor : Writing [[ExpenseResponse[id=5, tripId=12, veiculoId=1, veiculoPlaca=FNZ8D38, category=PEDAGIO, amount=21.90, (truncated)...]
2026-03-27T20:52:21.453-03:00 DEBUG 25092 --- [ServiceGo] [nio-8080-exec-7] o.s.web.servlet.DispatcherServlet        : Completed 200 OK
2026-03-27T20:52:21.453-03:00 DEBUG 25092 --- [ServiceGo] [nio-8080-exec-4] m.m.a.RequestResponseBodyMethodProcessor : Using 'application/json', given [*/*] and supported [application/json, application/*+json, application/yaml]
2026-03-27T20:52:21.455-03:00 DEBUG 25092 --- [ServiceGo] [nio-8080-exec-4] m.m.a.RequestResponseBodyMethodProcessor : Writing [[TripResponse[id=12, customerId=null, customerName=null, veiculoId=1, veiculoPlaca=FNZ8D38, veiculoM (truncated)...]
2026-03-27T20:52:21.465-03:00 DEBUG 25092 --- [ServiceGo] [nio-8080-exec-3] m.m.a.RequestResponseBodyMethodProcessor : Using 'application/json', given [*/*] and supported [application/json, application/*+json, application/yaml]
2026-03-27T20:52:21.466-03:00 DEBUG 25092 --- [ServiceGo] [nio-8080-exec-4] o.s.web.servlet.DispatcherServlet        : Completed 200 OK
2026-03-27T20:52:21.466-03:00 DEBUG 25092 --- [ServiceGo] [nio-8080-exec-3] m.m.a.RequestResponseBodyMethodProcessor : Writing [[PaymentResponse[id=8, tripId=12, customerId=null, method=PIX, status=PAGO, amount=48.00, pagamentoP (truncated)...]
2026-03-27T20:52:21.471-03:00 DEBUG 25092 --- [ServiceGo] [nio-8080-exec-3] o.s.web.servlet.DispatcherServlet        : Completed 200 OK
2026-03-27T20:52:21.472-03:00 DEBUG 25092 --- [ServiceGo] [io-8080-exec-10] org.hibernate.SQL                        : 
    select
        au1_0.id,
        au1_0.active,
        au1_0.created_at,
        au1_0.email,
        au1_0.name,
        au1_0.password_hash,
        au1_0.plan_type,
        au1_0.role,
        au1_0.subscription_ends_at,
        au1_0.subscription_source,
        au1_0.subscription_status,
        au1_0.trial_ends_at 
    from
        app_users au1_0 
    where
        upper(au1_0.email)=upper(?) 
        and au1_0.active=true
Hibernate: 
    select
        au1_0.id,
        au1_0.active,
        au1_0.created_at,
        au1_0.email,
        au1_0.name,
        au1_0.password_hash,
        au1_0.plan_type,
        au1_0.role,
        au1_0.subscription_ends_at,
        au1_0.subscription_source,
        au1_0.subscription_status,
        au1_0.trial_ends_at 
    from
        app_users au1_0 
    where
        upper(au1_0.email)=upper(?) 
        and au1_0.active=true
2026-03-27T20:52:21.484-03:00 DEBUG 25092 --- [ServiceGo] [io-8080-exec-10] o.s.web.servlet.DispatcherServlet        : GET "/api/veiculos", parameters={}
2026-03-27T20:52:21.486-03:00 DEBUG 25092 --- [ServiceGo] [io-8080-exec-10] s.w.s.m.m.a.RequestMappingHandlerMapping : Mapped to com.ServiceGo.api.controller.VeiculoController#list(Authentication)
2026-03-27T20:52:21.494-03:00 DEBUG 25092 --- [ServiceGo] [io-8080-exec-10] org.hibernate.SQL                        : 
    select
        au1_0.id,
        au1_0.active,
        au1_0.created_at,
        au1_0.email,
        au1_0.name,
        au1_0.password_hash,
        au1_0.plan_type,
        au1_0.role,
        au1_0.subscription_ends_at,
        au1_0.subscription_source,
        au1_0.subscription_status,
        au1_0.trial_ends_at 
    from
        app_users au1_0 
    where
        upper(au1_0.email)=upper(?)
Hibernate: 
    select
        au1_0.id,
        au1_0.active,
        au1_0.created_at,
        au1_0.email,
        au1_0.name,
        au1_0.password_hash,
        au1_0.plan_type,
        au1_0.role,
        au1_0.subscription_ends_at,
        au1_0.subscription_source,
        au1_0.subscription_status,
        au1_0.trial_ends_at 
    from
        app_users au1_0 
    where
        upper(au1_0.email)=upper(?)
2026-03-27T20:52:21.503-03:00 DEBUG 25092 --- [ServiceGo] [io-8080-exec-10] org.hibernate.SQL                        : 
    select
        v1_0.id,
        v1_0.ano,
        v1_0.ativo,
        v1_0.cor,
        v1_0.dono_usuario_id,
        dv1_0.id,
        dv1_0.active,
        dv1_0.created_at,
        dv1_0.email,
        dv1_0.name,
        dv1_0.password_hash,
        dv1_0.plan_type,
        dv1_0.role,
        dv1_0.subscription_ends_at,
        dv1_0.subscription_source,
        dv1_0.subscription_status,
        dv1_0.trial_ends_at,
        v1_0.km_atual,
        v1_0.modelo,
        v1_0.placa 
    from
        veiculos v1_0 
    join
        app_users dv1_0 
            on dv1_0.id=v1_0.dono_usuario_id 
    where
        v1_0.dono_usuario_id=? 
    order by
        v1_0.modelo
Hibernate: 
    select
        v1_0.id,
        v1_0.ano,
        v1_0.ativo,
        v1_0.cor,
        v1_0.dono_usuario_id,
        dv1_0.id,
        dv1_0.active,
        dv1_0.created_at,
        dv1_0.email,
        dv1_0.name,
        dv1_0.password_hash,
        dv1_0.plan_type,
        dv1_0.role,
        dv1_0.subscription_ends_at,
        dv1_0.subscription_source,
        dv1_0.subscription_status,
        dv1_0.trial_ends_at,
        v1_0.km_atual,
        v1_0.modelo,
        v1_0.placa 
    from
        veiculos v1_0 
    join
        app_users dv1_0 
            on dv1_0.id=v1_0.dono_usuario_id 
    where
        v1_0.dono_usuario_id=? 
    order by
        v1_0.modelo
2026-03-27T20:52:21.509-03:00 DEBUG 25092 --- [ServiceGo] [io-8080-exec-10] m.m.a.RequestResponseBodyMethodProcessor : Using 'application/json', given [*/*] and supported [application/json, application/*+json, application/yaml]
2026-03-27T20:52:21.511-03:00 DEBUG 25092 --- [ServiceGo] [io-8080-exec-10] m.m.a.RequestResponseBodyMethodProcessor : Writing [[VeiculoResponse[id=1, modelo=HB20S, placa=FNZ8D38, ano=2015, cor=Azul, ativo=true, kmAtual=145000.0 (truncated)...]
2026-03-27T20:52:21.516-03:00 DEBUG 25092 --- [ServiceGo] [io-8080-exec-10] o.s.web.servlet.DispatcherServlet        : Completed 200 OK
2026-03-27T20:52:21.521-03:00 DEBUG 25092 --- [ServiceGo] [nio-8080-exec-1] org.hibernate.SQL                        : 
    select
        au1_0.id,
        au1_0.active,
        au1_0.created_at,
        au1_0.email,
        au1_0.name,
        au1_0.password_hash,
        au1_0.plan_type,
        au1_0.role,
        au1_0.subscription_ends_at,
        au1_0.subscription_source,
        au1_0.subscription_status,
        au1_0.trial_ends_at 
    from
        app_users au1_0 
    where
        upper(au1_0.email)=upper(?) 
        and au1_0.active=true
Hibernate: 
    select
        au1_0.id,
        au1_0.active,
        au1_0.created_at,
        au1_0.email,
        au1_0.name,
        au1_0.password_hash,
        au1_0.plan_type,
        au1_0.role,
        au1_0.subscription_ends_at,
        au1_0.subscription_source,
        au1_0.subscription_status,
        au1_0.trial_ends_at 
    from
        app_users au1_0 
    where
        upper(au1_0.email)=upper(?) 
        and au1_0.active=true
2026-03-27T20:52:21.522-03:00 DEBUG 25092 --- [ServiceGo] [nio-8080-exec-2] org.hibernate.SQL                        : 
    select
        au1_0.id,
        au1_0.active,
        au1_0.created_at,
        au1_0.email,
        au1_0.name,
        au1_0.password_hash,
        au1_0.plan_type,
        au1_0.role,
        au1_0.subscription_ends_at,
        au1_0.subscription_source,
        au1_0.subscription_status,
        au1_0.trial_ends_at 
    from
        app_users au1_0 
    where
        upper(au1_0.email)=upper(?) 
        and au1_0.active=true
Hibernate: 
    select
        au1_0.id,
        au1_0.active,
        au1_0.created_at,
        au1_0.email,
        au1_0.name,
        au1_0.password_hash,
        au1_0.plan_type,
        au1_0.role,
        au1_0.subscription_ends_at,
        au1_0.subscription_source,
        au1_0.subscription_status,
        au1_0.trial_ends_at 
    from
        app_users au1_0 
    where
        upper(au1_0.email)=upper(?) 
        and au1_0.active=true
2026-03-27T20:52:21.528-03:00 DEBUG 25092 --- [ServiceGo] [nio-8080-exec-6] org.hibernate.SQL                        : 
    select
        au1_0.id,
        au1_0.active,
        au1_0.created_at,
        au1_0.email,
        au1_0.name,
        au1_0.password_hash,
        au1_0.plan_type,
        au1_0.role,
        au1_0.subscription_ends_at,
        au1_0.subscription_source,
        au1_0.subscription_status,
        au1_0.trial_ends_at 
    from
        app_users au1_0 
    where
        upper(au1_0.email)=upper(?) 
        and au1_0.active=true
Hibernate: 
    select
        au1_0.id,
        au1_0.active,
        au1_0.created_at,
        au1_0.email,
        au1_0.name,
        au1_0.password_hash,
        au1_0.plan_type,
        au1_0.role,
        au1_0.subscription_ends_at,
        au1_0.subscription_source,
        au1_0.subscription_status,
        au1_0.trial_ends_at 
    from
        app_users au1_0 
    where
        upper(au1_0.email)=upper(?) 
        and au1_0.active=true
2026-03-27T20:52:21.531-03:00 DEBUG 25092 --- [ServiceGo] [nio-8080-exec-5] org.hibernate.SQL                        : 
    select
        au1_0.id,
        au1_0.active,
        au1_0.created_at,
        au1_0.email,
        au1_0.name,
        au1_0.password_hash,
        au1_0.plan_type,
        au1_0.role,
        au1_0.subscription_ends_at,
        au1_0.subscription_source,
        au1_0.subscription_status,
        au1_0.trial_ends_at 
    from
        app_users au1_0 
    where
        upper(au1_0.email)=upper(?) 
        and au1_0.active=true
Hibernate: 
    select
        au1_0.id,
        au1_0.active,
        au1_0.created_at,
        au1_0.email,
        au1_0.name,
        au1_0.password_hash,
        au1_0.plan_type,
        au1_0.role,
        au1_0.subscription_ends_at,
        au1_0.subscription_source,
        au1_0.subscription_status,
        au1_0.trial_ends_at 
    from
        app_users au1_0 
    where
        upper(au1_0.email)=upper(?) 
        and au1_0.active=true
2026-03-27T20:52:21.536-03:00 DEBUG 25092 --- [ServiceGo] [nio-8080-exec-2] o.s.web.servlet.DispatcherServlet        : GET "/api/customers", parameters={}
2026-03-27T20:52:21.537-03:00 DEBUG 25092 --- [ServiceGo] [nio-8080-exec-2] s.w.s.m.m.a.RequestMappingHandlerMapping : Mapped to com.ServiceGo.api.controller.CustomerController#list(Authentication)
2026-03-27T20:52:21.541-03:00 DEBUG 25092 --- [ServiceGo] [nio-8080-exec-1] o.s.web.servlet.DispatcherServlet        : GET "/api/expenses", parameters={}
2026-03-27T20:52:21.544-03:00 DEBUG 25092 --- [ServiceGo] [nio-8080-exec-5] o.s.web.servlet.DispatcherServlet        : GET "/api/payments", parameters={}
2026-03-27T20:52:21.545-03:00 DEBUG 25092 --- [ServiceGo] [nio-8080-exec-2] org.hibernate.SQL                        : 
    select
        au1_0.id,
        au1_0.active,
        au1_0.created_at,
        au1_0.email,
        au1_0.name,
        au1_0.password_hash,
        au1_0.plan_type,
        au1_0.role,
        au1_0.subscription_ends_at,
        au1_0.subscription_source,
        au1_0.subscription_status,
        au1_0.trial_ends_at 
    from
        app_users au1_0 
    where
        upper(au1_0.email)=upper(?)
Hibernate: 
    select
        au1_0.id,
        au1_0.active,
        au1_0.created_at,
        au1_0.email,
        au1_0.name,
        au1_0.password_hash,
        au1_0.plan_type,
        au1_0.role,
        au1_0.subscription_ends_at,
        au1_0.subscription_source,
        au1_0.subscription_status,
        au1_0.trial_ends_at 
    from
        app_users au1_0 
    where
        upper(au1_0.email)=upper(?)
2026-03-27T20:52:21.545-03:00 DEBUG 25092 --- [ServiceGo] [nio-8080-exec-1] s.w.s.m.m.a.RequestMappingHandlerMapping : Mapped to com.ServiceGo.api.controller.ExpenseController#list(Authentication)
2026-03-27T20:52:21.545-03:00 DEBUG 25092 --- [ServiceGo] [nio-8080-exec-5] s.w.s.m.m.a.RequestMappingHandlerMapping : Mapped to com.ServiceGo.api.controller.PaymentController#list(Authentication)
2026-03-27T20:52:21.545-03:00 DEBUG 25092 --- [ServiceGo] [nio-8080-exec-6] o.s.web.servlet.DispatcherServlet        : GET "/api/trips", parameters={}
2026-03-27T20:52:21.546-03:00 DEBUG 25092 --- [ServiceGo] [nio-8080-exec-6] s.w.s.m.m.a.RequestMappingHandlerMapping : Mapped to com.ServiceGo.api.controller.TripController#list(Authentication)
2026-03-27T20:52:21.549-03:00 DEBUG 25092 --- [ServiceGo] [nio-8080-exec-5] org.hibernate.SQL                        : 
    select
        au1_0.id,
        au1_0.active,
        au1_0.created_at,
        au1_0.email,
        au1_0.name,
        au1_0.password_hash,
        au1_0.plan_type,
        au1_0.role,
        au1_0.subscription_ends_at,
        au1_0.subscription_source,
        au1_0.subscription_status,
        au1_0.trial_ends_at 
    from
        app_users au1_0 
    where
        upper(au1_0.email)=upper(?)
Hibernate: 
    select
        au1_0.id,
        au1_0.active,
        au1_0.created_at,
        au1_0.email,
        au1_0.name,
        au1_0.password_hash,
        au1_0.plan_type,
        au1_0.role,
        au1_0.subscription_ends_at,
        au1_0.subscription_source,
        au1_0.subscription_status,
        au1_0.trial_ends_at 
    from
        app_users au1_0 
    where
        upper(au1_0.email)=upper(?)
2026-03-27T20:52:21.549-03:00 DEBUG 25092 --- [ServiceGo] [nio-8080-exec-2] org.hibernate.SQL                        : 
    select
        c1_0.id,
        c1_0.created_at,
        c1_0.email,
        c1_0.name,
        c1_0.notes,
        c1_0.owner_user_id,
        c1_0.phone 
    from
        customers c1_0 
    where
        c1_0.owner_user_id=? 
    order by
        c1_0.name
Hibernate: 
    select
        c1_0.id,
        c1_0.created_at,
        c1_0.email,
        c1_0.name,
        c1_0.notes,
        c1_0.owner_user_id,
        c1_0.phone 
    from
        customers c1_0 
    where
        c1_0.owner_user_id=? 
    order by
        c1_0.name
2026-03-27T20:52:21.550-03:00 DEBUG 25092 --- [ServiceGo] [nio-8080-exec-6] org.hibernate.SQL                        : 
    select
        au1_0.id,
        au1_0.active,
        au1_0.created_at,
        au1_0.email,
        au1_0.name,
        au1_0.password_hash,
        au1_0.plan_type,
        au1_0.role,
        au1_0.subscription_ends_at,
        au1_0.subscription_source,
        au1_0.subscription_status,
        au1_0.trial_ends_at 
    from
        app_users au1_0 
    where
        upper(au1_0.email)=upper(?)
Hibernate: 
    select
        au1_0.id,
        au1_0.active,
        au1_0.created_at,
        au1_0.email,
        au1_0.name,
        au1_0.password_hash,
        au1_0.plan_type,
        au1_0.role,
        au1_0.subscription_ends_at,
        au1_0.subscription_source,
        au1_0.subscription_status,
        au1_0.trial_ends_at 
    from
        app_users au1_0 
    where
        upper(au1_0.email)=upper(?)
2026-03-27T20:52:21.550-03:00 DEBUG 25092 --- [ServiceGo] [nio-8080-exec-1] org.hibernate.SQL                        : 
    select
        au1_0.id,
        au1_0.active,
        au1_0.created_at,
        au1_0.email,
        au1_0.name,
        au1_0.password_hash,
        au1_0.plan_type,
        au1_0.role,
        au1_0.subscription_ends_at,
        au1_0.subscription_source,
        au1_0.subscription_status,
        au1_0.trial_ends_at 
    from
        app_users au1_0 
    where
        upper(au1_0.email)=upper(?)
Hibernate: 
    select
        au1_0.id,
        au1_0.active,
        au1_0.created_at,
        au1_0.email,
        au1_0.name,
        au1_0.password_hash,
        au1_0.plan_type,
        au1_0.role,
        au1_0.subscription_ends_at,
        au1_0.subscription_source,
        au1_0.subscription_status,
        au1_0.trial_ends_at 
    from
        app_users au1_0 
    where
        upper(au1_0.email)=upper(?)
2026-03-27T20:52:21.553-03:00 DEBUG 25092 --- [ServiceGo] [nio-8080-exec-2] m.m.a.RequestResponseBodyMethodProcessor : Using 'application/json', given [*/*] and supported [application/json, application/*+json, application/yaml]
2026-03-27T20:52:21.555-03:00 DEBUG 25092 --- [ServiceGo] [nio-8080-exec-2] m.m.a.RequestResponseBodyMethodProcessor : Writing [[CustomerResponse[id=1, name=Cintra, phone=22999999999, email=user@user.com, notes=testando, created (truncated)...]
2026-03-27T20:52:21.557-03:00 DEBUG 25092 --- [ServiceGo] [nio-8080-exec-1] org.hibernate.SQL                        : 
    select
        au1_0.id,
        au1_0.active,
        au1_0.created_at,
        au1_0.email,
        au1_0.name,
        au1_0.password_hash,
        au1_0.plan_type,
        au1_0.role,
        au1_0.subscription_ends_at,
        au1_0.subscription_source,
        au1_0.subscription_status,
        au1_0.trial_ends_at 
    from
        app_users au1_0 
    where
        upper(au1_0.email)=upper(?)
Hibernate: 
    select
        au1_0.id,
        au1_0.active,
        au1_0.created_at,
        au1_0.email,
        au1_0.name,
        au1_0.password_hash,
        au1_0.plan_type,
        au1_0.role,
        au1_0.subscription_ends_at,
        au1_0.subscription_source,
        au1_0.subscription_status,
        au1_0.trial_ends_at 
    from
        app_users au1_0 
    where
        upper(au1_0.email)=upper(?)
2026-03-27T20:52:21.559-03:00 DEBUG 25092 --- [ServiceGo] [nio-8080-exec-2] o.s.web.servlet.DispatcherServlet        : Completed 200 OK
2026-03-27T20:52:21.567-03:00 DEBUG 25092 --- [ServiceGo] [nio-8080-exec-5] org.hibernate.SQL                        : 
    select
        p1_0.id,
        p1_0.amount,
        c1_0.id,
        c1_0.created_at,
        c1_0.email,
        c1_0.name,
        c1_0.notes,
        c1_0.owner_user_id,
        c1_0.phone,
        p1_0.due_at,
        p1_0.method,
        p1_0.notes,
        p1_0.numero_parcela,
        p1_0.owner_user_id,
        ou2_0.id,
        ou2_0.active,
        ou2_0.created_at,
        ou2_0.email,
        ou2_0.name,
        ou2_0.password_hash,
        ou2_0.plan_type,
        ou2_0.role,
        ou2_0.subscription_ends_at,
        ou2_0.subscription_source,
        ou2_0.subscription_status,
        ou2_0.trial_ends_at,
        p1_0.pagamento_parcial,
        p1_0.paid_at,
        p1_0.reference_code,
        p1_0.status,
        t1_0.id,
        t1_0.actual_amount,
        t1_0.app_platform,
        t1_0.created_at,
        t1_0.customer_id,
        t1_0.destination,
        t1_0.distance_km,
        t1_0.end_at,
        t1_0.estimated_amount,
        t1_0.fuel_efficiency_km_liter,
        t1_0.fuel_price,
        t1_0.fuel_type,
        t1_0.notes,
        t1_0.origin,
        t1_0.start_at,
        t1_0.status,
        t1_0.toll_amount,
        t1_0.trip_type,
        t1_0.vehicle_id 
    from
        payments p1_0 
    left join
        customers c1_0 
            on c1_0.id=p1_0.customer_id 
    join
        app_users ou2_0 
            on ou2_0.id=p1_0.owner_user_id 
    left join
        trips t1_0 
            on t1_0.id=p1_0.trip_id 
    where
        p1_0.owner_user_id=? 
    order by
        p1_0.id desc
Hibernate: 
    select
        p1_0.id,
        p1_0.amount,
        c1_0.id,
        c1_0.created_at,
        c1_0.email,
        c1_0.name,
        c1_0.notes,
        c1_0.owner_user_id,
        c1_0.phone,
        p1_0.due_at,
        p1_0.method,
        p1_0.notes,
        p1_0.numero_parcela,
        p1_0.owner_user_id,
        ou2_0.id,
        ou2_0.active,
        ou2_0.created_at,
        ou2_0.email,
        ou2_0.name,
        ou2_0.password_hash,
        ou2_0.plan_type,
        ou2_0.role,
        ou2_0.subscription_ends_at,
        ou2_0.subscription_source,
        ou2_0.subscription_status,
        ou2_0.trial_ends_at,
        p1_0.pagamento_parcial,
        p1_0.paid_at,
        p1_0.reference_code,
        p1_0.status,
        t1_0.id,
        t1_0.actual_amount,
        t1_0.app_platform,
        t1_0.created_at,
        t1_0.customer_id,
        t1_0.destination,
        t1_0.distance_km,
        t1_0.end_at,
        t1_0.estimated_amount,
        t1_0.fuel_efficiency_km_liter,
        t1_0.fuel_price,
        t1_0.fuel_type,
        t1_0.notes,
        t1_0.origin,
        t1_0.start_at,
        t1_0.status,
        t1_0.toll_amount,
        t1_0.trip_type,
        t1_0.vehicle_id 
    from
        payments p1_0 
    left join
        customers c1_0 
            on c1_0.id=p1_0.customer_id 
    join
        app_users ou2_0 
            on ou2_0.id=p1_0.owner_user_id 
    left join
        trips t1_0 
            on t1_0.id=p1_0.trip_id 
    where
        p1_0.owner_user_id=? 
    order by
        p1_0.id desc
2026-03-27T20:52:21.573-03:00 DEBUG 25092 --- [ServiceGo] [nio-8080-exec-6] org.hibernate.SQL                        : 
    select
        t1_0.id,
        t1_0.actual_amount,
        t1_0.app_platform,
        t1_0.created_at,
        c1_0.id,
        c1_0.created_at,
        c1_0.email,
        c1_0.name,
        c1_0.notes,
        c1_0.owner_user_id,
        c1_0.phone,
        t1_0.destination,
        t1_0.distance_km,
        t1_0.end_at,
        t1_0.estimated_amount,
        t1_0.fuel_efficiency_km_liter,
        t1_0.fuel_price,
        t1_0.fuel_type,
        t1_0.notes,
        t1_0.origin,
        t1_0.start_at,
        t1_0.status,
        t1_0.toll_amount,
        t1_0.trip_type,
        v2_0.id,
        v2_0.ano,
        v2_0.ativo,
        v2_0.cor,
        v2_0.dono_usuario_id,
        dv2_0.id,
        dv2_0.active,
        dv2_0.created_at,
        dv2_0.email,
        dv2_0.name,
        dv2_0.password_hash,
        dv2_0.plan_type,
        dv2_0.role,
        dv2_0.subscription_ends_at,
        dv2_0.subscription_source,
        dv2_0.subscription_status,
        dv2_0.trial_ends_at,
        v2_0.km_atual,
        v2_0.modelo,
        v2_0.placa 
    from
        trips t1_0 
    left join
        veiculos v1_0 
            on v1_0.id=t1_0.vehicle_id 
    left join
        app_users dv1_0 
            on dv1_0.id=v1_0.dono_usuario_id 
    left join
        customers c1_0 
            on c1_0.id=t1_0.customer_id 
    left join
        veiculos v2_0 
            on v2_0.id=t1_0.vehicle_id 
    left join
        app_users dv2_0 
            on dv2_0.id=v2_0.dono_usuario_id 
    where
        dv1_0.id=? 
    order by
        t1_0.start_at desc
Hibernate: 
    select
        t1_0.id,
        t1_0.actual_amount,
        t1_0.app_platform,
        t1_0.created_at,
        c1_0.id,
        c1_0.created_at,
        c1_0.email,
        c1_0.name,
        c1_0.notes,
        c1_0.owner_user_id,
        c1_0.phone,
        t1_0.destination,
        t1_0.distance_km,
        t1_0.end_at,
        t1_0.estimated_amount,
        t1_0.fuel_efficiency_km_liter,
        t1_0.fuel_price,
        t1_0.fuel_type,
        t1_0.notes,
        t1_0.origin,
        t1_0.start_at,
        t1_0.status,
        t1_0.toll_amount,
        t1_0.trip_type,
        v2_0.id,
        v2_0.ano,
        v2_0.ativo,
        v2_0.cor,
        v2_0.dono_usuario_id,
        dv2_0.id,
        dv2_0.active,
        dv2_0.created_at,
        dv2_0.email,
        dv2_0.name,
        dv2_0.password_hash,
        dv2_0.plan_type,
        dv2_0.role,
        dv2_0.subscription_ends_at,
        dv2_0.subscription_source,
        dv2_0.subscription_status,
        dv2_0.trial_ends_at,
        v2_0.km_atual,
        v2_0.modelo,
        v2_0.placa 
    from
        trips t1_0 
    left join
        veiculos v1_0 
            on v1_0.id=t1_0.vehicle_id 
    left join
        app_users dv1_0 
            on dv1_0.id=v1_0.dono_usuario_id 
    left join
        customers c1_0 
            on c1_0.id=t1_0.customer_id 
    left join
        veiculos v2_0 
            on v2_0.id=t1_0.vehicle_id 
    left join
        app_users dv2_0 
            on dv2_0.id=v2_0.dono_usuario_id 
    where
        dv1_0.id=? 
    order by
        t1_0.start_at desc
2026-03-27T20:52:21.578-03:00 DEBUG 25092 --- [ServiceGo] [nio-8080-exec-1] org.hibernate.SQL                        : 
    select
        e1_0.id,
        e1_0.amount,
        e1_0.category,
        e1_0.description,
        e1_0.occurred_at,
        t1_0.id,
        t1_0.actual_amount,
        t1_0.app_platform,
        t1_0.created_at,
        t1_0.customer_id,
        t1_0.destination,
        t1_0.distance_km,
        t1_0.end_at,
        t1_0.estimated_amount,
        t1_0.fuel_efficiency_km_liter,
        t1_0.fuel_price,
        t1_0.fuel_type,
        t1_0.notes,
        t1_0.origin,
        t1_0.start_at,
        t1_0.status,
        t1_0.toll_amount,
        t1_0.trip_type,
        t1_0.vehicle_id,
        v3_0.id,
        v3_0.ano,
        v3_0.ativo,
        v3_0.cor,
        v3_0.dono_usuario_id,
        v3_0.km_atual,
        v3_0.modelo,
        v3_0.placa 
    from
        expenses e1_0 
    left join
        veiculos v1_0 
            on v1_0.id=e1_0.vehicle_id 
    left join
        app_users dv1_0 
            on dv1_0.id=v1_0.dono_usuario_id 
    left join
        trips t1_0 
            on t1_0.id=e1_0.trip_id 
    left join
        veiculos v3_0 
            on v3_0.id=e1_0.vehicle_id 
    where
        dv1_0.id=? 
    order by
        e1_0.occurred_at desc
Hibernate: 
    select
        e1_0.id,
        e1_0.amount,
        e1_0.category,
        e1_0.description,
        e1_0.occurred_at,
        t1_0.id,
        t1_0.actual_amount,
        t1_0.app_platform,
        t1_0.created_at,
        t1_0.customer_id,
        t1_0.destination,
        t1_0.distance_km,
        t1_0.end_at,
        t1_0.estimated_amount,
        t1_0.fuel_efficiency_km_liter,
        t1_0.fuel_price,
        t1_0.fuel_type,
        t1_0.notes,
        t1_0.origin,
        t1_0.start_at,
        t1_0.status,
        t1_0.toll_amount,
        t1_0.trip_type,
        t1_0.vehicle_id,
        v3_0.id,
        v3_0.ano,
        v3_0.ativo,
        v3_0.cor,
        v3_0.dono_usuario_id,
        v3_0.km_atual,
        v3_0.modelo,
        v3_0.placa 
    from
        expenses e1_0 
    left join
        veiculos v1_0 
            on v1_0.id=e1_0.vehicle_id 
    left join
        app_users dv1_0 
            on dv1_0.id=v1_0.dono_usuario_id 
    left join
        trips t1_0 
            on t1_0.id=e1_0.trip_id 
    left join
        veiculos v3_0 
            on v3_0.id=e1_0.vehicle_id 
    where
        dv1_0.id=? 
    order by
        e1_0.occurred_at desc
2026-03-27T20:52:21.586-03:00 DEBUG 25092 --- [ServiceGo] [nio-8080-exec-5] m.m.a.RequestResponseBodyMethodProcessor : Using 'application/json', given [*/*] and supported [application/json, application/*+json, application/yaml]
2026-03-27T20:52:21.592-03:00 DEBUG 25092 --- [ServiceGo] [nio-8080-exec-5] m.m.a.RequestResponseBodyMethodProcessor : Writing [[PaymentResponse[id=8, tripId=12, customerId=null, method=PIX, status=PAGO, amount=48.00, pagamentoP (truncated)...]
2026-03-27T20:52:21.593-03:00 DEBUG 25092 --- [ServiceGo] [nio-8080-exec-6] m.m.a.RequestResponseBodyMethodProcessor : Using 'application/json', given [*/*] and supported [application/json, application/*+json, application/yaml]
2026-03-27T20:52:21.593-03:00 DEBUG 25092 --- [ServiceGo] [nio-8080-exec-6] m.m.a.RequestResponseBodyMethodProcessor : Writing [[TripResponse[id=12, customerId=null, customerName=null, veiculoId=1, veiculoPlaca=FNZ8D38, veiculoM (truncated)...]
2026-03-27T20:52:21.604-03:00 DEBUG 25092 --- [ServiceGo] [nio-8080-exec-5] o.s.web.servlet.DispatcherServlet        : Completed 200 OK
2026-03-27T20:52:21.607-03:00 DEBUG 25092 --- [ServiceGo] [nio-8080-exec-1] m.m.a.RequestResponseBodyMethodProcessor : Using 'application/json', given [*/*] and supported [application/json, application/*+json, application/yaml]
2026-03-27T20:52:21.608-03:00 DEBUG 25092 --- [ServiceGo] [nio-8080-exec-1] m.m.a.RequestResponseBodyMethodProcessor : Writing [[ExpenseResponse[id=5, tripId=12, veiculoId=1, veiculoPlaca=FNZ8D38, category=PEDAGIO, amount=21.90, (truncated)...]
2026-03-27T20:52:21.610-03:00 DEBUG 25092 --- [ServiceGo] [nio-8080-exec-6] o.s.web.servlet.DispatcherServlet        : Completed 200 OK
2026-03-27T20:52:21.622-03:00 DEBUG 25092 --- [ServiceGo] [nio-8080-exec-1] o.s.web.servlet.DispatcherServlet        : Completed 200 OK
2026-03-27T20:52:27.341-03:00 DEBUG 25092 --- [ServiceGo] [nio-8080-exec-9] org.hibernate.SQL                        : 
    select
        au1_0.id,
        au1_0.active,
        au1_0.created_at,
        au1_0.email,
        au1_0.name,
        au1_0.password_hash,
        au1_0.plan_type,
        au1_0.role,
        au1_0.subscription_ends_at,
        au1_0.subscription_source,
        au1_0.subscription_status,
        au1_0.trial_ends_at 
    from
        app_users au1_0 
    where
        upper(au1_0.email)=upper(?) 
        and au1_0.active=true
Hibernate: 
    select
        au1_0.id,
        au1_0.active,
        au1_0.created_at,
        au1_0.email,
        au1_0.name,
        au1_0.password_hash,
        au1_0.plan_type,
        au1_0.role,
        au1_0.subscription_ends_at,
        au1_0.subscription_source,
        au1_0.subscription_status,
        au1_0.trial_ends_at 
    from
        app_users au1_0 
    where
        upper(au1_0.email)=upper(?) 
        and au1_0.active=true
2026-03-27T20:52:27.341-03:00 DEBUG 25092 --- [ServiceGo] [nio-8080-exec-7] org.hibernate.SQL                        : 
    select
        au1_0.id,
        au1_0.active,
        au1_0.created_at,
        au1_0.email,
        au1_0.name,
        au1_0.password_hash,
        au1_0.plan_type,
        au1_0.role,
        au1_0.subscription_ends_at,
        au1_0.subscription_source,
        au1_0.subscription_status,
        au1_0.trial_ends_at 
    from
        app_users au1_0 
    where
        upper(au1_0.email)=upper(?) 
        and au1_0.active=true
Hibernate: 
    select
        au1_0.id,
        au1_0.active,
        au1_0.created_at,
        au1_0.email,
        au1_0.name,
        au1_0.password_hash,
        au1_0.plan_type,
        au1_0.role,
        au1_0.subscription_ends_at,
        au1_0.subscription_source,
        au1_0.subscription_status,
        au1_0.trial_ends_at 
    from
        app_users au1_0 
    where
        upper(au1_0.email)=upper(?) 
        and au1_0.active=true
2026-03-27T20:52:27.341-03:00 DEBUG 25092 --- [ServiceGo] [nio-8080-exec-8] org.hibernate.SQL                        : 
    select
        au1_0.id,
        au1_0.active,
        au1_0.created_at,
        au1_0.email,
        au1_0.name,
        au1_0.password_hash,
        au1_0.plan_type,
        au1_0.role,
        au1_0.subscription_ends_at,
        au1_0.subscription_source,
        au1_0.subscription_status,
        au1_0.trial_ends_at 
    from
        app_users au1_0 
    where
        upper(au1_0.email)=upper(?) 
        and au1_0.active=true
Hibernate: 
    select
        au1_0.id,
        au1_0.active,
        au1_0.created_at,
        au1_0.email,
        au1_0.name,
        au1_0.password_hash,
        au1_0.plan_type,
        au1_0.role,
        au1_0.subscription_ends_at,
        au1_0.subscription_source,
        au1_0.subscription_status,
        au1_0.trial_ends_at 
    from
        app_users au1_0 
    where
        upper(au1_0.email)=upper(?) 
        and au1_0.active=true
2026-03-27T20:52:27.349-03:00 DEBUG 25092 --- [ServiceGo] [nio-8080-exec-9] o.s.web.servlet.DispatcherServlet        : GET "/api/trips", parameters={}
2026-03-27T20:52:27.351-03:00 DEBUG 25092 --- [ServiceGo] [nio-8080-exec-9] s.w.s.m.m.a.RequestMappingHandlerMapping : Mapped to com.ServiceGo.api.controller.TripController#list(Authentication)
2026-03-27T20:52:27.351-03:00 DEBUG 25092 --- [ServiceGo] [nio-8080-exec-8] o.s.web.servlet.DispatcherServlet        : GET "/api/customers", parameters={}
2026-03-27T20:52:27.351-03:00 DEBUG 25092 --- [ServiceGo] [nio-8080-exec-7] o.s.web.servlet.DispatcherServlet        : GET "/api/veiculos", parameters={}
2026-03-27T20:52:27.351-03:00 DEBUG 25092 --- [ServiceGo] [nio-8080-exec-7] s.w.s.m.m.a.RequestMappingHandlerMapping : Mapped to com.ServiceGo.api.controller.VeiculoController#list(Authentication)
2026-03-27T20:52:27.351-03:00 DEBUG 25092 --- [ServiceGo] [nio-8080-exec-8] s.w.s.m.m.a.RequestMappingHandlerMapping : Mapped to com.ServiceGo.api.controller.CustomerController#list(Authentication)
2026-03-27T20:52:27.356-03:00 DEBUG 25092 --- [ServiceGo] [nio-8080-exec-9] org.hibernate.SQL                        : 
    select
        au1_0.id,
        au1_0.active,
        au1_0.created_at,
        au1_0.email,
        au1_0.name,
        au1_0.password_hash,
        au1_0.plan_type,
        au1_0.role,
        au1_0.subscription_ends_at,
        au1_0.subscription_source,
        au1_0.subscription_status,
        au1_0.trial_ends_at 
    from
        app_users au1_0 
    where
        upper(au1_0.email)=upper(?)
Hibernate: 
    select
        au1_0.id,
        au1_0.active,
        au1_0.created_at,
        au1_0.email,
        au1_0.name,
        au1_0.password_hash,
        au1_0.plan_type,
        au1_0.role,
        au1_0.subscription_ends_at,
        au1_0.subscription_source,
        au1_0.subscription_status,
        au1_0.trial_ends_at 
    from
        app_users au1_0 
    where
        upper(au1_0.email)=upper(?)
2026-03-27T20:52:27.357-03:00 DEBUG 25092 --- [ServiceGo] [nio-8080-exec-7] org.hibernate.SQL                        : 
    select
        au1_0.id,
        au1_0.active,
        au1_0.created_at,
        au1_0.email,
        au1_0.name,
        au1_0.password_hash,
        au1_0.plan_type,
        au1_0.role,
        au1_0.subscription_ends_at,
        au1_0.subscription_source,
        au1_0.subscription_status,
        au1_0.trial_ends_at 
    from
        app_users au1_0 
    where
        upper(au1_0.email)=upper(?)
Hibernate: 
    select
        au1_0.id,
        au1_0.active,
        au1_0.created_at,
        au1_0.email,
        au1_0.name,
        au1_0.password_hash,
        au1_0.plan_type,
        au1_0.role,
        au1_0.subscription_ends_at,
        au1_0.subscription_source,
        au1_0.subscription_status,
        au1_0.trial_ends_at 
    from
        app_users au1_0 
    where
        upper(au1_0.email)=upper(?)
2026-03-27T20:52:27.357-03:00 DEBUG 25092 --- [ServiceGo] [nio-8080-exec-8] org.hibernate.SQL                        : 
    select
        au1_0.id,
        au1_0.active,
        au1_0.created_at,
        au1_0.email,
        au1_0.name,
        au1_0.password_hash,
        au1_0.plan_type,
        au1_0.role,
        au1_0.subscription_ends_at,
        au1_0.subscription_source,
        au1_0.subscription_status,
        au1_0.trial_ends_at 
    from
        app_users au1_0 
    where
        upper(au1_0.email)=upper(?)
Hibernate: 
    select
        au1_0.id,
        au1_0.active,
        au1_0.created_at,
        au1_0.email,
        au1_0.name,
        au1_0.password_hash,
        au1_0.plan_type,
        au1_0.role,
        au1_0.subscription_ends_at,
        au1_0.subscription_source,
        au1_0.subscription_status,
        au1_0.trial_ends_at 
    from
        app_users au1_0 
    where
        upper(au1_0.email)=upper(?)
2026-03-27T20:52:27.364-03:00 DEBUG 25092 --- [ServiceGo] [nio-8080-exec-8] org.hibernate.SQL                        : 
    select
        c1_0.id,
        c1_0.created_at,
        c1_0.email,
        c1_0.name,
        c1_0.notes,
        c1_0.owner_user_id,
        c1_0.phone 
    from
        customers c1_0 
    where
        c1_0.owner_user_id=? 
    order by
        c1_0.name
Hibernate: 
    select
        c1_0.id,
        c1_0.created_at,
        c1_0.email,
        c1_0.name,
        c1_0.notes,
        c1_0.owner_user_id,
        c1_0.phone 
    from
        customers c1_0 
    where
        c1_0.owner_user_id=? 
    order by
        c1_0.name
2026-03-27T20:52:27.367-03:00 DEBUG 25092 --- [ServiceGo] [nio-8080-exec-7] org.hibernate.SQL                        : 
    select
        v1_0.id,
        v1_0.ano,
        v1_0.ativo,
        v1_0.cor,
        v1_0.dono_usuario_id,
        dv1_0.id,
        dv1_0.active,
        dv1_0.created_at,
        dv1_0.email,
        dv1_0.name,
        dv1_0.password_hash,
        dv1_0.plan_type,
        dv1_0.role,
        dv1_0.subscription_ends_at,
        dv1_0.subscription_source,
        dv1_0.subscription_status,
        dv1_0.trial_ends_at,
        v1_0.km_atual,
        v1_0.modelo,
        v1_0.placa 
    from
        veiculos v1_0 
    join
        app_users dv1_0 
            on dv1_0.id=v1_0.dono_usuario_id 
    where
        v1_0.dono_usuario_id=? 
    order by
        v1_0.modelo
Hibernate: 
    select
        v1_0.id,
        v1_0.ano,
        v1_0.ativo,
        v1_0.cor,
        v1_0.dono_usuario_id,
        dv1_0.id,
        dv1_0.active,
        dv1_0.created_at,
        dv1_0.email,
        dv1_0.name,
        dv1_0.password_hash,
        dv1_0.plan_type,
        dv1_0.role,
        dv1_0.subscription_ends_at,
        dv1_0.subscription_source,
        dv1_0.subscription_status,
        dv1_0.trial_ends_at,
        v1_0.km_atual,
        v1_0.modelo,
        v1_0.placa 
    from
        veiculos v1_0 
    join
        app_users dv1_0 
            on dv1_0.id=v1_0.dono_usuario_id 
    where
        v1_0.dono_usuario_id=? 
    order by
        v1_0.modelo
2026-03-27T20:52:27.369-03:00 DEBUG 25092 --- [ServiceGo] [nio-8080-exec-8] m.m.a.RequestResponseBodyMethodProcessor : Using 'application/json', given [*/*] and supported [application/json, application/*+json, application/yaml]
2026-03-27T20:52:27.369-03:00 DEBUG 25092 --- [ServiceGo] [nio-8080-exec-8] m.m.a.RequestResponseBodyMethodProcessor : Writing [[CustomerResponse[id=1, name=Cintra, phone=22999999999, email=user@user.com, notes=testando, created (truncated)...]
2026-03-27T20:52:27.372-03:00 DEBUG 25092 --- [ServiceGo] [nio-8080-exec-7] m.m.a.RequestResponseBodyMethodProcessor : Using 'application/json', given [*/*] and supported [application/json, application/*+json, application/yaml]
2026-03-27T20:52:27.372-03:00 DEBUG 25092 --- [ServiceGo] [nio-8080-exec-9] org.hibernate.SQL                        : 
    select
        t1_0.id,
        t1_0.actual_amount,
        t1_0.app_platform,
        t1_0.created_at,
        c1_0.id,
        c1_0.created_at,
        c1_0.email,
        c1_0.name,
        c1_0.notes,
        c1_0.owner_user_id,
        c1_0.phone,
        t1_0.destination,
        t1_0.distance_km,
        t1_0.end_at,
        t1_0.estimated_amount,
        t1_0.fuel_efficiency_km_liter,
        t1_0.fuel_price,
        t1_0.fuel_type,
        t1_0.notes,
        t1_0.origin,
        t1_0.start_at,
        t1_0.status,
        t1_0.toll_amount,
        t1_0.trip_type,
        v2_0.id,
        v2_0.ano,
        v2_0.ativo,
        v2_0.cor,
        v2_0.dono_usuario_id,
        dv2_0.id,
        dv2_0.active,
        dv2_0.created_at,
        dv2_0.email,
        dv2_0.name,
        dv2_0.password_hash,
        dv2_0.plan_type,
        dv2_0.role,
        dv2_0.subscription_ends_at,
        dv2_0.subscription_source,
        dv2_0.subscription_status,
        dv2_0.trial_ends_at,
        v2_0.km_atual,
        v2_0.modelo,
        v2_0.placa 
    from
        trips t1_0 
    left join
        veiculos v1_0 
            on v1_0.id=t1_0.vehicle_id 
    left join
        app_users dv1_0 
            on dv1_0.id=v1_0.dono_usuario_id 
    left join
        customers c1_0 
            on c1_0.id=t1_0.customer_id 
    left join
        veiculos v2_0 
            on v2_0.id=t1_0.vehicle_id 
    left join
        app_users dv2_0 
            on dv2_0.id=v2_0.dono_usuario_id 
    where
        dv1_0.id=? 
    order by
        t1_0.start_at desc
Hibernate: 
    select
        t1_0.id,
        t1_0.actual_amount,
        t1_0.app_platform,
        t1_0.created_at,
        c1_0.id,
        c1_0.created_at,
        c1_0.email,
        c1_0.name,
        c1_0.notes,
        c1_0.owner_user_id,
        c1_0.phone,
        t1_0.destination,
        t1_0.distance_km,
        t1_0.end_at,
        t1_0.estimated_amount,
        t1_0.fuel_efficiency_km_liter,
        t1_0.fuel_price,
        t1_0.fuel_type,
        t1_0.notes,
        t1_0.origin,
        t1_0.start_at,
        t1_0.status,
        t1_0.toll_amount,
        t1_0.trip_type,
        v2_0.id,
        v2_0.ano,
        v2_0.ativo,
        v2_0.cor,
        v2_0.dono_usuario_id,
        dv2_0.id,
        dv2_0.active,
        dv2_0.created_at,
        dv2_0.email,
        dv2_0.name,
        dv2_0.password_hash,
        dv2_0.plan_type,
        dv2_0.role,
        dv2_0.subscription_ends_at,
        dv2_0.subscription_source,
        dv2_0.subscription_status,
        dv2_0.trial_ends_at,
        v2_0.km_atual,
        v2_0.modelo,
        v2_0.placa 
    from
        trips t1_0 
    left join
        veiculos v1_0 
            on v1_0.id=t1_0.vehicle_id 
    left join
        app_users dv1_0 
            on dv1_0.id=v1_0.dono_usuario_id 
    left join
        customers c1_0 
            on c1_0.id=t1_0.customer_id 
    left join
        veiculos v2_0 
            on v2_0.id=t1_0.vehicle_id 
    left join
        app_users dv2_0 
            on dv2_0.id=v2_0.dono_usuario_id 
    where
        dv1_0.id=? 
    order by
        t1_0.start_at desc
2026-03-27T20:52:27.373-03:00 DEBUG 25092 --- [ServiceGo] [nio-8080-exec-7] m.m.a.RequestResponseBodyMethodProcessor : Writing [[VeiculoResponse[id=1, modelo=HB20S, placa=FNZ8D38, ano=2015, cor=Azul, ativo=true, kmAtual=145000.0 (truncated)...]
2026-03-27T20:52:27.373-03:00 DEBUG 25092 --- [ServiceGo] [nio-8080-exec-8] o.s.web.servlet.DispatcherServlet        : Completed 200 OK
2026-03-27T20:52:27.375-03:00 DEBUG 25092 --- [ServiceGo] [nio-8080-exec-7] o.s.web.servlet.DispatcherServlet        : Completed 200 OK
2026-03-27T20:52:27.389-03:00 DEBUG 25092 --- [ServiceGo] [nio-8080-exec-9] m.m.a.RequestResponseBodyMethodProcessor : Using 'application/json', given [*/*] and supported [application/json, application/*+json, application/yaml]
2026-03-27T20:52:27.389-03:00 DEBUG 25092 --- [ServiceGo] [nio-8080-exec-9] m.m.a.RequestResponseBodyMethodProcessor : Writing [[TripResponse[id=12, customerId=null, customerName=null, veiculoId=1, veiculoPlaca=FNZ8D38, veiculoM (truncated)...]
2026-03-27T20:52:27.394-03:00 DEBUG 25092 --- [ServiceGo] [nio-8080-exec-9] o.s.web.servlet.DispatcherServlet        : Completed 200 OK
2026-03-27T20:52:27.422-03:00 DEBUG 25092 --- [ServiceGo] [nio-8080-exec-4] org.hibernate.SQL                        : 
    select
        au1_0.id,
        au1_0.active,
        au1_0.created_at,
        au1_0.email,
        au1_0.name,
        au1_0.password_hash,
        au1_0.plan_type,
        au1_0.role,
        au1_0.subscription_ends_at,
        au1_0.subscription_source,
        au1_0.subscription_status,
        au1_0.trial_ends_at 
    from
        app_users au1_0 
    where
        upper(au1_0.email)=upper(?) 
        and au1_0.active=true
Hibernate: 
    select
        au1_0.id,
        au1_0.active,
        au1_0.created_at,
        au1_0.email,
        au1_0.name,
        au1_0.password_hash,
        au1_0.plan_type,
        au1_0.role,
        au1_0.subscription_ends_at,
        au1_0.subscription_source,
        au1_0.subscription_status,
        au1_0.trial_ends_at 
    from
        app_users au1_0 
    where
        upper(au1_0.email)=upper(?) 
        and au1_0.active=true
2026-03-27T20:52:27.424-03:00 DEBUG 25092 --- [ServiceGo] [nio-8080-exec-3] org.hibernate.SQL                        : 
    select
        au1_0.id,
        au1_0.active,
        au1_0.created_at,
        au1_0.email,
        au1_0.name,
        au1_0.password_hash,
        au1_0.plan_type,
        au1_0.role,
        au1_0.subscription_ends_at,
        au1_0.subscription_source,
        au1_0.subscription_status,
        au1_0.trial_ends_at 
    from
        app_users au1_0 
    where
        upper(au1_0.email)=upper(?) 
        and au1_0.active=true
Hibernate: 
    select
        au1_0.id,
        au1_0.active,
        au1_0.created_at,
        au1_0.email,
        au1_0.name,
        au1_0.password_hash,
        au1_0.plan_type,
        au1_0.role,
        au1_0.subscription_ends_at,
        au1_0.subscription_source,
        au1_0.subscription_status,
        au1_0.trial_ends_at 
    from
        app_users au1_0 
    where
        upper(au1_0.email)=upper(?) 
        and au1_0.active=true
2026-03-27T20:52:27.443-03:00 DEBUG 25092 --- [ServiceGo] [nio-8080-exec-3] o.s.web.servlet.DispatcherServlet        : GET "/api/veiculos", parameters={}
2026-03-27T20:52:27.444-03:00 DEBUG 25092 --- [ServiceGo] [nio-8080-exec-3] s.w.s.m.m.a.RequestMappingHandlerMapping : Mapped to com.ServiceGo.api.controller.VeiculoController#list(Authentication)
2026-03-27T20:52:27.441-03:00 DEBUG 25092 --- [ServiceGo] [io-8080-exec-10] org.hibernate.SQL                        : 
    select
        au1_0.id,
        au1_0.active,
        au1_0.created_at,
        au1_0.email,
        au1_0.name,
        au1_0.password_hash,
        au1_0.plan_type,
        au1_0.role,
        au1_0.subscription_ends_at,
        au1_0.subscription_source,
        au1_0.subscription_status,
        au1_0.trial_ends_at 
    from
        app_users au1_0 
    where
        upper(au1_0.email)=upper(?) 
        and au1_0.active=true
Hibernate: 
    select
        au1_0.id,
        au1_0.active,
        au1_0.created_at,
        au1_0.email,
        au1_0.name,
        au1_0.password_hash,
        au1_0.plan_type,
        au1_0.role,
        au1_0.subscription_ends_at,
        au1_0.subscription_source,
        au1_0.subscription_status,
        au1_0.trial_ends_at 
    from
        app_users au1_0 
    where
        upper(au1_0.email)=upper(?) 
        and au1_0.active=true
2026-03-27T20:52:27.447-03:00 DEBUG 25092 --- [ServiceGo] [nio-8080-exec-4] o.s.web.servlet.DispatcherServlet        : GET "/api/customers", parameters={}
2026-03-27T20:52:27.451-03:00 DEBUG 25092 --- [ServiceGo] [nio-8080-exec-4] s.w.s.m.m.a.RequestMappingHandlerMapping : Mapped to com.ServiceGo.api.controller.CustomerController#list(Authentication)
2026-03-27T20:52:27.453-03:00 DEBUG 25092 --- [ServiceGo] [nio-8080-exec-2] org.hibernate.SQL                        : 
    select
        au1_0.id,
        au1_0.active,
        au1_0.created_at,
        au1_0.email,
        au1_0.name,
        au1_0.password_hash,
        au1_0.plan_type,
        au1_0.role,
        au1_0.subscription_ends_at,
        au1_0.subscription_source,
        au1_0.subscription_status,
        au1_0.trial_ends_at 
    from
        app_users au1_0 
    where
        upper(au1_0.email)=upper(?) 
        and au1_0.active=true
Hibernate: 
    select
        au1_0.id,
        au1_0.active,
        au1_0.created_at,
        au1_0.email,
        au1_0.name,
        au1_0.password_hash,
        au1_0.plan_type,
        au1_0.role,
        au1_0.subscription_ends_at,
        au1_0.subscription_source,
        au1_0.subscription_status,
        au1_0.trial_ends_at 
    from
        app_users au1_0 
    where
        upper(au1_0.email)=upper(?) 
        and au1_0.active=true
2026-03-27T20:52:27.456-03:00 DEBUG 25092 --- [ServiceGo] [nio-8080-exec-3] org.hibernate.SQL                        : 
    select
        au1_0.id,
        au1_0.active,
        au1_0.created_at,
        au1_0.email,
        au1_0.name,
        au1_0.password_hash,
        au1_0.plan_type,
        au1_0.role,
        au1_0.subscription_ends_at,
        au1_0.subscription_source,
        au1_0.subscription_status,
        au1_0.trial_ends_at 
    from
        app_users au1_0 
    where
        upper(au1_0.email)=upper(?)
Hibernate: 
    select
        au1_0.id,
        au1_0.active,
        au1_0.created_at,
        au1_0.email,
        au1_0.name,
        au1_0.password_hash,
        au1_0.plan_type,
        au1_0.role,
        au1_0.subscription_ends_at,
        au1_0.subscription_source,
        au1_0.subscription_status,
        au1_0.trial_ends_at 
    from
        app_users au1_0 
    where
        upper(au1_0.email)=upper(?)
2026-03-27T20:52:27.463-03:00 DEBUG 25092 --- [ServiceGo] [io-8080-exec-10] o.s.web.servlet.DispatcherServlet        : GET "/api/trips", parameters={}
2026-03-27T20:52:27.463-03:00 DEBUG 25092 --- [ServiceGo] [nio-8080-exec-4] org.hibernate.SQL                        : 
    select
        au1_0.id,
        au1_0.active,
        au1_0.created_at,
        au1_0.email,
        au1_0.name,
        au1_0.password_hash,
        au1_0.plan_type,
        au1_0.role,
        au1_0.subscription_ends_at,
        au1_0.subscription_source,
        au1_0.subscription_status,
        au1_0.trial_ends_at 
    from
        app_users au1_0 
    where
        upper(au1_0.email)=upper(?)
Hibernate: 
    select
        au1_0.id,
        au1_0.active,
        au1_0.created_at,
        au1_0.email,
        au1_0.name,
        au1_0.password_hash,
        au1_0.plan_type,
        au1_0.role,
        au1_0.subscription_ends_at,
        au1_0.subscription_source,
        au1_0.subscription_status,
        au1_0.trial_ends_at 
    from
        app_users au1_0 
    where
        upper(au1_0.email)=upper(?)
2026-03-27T20:52:27.469-03:00 DEBUG 25092 --- [ServiceGo] [nio-8080-exec-4] org.hibernate.SQL                        : 
    select
        c1_0.id,
        c1_0.created_at,
        c1_0.email,
        c1_0.name,
        c1_0.notes,
        c1_0.owner_user_id,
        c1_0.phone 
    from
        customers c1_0 
    where
        c1_0.owner_user_id=? 
    order by
        c1_0.name
Hibernate: 
    select
        c1_0.id,
        c1_0.created_at,
        c1_0.email,
        c1_0.name,
        c1_0.notes,
        c1_0.owner_user_id,
        c1_0.phone 
    from
        customers c1_0 
    where
        c1_0.owner_user_id=? 
    order by
        c1_0.name
2026-03-27T20:52:27.470-03:00 DEBUG 25092 --- [ServiceGo] [io-8080-exec-10] s.w.s.m.m.a.RequestMappingHandlerMapping : Mapped to com.ServiceGo.api.controller.TripController#list(Authentication)
2026-03-27T20:52:27.471-03:00 DEBUG 25092 --- [ServiceGo] [nio-8080-exec-2] o.s.web.servlet.DispatcherServlet        : GET "/api/configuracoes-usuario/2", parameters={}
2026-03-27T20:52:27.471-03:00 DEBUG 25092 --- [ServiceGo] [nio-8080-exec-2] s.w.s.m.m.a.RequestMappingHandlerMapping : Mapped to com.ServiceGo.api.controller.ConfiguracaoUsuarioController#getByUsuario(Long)
2026-03-27T20:52:27.475-03:00 DEBUG 25092 --- [ServiceGo] [io-8080-exec-10] org.hibernate.SQL                        : 
    select
        au1_0.id,
        au1_0.active,
        au1_0.created_at,
        au1_0.email,
        au1_0.name,
        au1_0.password_hash,
        au1_0.plan_type,
        au1_0.role,
        au1_0.subscription_ends_at,
        au1_0.subscription_source,
        au1_0.subscription_status,
        au1_0.trial_ends_at 
    from
        app_users au1_0 
    where
        upper(au1_0.email)=upper(?)
Hibernate: 
    select
        au1_0.id,
        au1_0.active,
        au1_0.created_at,
        au1_0.email,
        au1_0.name,
        au1_0.password_hash,
        au1_0.plan_type,
        au1_0.role,
        au1_0.subscription_ends_at,
        au1_0.subscription_source,
        au1_0.subscription_status,
        au1_0.trial_ends_at 
    from
        app_users au1_0 
    where
        upper(au1_0.email)=upper(?)
2026-03-27T20:52:27.477-03:00 DEBUG 25092 --- [ServiceGo] [nio-8080-exec-2] org.hibernate.SQL                        : 
    select
        cu1_0.id,
        cu1_0.anos_base_depreciacao,
        cu1_0.depreciacao_alocacao,
        cu1_0.depreciacao_modo,
        cu1_0.fuel_efficiency_km_liter,
        cu1_0.fuel_price,
        cu1_0.fuel_type,
        cu1_0.fuso_horario,
        cu1_0.km_base_depreciacao,
        cu1_0.lembrete_ativo,
        cu1_0.meses_base_depreciacao,
        cu1_0.minutos_antecedencia_lembrete,
        cu1_0.sincronizar_calendario,
        cu1_0.usuario_id,
        cu1_0.valor_atual_veiculo,
        cu1_0.valor_estimado_veiculo,
        cu1_0.valor_manual_anual,
        cu1_0.valor_manual_mensal,
        cu1_0.valor_manual_por_km 
    from
        configuracoes_usuario cu1_0 
    where
        cu1_0.usuario_id=?
Hibernate: 
    select
        cu1_0.id,
        cu1_0.anos_base_depreciacao,
        cu1_0.depreciacao_alocacao,
        cu1_0.depreciacao_modo,
        cu1_0.fuel_efficiency_km_liter,
        cu1_0.fuel_price,
        cu1_0.fuel_type,
        cu1_0.fuso_horario,
        cu1_0.km_base_depreciacao,
        cu1_0.lembrete_ativo,
        cu1_0.meses_base_depreciacao,
        cu1_0.minutos_antecedencia_lembrete,
        cu1_0.sincronizar_calendario,
        cu1_0.usuario_id,
        cu1_0.valor_atual_veiculo,
        cu1_0.valor_estimado_veiculo,
        cu1_0.valor_manual_anual,
        cu1_0.valor_manual_mensal,
        cu1_0.valor_manual_por_km 
    from
        configuracoes_usuario cu1_0 
    where
        cu1_0.usuario_id=?
2026-03-27T20:52:27.484-03:00 DEBUG 25092 --- [ServiceGo] [nio-8080-exec-3] org.hibernate.SQL                        : 
    select
        v1_0.id,
        v1_0.ano,
        v1_0.ativo,
        v1_0.cor,
        v1_0.dono_usuario_id,
        dv1_0.id,
        dv1_0.active,
        dv1_0.created_at,
        dv1_0.email,
        dv1_0.name,
        dv1_0.password_hash,
        dv1_0.plan_type,
        dv1_0.role,
        dv1_0.subscription_ends_at,
        dv1_0.subscription_source,
        dv1_0.subscription_status,
        dv1_0.trial_ends_at,
        v1_0.km_atual,
        v1_0.modelo,
        v1_0.placa 
    from
        veiculos v1_0 
    join
        app_users dv1_0 
            on dv1_0.id=v1_0.dono_usuario_id 
    where
        v1_0.dono_usuario_id=? 
    order by
        v1_0.modelo
Hibernate: 
    select
        v1_0.id,
        v1_0.ano,
        v1_0.ativo,
        v1_0.cor,
        v1_0.dono_usuario_id,
        dv1_0.id,
        dv1_0.active,
        dv1_0.created_at,
        dv1_0.email,
        dv1_0.name,
        dv1_0.password_hash,
        dv1_0.plan_type,
        dv1_0.role,
        dv1_0.subscription_ends_at,
        dv1_0.subscription_source,
        dv1_0.subscription_status,
        dv1_0.trial_ends_at,
        v1_0.km_atual,
        v1_0.modelo,
        v1_0.placa 
    from
        veiculos v1_0 
    join
        app_users dv1_0 
            on dv1_0.id=v1_0.dono_usuario_id 
    where
        v1_0.dono_usuario_id=? 
    order by
        v1_0.modelo
2026-03-27T20:52:27.485-03:00 DEBUG 25092 --- [ServiceGo] [nio-8080-exec-4] m.m.a.RequestResponseBodyMethodProcessor : Using 'application/json', given [*/*] and supported [application/json, application/*+json, application/yaml]
2026-03-27T20:52:27.486-03:00 DEBUG 25092 --- [ServiceGo] [nio-8080-exec-4] m.m.a.RequestResponseBodyMethodProcessor : Writing [[CustomerResponse[id=1, name=Cintra, phone=22999999999, email=user@user.com, notes=testando, created (truncated)...]
2026-03-27T20:52:27.486-03:00 DEBUG 25092 --- [ServiceGo] [nio-8080-exec-2] m.m.a.RequestResponseBodyMethodProcessor : Using 'application/json', given [*/*] and supported [application/json, application/*+json, application/yaml]
2026-03-27T20:52:27.488-03:00 DEBUG 25092 --- [ServiceGo] [nio-8080-exec-2] m.m.a.RequestResponseBodyMethodProcessor : Writing [ConfiguracaoUsuarioResponse[id=2, usuarioId=2, sincronizarCalendario=true, lembreteAtivo=true, minut (truncated)...]
2026-03-27T20:52:27.490-03:00 DEBUG 25092 --- [ServiceGo] [nio-8080-exec-4] o.s.web.servlet.DispatcherServlet        : Completed 200 OK
2026-03-27T20:52:27.492-03:00 DEBUG 25092 --- [ServiceGo] [nio-8080-exec-3] m.m.a.RequestResponseBodyMethodProcessor : Using 'application/json', given [*/*] and supported [application/json, application/*+json, application/yaml]
2026-03-27T20:52:27.494-03:00 DEBUG 25092 --- [ServiceGo] [nio-8080-exec-3] m.m.a.RequestResponseBodyMethodProcessor : Writing [[VeiculoResponse[id=1, modelo=HB20S, placa=FNZ8D38, ano=2015, cor=Azul, ativo=true, kmAtual=145000.0 (truncated)...]
2026-03-27T20:52:27.494-03:00 DEBUG 25092 --- [ServiceGo] [nio-8080-exec-2] o.s.web.servlet.DispatcherServlet        : Completed 200 OK
2026-03-27T20:52:27.500-03:00 DEBUG 25092 --- [ServiceGo] [nio-8080-exec-3] o.s.web.servlet.DispatcherServlet        : Completed 200 OK
2026-03-27T20:52:27.506-03:00 DEBUG 25092 --- [ServiceGo] [io-8080-exec-10] org.hibernate.SQL                        : 
    select
        t1_0.id,
        t1_0.actual_amount,
        t1_0.app_platform,
        t1_0.created_at,
        c1_0.id,
        c1_0.created_at,
        c1_0.email,
        c1_0.name,
        c1_0.notes,
        c1_0.owner_user_id,
        c1_0.phone,
        t1_0.destination,
        t1_0.distance_km,
        t1_0.end_at,
        t1_0.estimated_amount,
        t1_0.fuel_efficiency_km_liter,
        t1_0.fuel_price,
        t1_0.fuel_type,
        t1_0.notes,
        t1_0.origin,
        t1_0.start_at,
        t1_0.status,
        t1_0.toll_amount,
        t1_0.trip_type,
        v2_0.id,
        v2_0.ano,
        v2_0.ativo,
        v2_0.cor,
        v2_0.dono_usuario_id,
        dv2_0.id,
        dv2_0.active,
        dv2_0.created_at,
        dv2_0.email,
        dv2_0.name,
        dv2_0.password_hash,
        dv2_0.plan_type,
        dv2_0.role,
        dv2_0.subscription_ends_at,
        dv2_0.subscription_source,
        dv2_0.subscription_status,
        dv2_0.trial_ends_at,
        v2_0.km_atual,
        v2_0.modelo,
        v2_0.placa 
    from
        trips t1_0 
    left join
        veiculos v1_0 
            on v1_0.id=t1_0.vehicle_id 
    left join
        app_users dv1_0 
            on dv1_0.id=v1_0.dono_usuario_id 
    left join
        customers c1_0 
            on c1_0.id=t1_0.customer_id 
    left join
        veiculos v2_0 
            on v2_0.id=t1_0.vehicle_id 
    left join
        app_users dv2_0 
            on dv2_0.id=v2_0.dono_usuario_id 
    where
        dv1_0.id=? 
    order by
        t1_0.start_at desc
Hibernate: 
    select
        t1_0.id,
        t1_0.actual_amount,
        t1_0.app_platform,
        t1_0.created_at,
        c1_0.id,
        c1_0.created_at,
        c1_0.email,
        c1_0.name,
        c1_0.notes,
        c1_0.owner_user_id,
        c1_0.phone,
        t1_0.destination,
        t1_0.distance_km,
        t1_0.end_at,
        t1_0.estimated_amount,
        t1_0.fuel_efficiency_km_liter,
        t1_0.fuel_price,
        t1_0.fuel_type,
        t1_0.notes,
        t1_0.origin,
        t1_0.start_at,
        t1_0.status,
        t1_0.toll_amount,
        t1_0.trip_type,
        v2_0.id,
        v2_0.ano,
        v2_0.ativo,
        v2_0.cor,
        v2_0.dono_usuario_id,
        dv2_0.id,
        dv2_0.active,
        dv2_0.created_at,
        dv2_0.email,
        dv2_0.name,
        dv2_0.password_hash,
        dv2_0.plan_type,
        dv2_0.role,
        dv2_0.subscription_ends_at,
        dv2_0.subscription_source,
        dv2_0.subscription_status,
        dv2_0.trial_ends_at,
        v2_0.km_atual,
        v2_0.modelo,
        v2_0.placa 
    from
        trips t1_0 
    left join
        veiculos v1_0 
            on v1_0.id=t1_0.vehicle_id 
    left join
        app_users dv1_0 
            on dv1_0.id=v1_0.dono_usuario_id 
    left join
        customers c1_0 
            on c1_0.id=t1_0.customer_id 
    left join
        veiculos v2_0 
            on v2_0.id=t1_0.vehicle_id 
    left join
        app_users dv2_0 
            on dv2_0.id=v2_0.dono_usuario_id 
    where
        dv1_0.id=? 
    order by
        t1_0.start_at desc
2026-03-27T20:52:27.520-03:00 DEBUG 25092 --- [ServiceGo] [io-8080-exec-10] m.m.a.RequestResponseBodyMethodProcessor : Using 'application/json', given [*/*] and supported [application/json, application/*+json, application/yaml]
2026-03-27T20:52:27.520-03:00 DEBUG 25092 --- [ServiceGo] [io-8080-exec-10] m.m.a.RequestResponseBodyMethodProcessor : Writing [[TripResponse[id=12, customerId=null, customerName=null, veiculoId=1, veiculoPlaca=FNZ8D38, veiculoM (truncated)...]
2026-03-27T20:52:27.522-03:00 DEBUG 25092 --- [ServiceGo] [io-8080-exec-10] o.s.web.servlet.DispatcherServlet        : Completed 200 OK
2026-03-27T20:52:27.626-03:00 DEBUG 25092 --- [ServiceGo] [nio-8080-exec-5] org.hibernate.SQL                        : 
    select
        au1_0.id,
        au1_0.active,
        au1_0.created_at,
        au1_0.email,
        au1_0.name,
        au1_0.password_hash,
        au1_0.plan_type,
        au1_0.role,
        au1_0.subscription_ends_at,
        au1_0.subscription_source,
        au1_0.subscription_status,
        au1_0.trial_ends_at 
    from
        app_users au1_0 
    where
        upper(au1_0.email)=upper(?) 
        and au1_0.active=true
Hibernate: 
    select
        au1_0.id,
        au1_0.active,
        au1_0.created_at,
        au1_0.email,
        au1_0.name,
        au1_0.password_hash,
        au1_0.plan_type,
        au1_0.role,
        au1_0.subscription_ends_at,
        au1_0.subscription_source,
        au1_0.subscription_status,
        au1_0.trial_ends_at 
    from
        app_users au1_0 
    where
        upper(au1_0.email)=upper(?) 
        and au1_0.active=true
2026-03-27T20:52:27.636-03:00 DEBUG 25092 --- [ServiceGo] [nio-8080-exec-5] o.s.web.servlet.DispatcherServlet        : GET "/api/configuracoes-usuario/2", parameters={}
2026-03-27T20:52:27.637-03:00 DEBUG 25092 --- [ServiceGo] [nio-8080-exec-5] s.w.s.m.m.a.RequestMappingHandlerMapping : Mapped to com.ServiceGo.api.controller.ConfiguracaoUsuarioController#getByUsuario(Long)
2026-03-27T20:52:27.641-03:00 DEBUG 25092 --- [ServiceGo] [nio-8080-exec-5] org.hibernate.SQL                        : 
    select
        cu1_0.id,
        cu1_0.anos_base_depreciacao,
        cu1_0.depreciacao_alocacao,
        cu1_0.depreciacao_modo,
        cu1_0.fuel_efficiency_km_liter,
        cu1_0.fuel_price,
        cu1_0.fuel_type,
        cu1_0.fuso_horario,
        cu1_0.km_base_depreciacao,
        cu1_0.lembrete_ativo,
        cu1_0.meses_base_depreciacao,
        cu1_0.minutos_antecedencia_lembrete,
        cu1_0.sincronizar_calendario,
        cu1_0.usuario_id,
        cu1_0.valor_atual_veiculo,
        cu1_0.valor_estimado_veiculo,
        cu1_0.valor_manual_anual,
        cu1_0.valor_manual_mensal,
        cu1_0.valor_manual_por_km 
    from
        configuracoes_usuario cu1_0 
    where
        cu1_0.usuario_id=?
Hibernate: 
    select
        cu1_0.id,
        cu1_0.anos_base_depreciacao,
        cu1_0.depreciacao_alocacao,
        cu1_0.depreciacao_modo,
        cu1_0.fuel_efficiency_km_liter,
        cu1_0.fuel_price,
        cu1_0.fuel_type,
        cu1_0.fuso_horario,
        cu1_0.km_base_depreciacao,
        cu1_0.lembrete_ativo,
        cu1_0.meses_base_depreciacao,
        cu1_0.minutos_antecedencia_lembrete,
        cu1_0.sincronizar_calendario,
        cu1_0.usuario_id,
        cu1_0.valor_atual_veiculo,
        cu1_0.valor_estimado_veiculo,
        cu1_0.valor_manual_anual,
        cu1_0.valor_manual_mensal,
        cu1_0.valor_manual_por_km 
    from
        configuracoes_usuario cu1_0 
    where
        cu1_0.usuario_id=?
2026-03-27T20:52:27.645-03:00 DEBUG 25092 --- [ServiceGo] [nio-8080-exec-5] m.m.a.RequestResponseBodyMethodProcessor : Using 'application/json', given [*/*] and supported [application/json, application/*+json, application/yaml]
2026-03-27T20:52:27.646-03:00 DEBUG 25092 --- [ServiceGo] [nio-8080-exec-5] m.m.a.RequestResponseBodyMethodProcessor : Writing [ConfiguracaoUsuarioResponse[id=2, usuarioId=2, sincronizarCalendario=true, lembreteAtivo=true, minut (truncated)...]
2026-03-27T20:52:27.648-03:00 DEBUG 25092 --- [ServiceGo] [nio-8080-exec-5] o.s.web.servlet.DispatcherServlet        : Completed 200 OK
2026-03-27T20:52:30.389-03:00 DEBUG 25092 --- [ServiceGo] [nio-8080-exec-6] org.hibernate.SQL                        : 
    select
        au1_0.id,
        au1_0.active,
        au1_0.created_at,
        au1_0.email,
        au1_0.name,
        au1_0.password_hash,
        au1_0.plan_type,
        au1_0.role,
        au1_0.subscription_ends_at,
        au1_0.subscription_source,
        au1_0.subscription_status,
        au1_0.trial_ends_at 
    from
        app_users au1_0 
    where
        upper(au1_0.email)=upper(?) 
        and au1_0.active=true
Hibernate: 
    select
        au1_0.id,
        au1_0.active,
        au1_0.created_at,
        au1_0.email,
        au1_0.name,
        au1_0.password_hash,
        au1_0.plan_type,
        au1_0.role,
        au1_0.subscription_ends_at,
        au1_0.subscription_source,
        au1_0.subscription_status,
        au1_0.trial_ends_at 
    from
        app_users au1_0 
    where
        upper(au1_0.email)=upper(?) 
        and au1_0.active=true
2026-03-27T20:52:30.397-03:00 DEBUG 25092 --- [ServiceGo] [nio-8080-exec-6] o.s.web.servlet.DispatcherServlet        : PUT "/api/trips/13", parameters={}
2026-03-27T20:52:30.398-03:00 DEBUG 25092 --- [ServiceGo] [nio-8080-exec-6] s.w.s.m.m.a.RequestMappingHandlerMapping : Mapped to com.ServiceGo.api.controller.TripController#update(Long, TripRequest, Authentication)
2026-03-27T20:52:30.401-03:00 DEBUG 25092 --- [ServiceGo] [nio-8080-exec-6] m.m.a.RequestResponseBodyMethodProcessor : Read "application/json;charset=UTF-8" to [TripRequest[customerId=1, veiculoId=1, tripType=INTERMUNICIPAL, status=CONCLUIDA, origin=TESTE, dest (truncated)...]
2026-03-27T20:52:30.408-03:00 DEBUG 25092 --- [ServiceGo] [nio-8080-exec-6] org.hibernate.SQL                        : 
    select
        au1_0.id,
        au1_0.active,
        au1_0.created_at,
        au1_0.email,
        au1_0.name,
        au1_0.password_hash,
        au1_0.plan_type,
        au1_0.role,
        au1_0.subscription_ends_at,
        au1_0.subscription_source,
        au1_0.subscription_status,
        au1_0.trial_ends_at 
    from
        app_users au1_0 
    where
        upper(au1_0.email)=upper(?)
Hibernate: 
    select
        au1_0.id,
        au1_0.active,
        au1_0.created_at,
        au1_0.email,
        au1_0.name,
        au1_0.password_hash,
        au1_0.plan_type,
        au1_0.role,
        au1_0.subscription_ends_at,
        au1_0.subscription_source,
        au1_0.subscription_status,
        au1_0.trial_ends_at 
    from
        app_users au1_0 
    where
        upper(au1_0.email)=upper(?)
2026-03-27T20:52:30.422-03:00 DEBUG 25092 --- [ServiceGo] [nio-8080-exec-6] org.hibernate.SQL                        : 
    select
        t1_0.id,
        t1_0.actual_amount,
        t1_0.app_platform,
        t1_0.created_at,
        c1_0.id,
        c1_0.created_at,
        c1_0.email,
        c1_0.name,
        c1_0.notes,
        c1_0.owner_user_id,
        c1_0.phone,
        t1_0.destination,
        t1_0.distance_km,
        t1_0.end_at,
        t1_0.estimated_amount,
        t1_0.fuel_efficiency_km_liter,
        t1_0.fuel_price,
        t1_0.fuel_type,
        t1_0.notes,
        t1_0.origin,
        t1_0.start_at,
        t1_0.status,
        t1_0.toll_amount,
        t1_0.trip_type,
        v2_0.id,
        v2_0.ano,
        v2_0.ativo,
        v2_0.cor,
        v2_0.dono_usuario_id,
        dv2_0.id,
        dv2_0.active,
        dv2_0.created_at,
        dv2_0.email,
        dv2_0.name,
        dv2_0.password_hash,
        dv2_0.plan_type,
        dv2_0.role,
        dv2_0.subscription_ends_at,
        dv2_0.subscription_source,
        dv2_0.subscription_status,
        dv2_0.trial_ends_at,
        v2_0.km_atual,
        v2_0.modelo,
        v2_0.placa 
    from
        trips t1_0 
    left join
        veiculos v1_0 
            on v1_0.id=t1_0.vehicle_id 
    left join
        app_users dv1_0 
            on dv1_0.id=v1_0.dono_usuario_id 
    left join
        customers c1_0 
            on c1_0.id=t1_0.customer_id 
    left join
        veiculos v2_0 
            on v2_0.id=t1_0.vehicle_id 
    left join
        app_users dv2_0 
            on dv2_0.id=v2_0.dono_usuario_id 
    where
        t1_0.id=? 
        and dv1_0.id=?
Hibernate: 
    select
        t1_0.id,
        t1_0.actual_amount,
        t1_0.app_platform,
        t1_0.created_at,
        c1_0.id,
        c1_0.created_at,
        c1_0.email,
        c1_0.name,
        c1_0.notes,
        c1_0.owner_user_id,
        c1_0.phone,
        t1_0.destination,
        t1_0.distance_km,
        t1_0.end_at,
        t1_0.estimated_amount,
        t1_0.fuel_efficiency_km_liter,
        t1_0.fuel_price,
        t1_0.fuel_type,
        t1_0.notes,
        t1_0.origin,
        t1_0.start_at,
        t1_0.status,
        t1_0.toll_amount,
        t1_0.trip_type,
        v2_0.id,
        v2_0.ano,
        v2_0.ativo,
        v2_0.cor,
        v2_0.dono_usuario_id,
        dv2_0.id,
        dv2_0.active,
        dv2_0.created_at,
        dv2_0.email,
        dv2_0.name,
        dv2_0.password_hash,
        dv2_0.plan_type,
        dv2_0.role,
        dv2_0.subscription_ends_at,
        dv2_0.subscription_source,
        dv2_0.subscription_status,
        dv2_0.trial_ends_at,
        v2_0.km_atual,
        v2_0.modelo,
        v2_0.placa 
    from
        trips t1_0 
    left join
        veiculos v1_0 
            on v1_0.id=t1_0.vehicle_id 
    left join
        app_users dv1_0 
            on dv1_0.id=v1_0.dono_usuario_id 
    left join
        customers c1_0 
            on c1_0.id=t1_0.customer_id 
    left join
        veiculos v2_0 
            on v2_0.id=t1_0.vehicle_id 
    left join
        app_users dv2_0 
            on dv2_0.id=v2_0.dono_usuario_id 
    where
        t1_0.id=? 
        and dv1_0.id=?
2026-03-27T20:52:30.434-03:00 DEBUG 25092 --- [ServiceGo] [nio-8080-exec-6] org.hibernate.SQL                        : 
    select
        au1_0.id,
        au1_0.active,
        au1_0.created_at,
        au1_0.email,
        au1_0.name,
        au1_0.password_hash,
        au1_0.plan_type,
        au1_0.role,
        au1_0.subscription_ends_at,
        au1_0.subscription_source,
        au1_0.subscription_status,
        au1_0.trial_ends_at 
    from
        app_users au1_0 
    where
        upper(au1_0.email)=upper(?)
Hibernate: 
    select
        au1_0.id,
        au1_0.active,
        au1_0.created_at,
        au1_0.email,
        au1_0.name,
        au1_0.password_hash,
        au1_0.plan_type,
        au1_0.role,
        au1_0.subscription_ends_at,
        au1_0.subscription_source,
        au1_0.subscription_status,
        au1_0.trial_ends_at 
    from
        app_users au1_0 
    where
        upper(au1_0.email)=upper(?)
2026-03-27T20:52:30.439-03:00 DEBUG 25092 --- [ServiceGo] [nio-8080-exec-6] org.hibernate.SQL                        : 
    select
        c1_0.id,
        c1_0.created_at,
        c1_0.email,
        c1_0.name,
        c1_0.notes,
        c1_0.owner_user_id,
        c1_0.phone 
    from
        customers c1_0 
    where
        c1_0.id=? 
        and c1_0.owner_user_id=?
Hibernate: 
    select
        c1_0.id,
        c1_0.created_at,
        c1_0.email,
        c1_0.name,
        c1_0.notes,
        c1_0.owner_user_id,
        c1_0.phone 
    from
        customers c1_0 
    where
        c1_0.id=? 
        and c1_0.owner_user_id=?
2026-03-27T20:52:30.445-03:00 DEBUG 25092 --- [ServiceGo] [nio-8080-exec-6] org.hibernate.SQL                        : 
    select
        au1_0.id,
        au1_0.active,
        au1_0.created_at,
        au1_0.email,
        au1_0.name,
        au1_0.password_hash,
        au1_0.plan_type,
        au1_0.role,
        au1_0.subscription_ends_at,
        au1_0.subscription_source,
        au1_0.subscription_status,
        au1_0.trial_ends_at 
    from
        app_users au1_0 
    where
        upper(au1_0.email)=upper(?)
Hibernate: 
    select
        au1_0.id,
        au1_0.active,
        au1_0.created_at,
        au1_0.email,
        au1_0.name,
        au1_0.password_hash,
        au1_0.plan_type,
        au1_0.role,
        au1_0.subscription_ends_at,
        au1_0.subscription_source,
        au1_0.subscription_status,
        au1_0.trial_ends_at 
    from
        app_users au1_0 
    where
        upper(au1_0.email)=upper(?)
2026-03-27T20:52:30.453-03:00 DEBUG 25092 --- [ServiceGo] [nio-8080-exec-6] org.hibernate.SQL                        : 
    select
        v1_0.id,
        v1_0.ano,
        v1_0.ativo,
        v1_0.cor,
        v1_0.dono_usuario_id,
        dv1_0.id,
        dv1_0.active,
        dv1_0.created_at,
        dv1_0.email,
        dv1_0.name,
        dv1_0.password_hash,
        dv1_0.plan_type,
        dv1_0.role,
        dv1_0.subscription_ends_at,
        dv1_0.subscription_source,
        dv1_0.subscription_status,
        dv1_0.trial_ends_at,
        v1_0.km_atual,
        v1_0.modelo,
        v1_0.placa 
    from
        veiculos v1_0 
    join
        app_users dv1_0 
            on dv1_0.id=v1_0.dono_usuario_id 
    where
        v1_0.id=? 
        and v1_0.dono_usuario_id=?
Hibernate: 
    select
        v1_0.id,
        v1_0.ano,
        v1_0.ativo,
        v1_0.cor,
        v1_0.dono_usuario_id,
        dv1_0.id,
        dv1_0.active,
        dv1_0.created_at,
        dv1_0.email,
        dv1_0.name,
        dv1_0.password_hash,
        dv1_0.plan_type,
        dv1_0.role,
        dv1_0.subscription_ends_at,
        dv1_0.subscription_source,
        dv1_0.subscription_status,
        dv1_0.trial_ends_at,
        v1_0.km_atual,
        v1_0.modelo,
        v1_0.placa 
    from
        veiculos v1_0 
    join
        app_users dv1_0 
            on dv1_0.id=v1_0.dono_usuario_id 
    where
        v1_0.id=? 
        and v1_0.dono_usuario_id=?
2026-03-27T20:52:30.460-03:00 DEBUG 25092 --- [ServiceGo] [nio-8080-exec-6] org.hibernate.SQL                        : 
    select
        cu1_0.id,
        cu1_0.anos_base_depreciacao,
        cu1_0.depreciacao_alocacao,
        cu1_0.depreciacao_modo,
        cu1_0.fuel_efficiency_km_liter,
        cu1_0.fuel_price,
        cu1_0.fuel_type,
        cu1_0.fuso_horario,
        cu1_0.km_base_depreciacao,
        cu1_0.lembrete_ativo,
        cu1_0.meses_base_depreciacao,
        cu1_0.minutos_antecedencia_lembrete,
        cu1_0.sincronizar_calendario,
        cu1_0.usuario_id,
        cu1_0.valor_atual_veiculo,
        cu1_0.valor_estimado_veiculo,
        cu1_0.valor_manual_anual,
        cu1_0.valor_manual_mensal,
        cu1_0.valor_manual_por_km 
    from
        configuracoes_usuario cu1_0 
    where
        cu1_0.usuario_id=?
Hibernate: 
    select
        cu1_0.id,
        cu1_0.anos_base_depreciacao,
        cu1_0.depreciacao_alocacao,
        cu1_0.depreciacao_modo,
        cu1_0.fuel_efficiency_km_liter,
        cu1_0.fuel_price,
        cu1_0.fuel_type,
        cu1_0.fuso_horario,
        cu1_0.km_base_depreciacao,
        cu1_0.lembrete_ativo,
        cu1_0.meses_base_depreciacao,
        cu1_0.minutos_antecedencia_lembrete,
        cu1_0.sincronizar_calendario,
        cu1_0.usuario_id,
        cu1_0.valor_atual_veiculo,
        cu1_0.valor_estimado_veiculo,
        cu1_0.valor_manual_anual,
        cu1_0.valor_manual_mensal,
        cu1_0.valor_manual_por_km 
    from
        configuracoes_usuario cu1_0 
    where
        cu1_0.usuario_id=?
2026-03-27T20:52:30.472-03:00 DEBUG 25092 --- [ServiceGo] [nio-8080-exec-6] org.hibernate.SQL                        : 
    update
        trips 
    set
        actual_amount=?,
        app_platform=?,
        created_at=?,
        customer_id=?,
        destination=?,
        distance_km=?,
        end_at=?,
        estimated_amount=?,
        fuel_efficiency_km_liter=?,
        fuel_price=?,
        fuel_type=?,
        notes=?,
        origin=?,
        start_at=?,
        status=?,
        toll_amount=?,
        trip_type=?,
        vehicle_id=? 
    where
        id=?
Hibernate: 
    update
        trips 
    set
        actual_amount=?,
        app_platform=?,
        created_at=?,
        customer_id=?,
        destination=?,
        distance_km=?,
        end_at=?,
        estimated_amount=?,
        fuel_efficiency_km_liter=?,
        fuel_price=?,
        fuel_type=?,
        notes=?,
        origin=?,
        start_at=?,
        status=?,
        toll_amount=?,
        trip_type=?,
        vehicle_id=? 
    where
        id=?
2026-03-27T20:52:30.486-03:00 DEBUG 25092 --- [ServiceGo] [nio-8080-exec-6] org.hibernate.SQL                        : 
    select
        av1_0.id,
        av1_0.atualizado_em,
        av1_0.criado_em,
        av1_0.descricao,
        av1_0.fim_em,
        av1_0.fuso_horario,
        av1_0.id_evento_externo,
        av1_0.inicio_em,
        av1_0.lembrete_minutos,
        av1_0.local_evento,
        av1_0.status,
        av1_0.titulo,
        av1_0.trip_id,
        t1_0.id,
        t1_0.actual_amount,
        t1_0.app_platform,
        t1_0.created_at,
        t1_0.customer_id,
        t1_0.destination,
        t1_0.distance_km,
        t1_0.end_at,
        t1_0.estimated_amount,
        t1_0.fuel_efficiency_km_liter,
        t1_0.fuel_price,
        t1_0.fuel_type,
        t1_0.notes,
        t1_0.origin,
        t1_0.start_at,
        t1_0.status,
        t1_0.toll_amount,
        t1_0.trip_type,
        t1_0.vehicle_id,
        av1_0.usuario_id,
        u1_0.id,
        u1_0.active,
        u1_0.created_at,
        u1_0.email,
        u1_0.name,
        u1_0.password_hash,
        u1_0.plan_type,
        u1_0.role,
        u1_0.subscription_ends_at,
        u1_0.subscription_source,
        u1_0.subscription_status,
        u1_0.trial_ends_at 
    from
        agendamentos_viagem av1_0 
    join
        trips t1_0 
            on t1_0.id=av1_0.trip_id 
    join
        app_users u1_0 
            on u1_0.id=av1_0.usuario_id 
    where
        av1_0.trip_id=?
Hibernate: 
    select
        av1_0.id,
        av1_0.atualizado_em,
        av1_0.criado_em,
        av1_0.descricao,
        av1_0.fim_em,
        av1_0.fuso_horario,
        av1_0.id_evento_externo,
        av1_0.inicio_em,
        av1_0.lembrete_minutos,
        av1_0.local_evento,
        av1_0.status,
        av1_0.titulo,
        av1_0.trip_id,
        t1_0.id,
        t1_0.actual_amount,
        t1_0.app_platform,
        t1_0.created_at,
        t1_0.customer_id,
        t1_0.destination,
        t1_0.distance_km,
        t1_0.end_at,
        t1_0.estimated_amount,
        t1_0.fuel_efficiency_km_liter,
        t1_0.fuel_price,
        t1_0.fuel_type,
        t1_0.notes,
        t1_0.origin,
        t1_0.start_at,
        t1_0.status,
        t1_0.toll_amount,
        t1_0.trip_type,
        t1_0.vehicle_id,
        av1_0.usuario_id,
        u1_0.id,
        u1_0.active,
        u1_0.created_at,
        u1_0.email,
        u1_0.name,
        u1_0.password_hash,
        u1_0.plan_type,
        u1_0.role,
        u1_0.subscription_ends_at,
        u1_0.subscription_source,
        u1_0.subscription_status,
        u1_0.trial_ends_at 
    from
        agendamentos_viagem av1_0 
    join
        trips t1_0 
            on t1_0.id=av1_0.trip_id 
    join
        app_users u1_0 
            on u1_0.id=av1_0.usuario_id 
    where
        av1_0.trip_id=?
2026-03-27T20:52:30.507-03:00 DEBUG 25092 --- [ServiceGo] [nio-8080-exec-6] org.hibernate.SQL                        : 
    select
        e1_0.id,
        e1_0.amount,
        e1_0.category,
        e1_0.description,
        e1_0.occurred_at,
        t1_0.id,
        t1_0.actual_amount,
        t1_0.app_platform,
        t1_0.created_at,
        t1_0.customer_id,
        t1_0.destination,
        t1_0.distance_km,
        t1_0.end_at,
        t1_0.estimated_amount,
        t1_0.fuel_efficiency_km_liter,
        t1_0.fuel_price,
        t1_0.fuel_type,
        t1_0.notes,
        t1_0.origin,
        t1_0.start_at,
        t1_0.status,
        t1_0.toll_amount,
        t1_0.trip_type,
        t1_0.vehicle_id,
        v2_0.id,
        v2_0.ano,
        v2_0.ativo,
        v2_0.cor,
        v2_0.dono_usuario_id,
        v2_0.km_atual,
        v2_0.modelo,
        v2_0.placa 
    from
        expenses e1_0 
    left join
        trips t1_0 
            on t1_0.id=e1_0.trip_id 
    left join
        veiculos v2_0 
            on v2_0.id=e1_0.vehicle_id 
    where
        e1_0.trip_id=?
Hibernate: 
    select
        e1_0.id,
        e1_0.amount,
        e1_0.category,
        e1_0.description,
        e1_0.occurred_at,
        t1_0.id,
        t1_0.actual_amount,
        t1_0.app_platform,
        t1_0.created_at,
        t1_0.customer_id,
        t1_0.destination,
        t1_0.distance_km,
        t1_0.end_at,
        t1_0.estimated_amount,
        t1_0.fuel_efficiency_km_liter,
        t1_0.fuel_price,
        t1_0.fuel_type,
        t1_0.notes,
        t1_0.origin,
        t1_0.start_at,
        t1_0.status,
        t1_0.toll_amount,
        t1_0.trip_type,
        t1_0.vehicle_id,
        v2_0.id,
        v2_0.ano,
        v2_0.ativo,
        v2_0.cor,
        v2_0.dono_usuario_id,
        v2_0.km_atual,
        v2_0.modelo,
        v2_0.placa 
    from
        expenses e1_0 
    left join
        trips t1_0 
            on t1_0.id=e1_0.trip_id 
    left join
        veiculos v2_0 
            on v2_0.id=e1_0.vehicle_id 
    where
        e1_0.trip_id=?
2026-03-27T20:52:30.521-03:00 DEBUG 25092 --- [ServiceGo] [nio-8080-exec-6] org.hibernate.SQL                        : 
    insert 
    into
        expenses
        (amount, category, description, occurred_at, trip_id, vehicle_id) 
    values
        (?, ?, ?, ?, ?, ?)
Hibernate: 
    insert 
    into
        expenses
        (amount, category, description, occurred_at, trip_id, vehicle_id) 
    values
        (?, ?, ?, ?, ?, ?)
2026-03-27T20:52:30.530-03:00 DEBUG 25092 --- [ServiceGo] [nio-8080-exec-6] org.hibernate.SQL                        : 
    update
        agendamentos_viagem 
    set
        atualizado_em=?,
        criado_em=?,
        descricao=?,
        fim_em=?,
        fuso_horario=?,
        id_evento_externo=?,
        inicio_em=?,
        lembrete_minutos=?,
        local_evento=?,
        status=?,
        titulo=?,
        trip_id=?,
        usuario_id=? 
    where
        id=?
Hibernate: 
    update
        agendamentos_viagem 
    set
        atualizado_em=?,
        criado_em=?,
        descricao=?,
        fim_em=?,
        fuso_horario=?,
        id_evento_externo=?,
        inicio_em=?,
        lembrete_minutos=?,
        local_evento=?,
        status=?,
        titulo=?,
        trip_id=?,
        usuario_id=? 
    where
        id=?
2026-03-27T20:52:30.542-03:00 DEBUG 25092 --- [ServiceGo] [nio-8080-exec-6] m.m.a.RequestResponseBodyMethodProcessor : Using 'application/json', given [*/*] and supported [application/json, application/*+json, application/yaml]
2026-03-27T20:52:30.542-03:00 DEBUG 25092 --- [ServiceGo] [nio-8080-exec-6] m.m.a.RequestResponseBodyMethodProcessor : Writing [TripResponse[id=13, customerId=1, customerName=Cintra, veiculoId=1, veiculoPlaca=FNZ8D38, veiculoMod (truncated)...]
2026-03-27T20:52:30.545-03:00 DEBUG 25092 --- [ServiceGo] [nio-8080-exec-6] o.s.web.servlet.DispatcherServlet        : Completed 200 OK
2026-03-27T20:52:30.571-03:00 DEBUG 25092 --- [ServiceGo] [nio-8080-exec-1] org.hibernate.SQL                        : 
    select
        au1_0.id,
        au1_0.active,
        au1_0.created_at,
        au1_0.email,
        au1_0.name,
        au1_0.password_hash,
        au1_0.plan_type,
        au1_0.role,
        au1_0.subscription_ends_at,
        au1_0.subscription_source,
        au1_0.subscription_status,
        au1_0.trial_ends_at 
    from
        app_users au1_0 
    where
        upper(au1_0.email)=upper(?) 
        and au1_0.active=true
Hibernate: 
    select
        au1_0.id,
        au1_0.active,
        au1_0.created_at,
        au1_0.email,
        au1_0.name,
        au1_0.password_hash,
        au1_0.plan_type,
        au1_0.role,
        au1_0.subscription_ends_at,
        au1_0.subscription_source,
        au1_0.subscription_status,
        au1_0.trial_ends_at 
    from
        app_users au1_0 
    where
        upper(au1_0.email)=upper(?) 
        and au1_0.active=true
2026-03-27T20:52:30.582-03:00 DEBUG 25092 --- [ServiceGo] [nio-8080-exec-1] o.s.web.servlet.DispatcherServlet        : POST "/api/payments", parameters={}
2026-03-27T20:52:30.583-03:00 DEBUG 25092 --- [ServiceGo] [nio-8080-exec-1] s.w.s.m.m.a.RequestMappingHandlerMapping : Mapped to com.ServiceGo.api.controller.PaymentController#create(PaymentRequest, Authentication)
2026-03-27T20:52:30.621-03:00 DEBUG 25092 --- [ServiceGo] [nio-8080-exec-1] m.m.a.RequestResponseBodyMethodProcessor : Read "application/json;charset=UTF-8" to [PaymentRequest[tripId=13, customerId=1, method=PIX, status=PAGO, amount=60, pagamentoParcial=false,  (truncated)...]
2026-03-27T20:52:30.657-03:00 DEBUG 25092 --- [ServiceGo] [nio-8080-exec-1] org.hibernate.SQL                        : 
    select
        au1_0.id,
        au1_0.active,
        au1_0.created_at,
        au1_0.email,
        au1_0.name,
        au1_0.password_hash,
        au1_0.plan_type,
        au1_0.role,
        au1_0.subscription_ends_at,
        au1_0.subscription_source,
        au1_0.subscription_status,
        au1_0.trial_ends_at 
    from
        app_users au1_0 
    where
        upper(au1_0.email)=upper(?)
Hibernate: 
    select
        au1_0.id,
        au1_0.active,
        au1_0.created_at,
        au1_0.email,
        au1_0.name,
        au1_0.password_hash,
        au1_0.plan_type,
        au1_0.role,
        au1_0.subscription_ends_at,
        au1_0.subscription_source,
        au1_0.subscription_status,
        au1_0.trial_ends_at 
    from
        app_users au1_0 
    where
        upper(au1_0.email)=upper(?)
2026-03-27T20:52:30.669-03:00 DEBUG 25092 --- [ServiceGo] [nio-8080-exec-1] org.hibernate.SQL                        : 
    select
        t1_0.id,
        t1_0.actual_amount,
        t1_0.app_platform,
        t1_0.created_at,
        c1_0.id,
        c1_0.created_at,
        c1_0.email,
        c1_0.name,
        c1_0.notes,
        c1_0.owner_user_id,
        c1_0.phone,
        t1_0.destination,
        t1_0.distance_km,
        t1_0.end_at,
        t1_0.estimated_amount,
        t1_0.fuel_efficiency_km_liter,
        t1_0.fuel_price,
        t1_0.fuel_type,
        t1_0.notes,
        t1_0.origin,
        t1_0.start_at,
        t1_0.status,
        t1_0.toll_amount,
        t1_0.trip_type,
        v2_0.id,
        v2_0.ano,
        v2_0.ativo,
        v2_0.cor,
        v2_0.dono_usuario_id,
        dv2_0.id,
        dv2_0.active,
        dv2_0.created_at,
        dv2_0.email,
        dv2_0.name,
        dv2_0.password_hash,
        dv2_0.plan_type,
        dv2_0.role,
        dv2_0.subscription_ends_at,
        dv2_0.subscription_source,
        dv2_0.subscription_status,
        dv2_0.trial_ends_at,
        v2_0.km_atual,
        v2_0.modelo,
        v2_0.placa 
    from
        trips t1_0 
    left join
        veiculos v1_0 
            on v1_0.id=t1_0.vehicle_id 
    left join
        app_users dv1_0 
            on dv1_0.id=v1_0.dono_usuario_id 
    left join
        customers c1_0 
            on c1_0.id=t1_0.customer_id 
    left join
        veiculos v2_0 
            on v2_0.id=t1_0.vehicle_id 
    left join
        app_users dv2_0 
            on dv2_0.id=v2_0.dono_usuario_id 
    where
        t1_0.id=? 
        and dv1_0.id=?
Hibernate: 
    select
        t1_0.id,
        t1_0.actual_amount,
        t1_0.app_platform,
        t1_0.created_at,
        c1_0.id,
        c1_0.created_at,
        c1_0.email,
        c1_0.name,
        c1_0.notes,
        c1_0.owner_user_id,
        c1_0.phone,
        t1_0.destination,
        t1_0.distance_km,
        t1_0.end_at,
        t1_0.estimated_amount,
        t1_0.fuel_efficiency_km_liter,
        t1_0.fuel_price,
        t1_0.fuel_type,
        t1_0.notes,
        t1_0.origin,
        t1_0.start_at,
        t1_0.status,
        t1_0.toll_amount,
        t1_0.trip_type,
        v2_0.id,
        v2_0.ano,
        v2_0.ativo,
        v2_0.cor,
        v2_0.dono_usuario_id,
        dv2_0.id,
        dv2_0.active,
        dv2_0.created_at,
        dv2_0.email,
        dv2_0.name,
        dv2_0.password_hash,
        dv2_0.plan_type,
        dv2_0.role,
        dv2_0.subscription_ends_at,
        dv2_0.subscription_source,
        dv2_0.subscription_status,
        dv2_0.trial_ends_at,
        v2_0.km_atual,
        v2_0.modelo,
        v2_0.placa 
    from
        trips t1_0 
    left join
        veiculos v1_0 
            on v1_0.id=t1_0.vehicle_id 
    left join
        app_users dv1_0 
            on dv1_0.id=v1_0.dono_usuario_id 
    left join
        customers c1_0 
            on c1_0.id=t1_0.customer_id 
    left join
        veiculos v2_0 
            on v2_0.id=t1_0.vehicle_id 
    left join
        app_users dv2_0 
            on dv2_0.id=v2_0.dono_usuario_id 
    where
        t1_0.id=? 
        and dv1_0.id=?
2026-03-27T20:52:30.684-03:00 DEBUG 25092 --- [ServiceGo] [nio-8080-exec-1] org.hibernate.SQL                        : 
    select
        au1_0.id,
        au1_0.active,
        au1_0.created_at,
        au1_0.email,
        au1_0.name,
        au1_0.password_hash,
        au1_0.plan_type,
        au1_0.role,
        au1_0.subscription_ends_at,
        au1_0.subscription_source,
        au1_0.subscription_status,
        au1_0.trial_ends_at 
    from
        app_users au1_0 
    where
        upper(au1_0.email)=upper(?)
Hibernate: 
    select
        au1_0.id,
        au1_0.active,
        au1_0.created_at,
        au1_0.email,
        au1_0.name,
        au1_0.password_hash,
        au1_0.plan_type,
        au1_0.role,
        au1_0.subscription_ends_at,
        au1_0.subscription_source,
        au1_0.subscription_status,
        au1_0.trial_ends_at 
    from
        app_users au1_0 
    where
        upper(au1_0.email)=upper(?)
2026-03-27T20:52:30.689-03:00 DEBUG 25092 --- [ServiceGo] [nio-8080-exec-1] org.hibernate.SQL                        : 
    select
        c1_0.id,
        c1_0.created_at,
        c1_0.email,
        c1_0.name,
        c1_0.notes,
        c1_0.owner_user_id,
        c1_0.phone 
    from
        customers c1_0 
    where
        c1_0.id=? 
        and c1_0.owner_user_id=?
Hibernate: 
    select
        c1_0.id,
        c1_0.created_at,
        c1_0.email,
        c1_0.name,
        c1_0.notes,
        c1_0.owner_user_id,
        c1_0.phone 
    from
        customers c1_0 
    where
        c1_0.id=? 
        and c1_0.owner_user_id=?
2026-03-27T20:52:30.697-03:00 DEBUG 25092 --- [ServiceGo] [nio-8080-exec-1] org.hibernate.SQL                        : 
    insert 
    into
        payments
        (amount, customer_id, due_at, method, notes, numero_parcela, owner_user_id, pagamento_parcial, paid_at, reference_code, status, trip_id) 
    values
        (?, ?, ?, ?, ?, ?, ?, ?, ?, ?, ?, ?)
Hibernate: 
    insert 
    into
        payments
        (amount, customer_id, due_at, method, notes, numero_parcela, owner_user_id, pagamento_parcial, paid_at, reference_code, status, trip_id) 
    values
        (?, ?, ?, ?, ?, ?, ?, ?, ?, ?, ?, ?)
2026-03-27T20:52:30.716-03:00 DEBUG 25092 --- [ServiceGo] [nio-8080-exec-1] m.m.a.RequestResponseBodyMethodProcessor : Using 'application/json', given [*/*] and supported [application/json, application/*+json, application/yaml]
2026-03-27T20:52:30.716-03:00 DEBUG 25092 --- [ServiceGo] [nio-8080-exec-1] m.m.a.RequestResponseBodyMethodProcessor : Writing [PaymentResponse[id=9, tripId=13, customerId=1, method=PIX, status=PAGO, amount=60, pagamentoParcial= (truncated)...]
2026-03-27T20:52:30.723-03:00 DEBUG 25092 --- [ServiceGo] [nio-8080-exec-1] o.s.web.servlet.DispatcherServlet        : Completed 201 CREATED
2026-03-27T20:52:30.753-03:00 DEBUG 25092 --- [ServiceGo] [nio-8080-exec-8] org.hibernate.SQL                        : 
    select
        au1_0.id,
        au1_0.active,
        au1_0.created_at,
        au1_0.email,
        au1_0.name,
        au1_0.password_hash,
        au1_0.plan_type,
        au1_0.role,
        au1_0.subscription_ends_at,
        au1_0.subscription_source,
        au1_0.subscription_status,
        au1_0.trial_ends_at 
    from
        app_users au1_0 
    where
        upper(au1_0.email)=upper(?) 
        and au1_0.active=true
Hibernate: 
    select
        au1_0.id,
        au1_0.active,
        au1_0.created_at,
        au1_0.email,
        au1_0.name,
        au1_0.password_hash,
        au1_0.plan_type,
        au1_0.role,
        au1_0.subscription_ends_at,
        au1_0.subscription_source,
        au1_0.subscription_status,
        au1_0.trial_ends_at 
    from
        app_users au1_0 
    where
        upper(au1_0.email)=upper(?) 
        and au1_0.active=true
2026-03-27T20:52:30.753-03:00 DEBUG 25092 --- [ServiceGo] [nio-8080-exec-7] org.hibernate.SQL                        : 
    select
        au1_0.id,
        au1_0.active,
        au1_0.created_at,
        au1_0.email,
        au1_0.name,
        au1_0.password_hash,
        au1_0.plan_type,
        au1_0.role,
        au1_0.subscription_ends_at,
        au1_0.subscription_source,
        au1_0.subscription_status,
        au1_0.trial_ends_at 
    from
        app_users au1_0 
    where
        upper(au1_0.email)=upper(?) 
        and au1_0.active=true
Hibernate: 
    select
        au1_0.id,
        au1_0.active,
        au1_0.created_at,
        au1_0.email,
        au1_0.name,
        au1_0.password_hash,
        au1_0.plan_type,
        au1_0.role,
        au1_0.subscription_ends_at,
        au1_0.subscription_source,
        au1_0.subscription_status,
        au1_0.trial_ends_at 
    from
        app_users au1_0 
    where
        upper(au1_0.email)=upper(?) 
        and au1_0.active=true
2026-03-27T20:52:30.756-03:00 DEBUG 25092 --- [ServiceGo] [nio-8080-exec-9] org.hibernate.SQL                        : 
    select
        au1_0.id,
        au1_0.active,
        au1_0.created_at,
        au1_0.email,
        au1_0.name,
        au1_0.password_hash,
        au1_0.plan_type,
        au1_0.role,
        au1_0.subscription_ends_at,
        au1_0.subscription_source,
        au1_0.subscription_status,
        au1_0.trial_ends_at 
    from
        app_users au1_0 
    where
        upper(au1_0.email)=upper(?) 
        and au1_0.active=true
Hibernate: 
    select
        au1_0.id,
        au1_0.active,
        au1_0.created_at,
        au1_0.email,
        au1_0.name,
        au1_0.password_hash,
        au1_0.plan_type,
        au1_0.role,
        au1_0.subscription_ends_at,
        au1_0.subscription_source,
        au1_0.subscription_status,
        au1_0.trial_ends_at 
    from
        app_users au1_0 
    where
        upper(au1_0.email)=upper(?) 
        and au1_0.active=true
2026-03-27T20:52:30.761-03:00 DEBUG 25092 --- [ServiceGo] [nio-8080-exec-7] o.s.web.servlet.DispatcherServlet        : GET "/api/customers", parameters={}
2026-03-27T20:52:30.761-03:00 DEBUG 25092 --- [ServiceGo] [nio-8080-exec-8] o.s.web.servlet.DispatcherServlet        : GET "/api/trips", parameters={}
2026-03-27T20:52:30.763-03:00 DEBUG 25092 --- [ServiceGo] [nio-8080-exec-9] o.s.web.servlet.DispatcherServlet        : GET "/api/veiculos", parameters={}
2026-03-27T20:52:30.763-03:00 DEBUG 25092 --- [ServiceGo] [nio-8080-exec-7] s.w.s.m.m.a.RequestMappingHandlerMapping : Mapped to com.ServiceGo.api.controller.CustomerController#list(Authentication)
2026-03-27T20:52:30.763-03:00 DEBUG 25092 --- [ServiceGo] [nio-8080-exec-8] s.w.s.m.m.a.RequestMappingHandlerMapping : Mapped to com.ServiceGo.api.controller.TripController#list(Authentication)
2026-03-27T20:52:30.763-03:00 DEBUG 25092 --- [ServiceGo] [nio-8080-exec-9] s.w.s.m.m.a.RequestMappingHandlerMapping : Mapped to com.ServiceGo.api.controller.VeiculoController#list(Authentication)
2026-03-27T20:52:30.768-03:00 DEBUG 25092 --- [ServiceGo] [nio-8080-exec-8] org.hibernate.SQL                        : 
    select
        au1_0.id,
        au1_0.active,
        au1_0.created_at,
        au1_0.email,
        au1_0.name,
        au1_0.password_hash,
        au1_0.plan_type,
        au1_0.role,
        au1_0.subscription_ends_at,
        au1_0.subscription_source,
        au1_0.subscription_status,
        au1_0.trial_ends_at 
    from
        app_users au1_0 
    where
        upper(au1_0.email)=upper(?)
Hibernate: 
    select
        au1_0.id,
        au1_0.active,
        au1_0.created_at,
        au1_0.email,
        au1_0.name,
        au1_0.password_hash,
        au1_0.plan_type,
        au1_0.role,
        au1_0.subscription_ends_at,
        au1_0.subscription_source,
        au1_0.subscription_status,
        au1_0.trial_ends_at 
    from
        app_users au1_0 
    where
        upper(au1_0.email)=upper(?)
2026-03-27T20:52:30.768-03:00 DEBUG 25092 --- [ServiceGo] [nio-8080-exec-9] org.hibernate.SQL                        : 
    select
        au1_0.id,
        au1_0.active,
        au1_0.created_at,
        au1_0.email,
        au1_0.name,
        au1_0.password_hash,
        au1_0.plan_type,
        au1_0.role,
        au1_0.subscription_ends_at,
        au1_0.subscription_source,
        au1_0.subscription_status,
        au1_0.trial_ends_at 
    from
        app_users au1_0 
    where
        upper(au1_0.email)=upper(?)
Hibernate: 
    select
        au1_0.id,
        au1_0.active,
        au1_0.created_at,
        au1_0.email,
        au1_0.name,
        au1_0.password_hash,
        au1_0.plan_type,
        au1_0.role,
        au1_0.subscription_ends_at,
        au1_0.subscription_source,
        au1_0.subscription_status,
        au1_0.trial_ends_at 
    from
        app_users au1_0 
    where
        upper(au1_0.email)=upper(?)
2026-03-27T20:52:30.769-03:00 DEBUG 25092 --- [ServiceGo] [nio-8080-exec-7] org.hibernate.SQL                        : 
    select
        au1_0.id,
        au1_0.active,
        au1_0.created_at,
        au1_0.email,
        au1_0.name,
        au1_0.password_hash,
        au1_0.plan_type,
        au1_0.role,
        au1_0.subscription_ends_at,
        au1_0.subscription_source,
        au1_0.subscription_status,
        au1_0.trial_ends_at 
    from
        app_users au1_0 
    where
        upper(au1_0.email)=upper(?)
Hibernate: 
    select
        au1_0.id,
        au1_0.active,
        au1_0.created_at,
        au1_0.email,
        au1_0.name,
        au1_0.password_hash,
        au1_0.plan_type,
        au1_0.role,
        au1_0.subscription_ends_at,
        au1_0.subscription_source,
        au1_0.subscription_status,
        au1_0.trial_ends_at 
    from
        app_users au1_0 
    where
        upper(au1_0.email)=upper(?)
2026-03-27T20:52:30.784-03:00 DEBUG 25092 --- [ServiceGo] [nio-8080-exec-9] org.hibernate.SQL                        : 
    select
        v1_0.id,
        v1_0.ano,
        v1_0.ativo,
        v1_0.cor,
        v1_0.dono_usuario_id,
        dv1_0.id,
        dv1_0.active,
        dv1_0.created_at,
        dv1_0.email,
        dv1_0.name,
        dv1_0.password_hash,
        dv1_0.plan_type,
        dv1_0.role,
        dv1_0.subscription_ends_at,
        dv1_0.subscription_source,
        dv1_0.subscription_status,
        dv1_0.trial_ends_at,
        v1_0.km_atual,
        v1_0.modelo,
        v1_0.placa 
    from
        veiculos v1_0 
    join
        app_users dv1_0 
            on dv1_0.id=v1_0.dono_usuario_id 
    where
        v1_0.dono_usuario_id=? 
    order by
        v1_0.modelo
Hibernate: 
    select
        v1_0.id,
        v1_0.ano,
        v1_0.ativo,
        v1_0.cor,
        v1_0.dono_usuario_id,
        dv1_0.id,
        dv1_0.active,
        dv1_0.created_at,
        dv1_0.email,
        dv1_0.name,
        dv1_0.password_hash,
        dv1_0.plan_type,
        dv1_0.role,
        dv1_0.subscription_ends_at,
        dv1_0.subscription_source,
        dv1_0.subscription_status,
        dv1_0.trial_ends_at,
        v1_0.km_atual,
        v1_0.modelo,
        v1_0.placa 
    from
        veiculos v1_0 
    join
        app_users dv1_0 
            on dv1_0.id=v1_0.dono_usuario_id 
    where
        v1_0.dono_usuario_id=? 
    order by
        v1_0.modelo
2026-03-27T20:52:30.784-03:00 DEBUG 25092 --- [ServiceGo] [nio-8080-exec-7] org.hibernate.SQL                        : 
    select
        c1_0.id,
        c1_0.created_at,
        c1_0.email,
        c1_0.name,
        c1_0.notes,
        c1_0.owner_user_id,
        c1_0.phone 
    from
        customers c1_0 
    where
        c1_0.owner_user_id=? 
    order by
        c1_0.name
Hibernate: 
    select
        c1_0.id,
        c1_0.created_at,
        c1_0.email,
        c1_0.name,
        c1_0.notes,
        c1_0.owner_user_id,
        c1_0.phone 
    from
        customers c1_0 
    where
        c1_0.owner_user_id=? 
    order by
        c1_0.name
2026-03-27T20:52:30.787-03:00 DEBUG 25092 --- [ServiceGo] [nio-8080-exec-8] org.hibernate.SQL                        : 
    select
        t1_0.id,
        t1_0.actual_amount,
        t1_0.app_platform,
        t1_0.created_at,
        c1_0.id,
        c1_0.created_at,
        c1_0.email,
        c1_0.name,
        c1_0.notes,
        c1_0.owner_user_id,
        c1_0.phone,
        t1_0.destination,
        t1_0.distance_km,
        t1_0.end_at,
        t1_0.estimated_amount,
        t1_0.fuel_efficiency_km_liter,
        t1_0.fuel_price,
        t1_0.fuel_type,
        t1_0.notes,
        t1_0.origin,
        t1_0.start_at,
        t1_0.status,
        t1_0.toll_amount,
        t1_0.trip_type,
        v2_0.id,
        v2_0.ano,
        v2_0.ativo,
        v2_0.cor,
        v2_0.dono_usuario_id,
        dv2_0.id,
        dv2_0.active,
        dv2_0.created_at,
        dv2_0.email,
        dv2_0.name,
        dv2_0.password_hash,
        dv2_0.plan_type,
        dv2_0.role,
        dv2_0.subscription_ends_at,
        dv2_0.subscription_source,
        dv2_0.subscription_status,
        dv2_0.trial_ends_at,
        v2_0.km_atual,
        v2_0.modelo,
        v2_0.placa 
    from
        trips t1_0 
    left join
        veiculos v1_0 
            on v1_0.id=t1_0.vehicle_id 
    left join
        app_users dv1_0 
            on dv1_0.id=v1_0.dono_usuario_id 
    left join
        customers c1_0 
            on c1_0.id=t1_0.customer_id 
    left join
        veiculos v2_0 
            on v2_0.id=t1_0.vehicle_id 
    left join
        app_users dv2_0 
            on dv2_0.id=v2_0.dono_usuario_id 
    where
        dv1_0.id=? 
    order by
        t1_0.start_at desc
Hibernate: 
    select
        t1_0.id,
        t1_0.actual_amount,
        t1_0.app_platform,
        t1_0.created_at,
        c1_0.id,
        c1_0.created_at,
        c1_0.email,
        c1_0.name,
        c1_0.notes,
        c1_0.owner_user_id,
        c1_0.phone,
        t1_0.destination,
        t1_0.distance_km,
        t1_0.end_at,
        t1_0.estimated_amount,
        t1_0.fuel_efficiency_km_liter,
        t1_0.fuel_price,
        t1_0.fuel_type,
        t1_0.notes,
        t1_0.origin,
        t1_0.start_at,
        t1_0.status,
        t1_0.toll_amount,
        t1_0.trip_type,
        v2_0.id,
        v2_0.ano,
        v2_0.ativo,
        v2_0.cor,
        v2_0.dono_usuario_id,
        dv2_0.id,
        dv2_0.active,
        dv2_0.created_at,
        dv2_0.email,
        dv2_0.name,
        dv2_0.password_hash,
        dv2_0.plan_type,
        dv2_0.role,
        dv2_0.subscription_ends_at,
        dv2_0.subscription_source,
        dv2_0.subscription_status,
        dv2_0.trial_ends_at,
        v2_0.km_atual,
        v2_0.modelo,
        v2_0.placa 
    from
        trips t1_0 
    left join
        veiculos v1_0 
            on v1_0.id=t1_0.vehicle_id 
    left join
        app_users dv1_0 
            on dv1_0.id=v1_0.dono_usuario_id 
    left join
        customers c1_0 
            on c1_0.id=t1_0.customer_id 
    left join
        veiculos v2_0 
            on v2_0.id=t1_0.vehicle_id 
    left join
        app_users dv2_0 
            on dv2_0.id=v2_0.dono_usuario_id 
    where
        dv1_0.id=? 
    order by
        t1_0.start_at desc
2026-03-27T20:52:30.790-03:00 DEBUG 25092 --- [ServiceGo] [nio-8080-exec-7] m.m.a.RequestResponseBodyMethodProcessor : Using 'application/json', given [*/*] and supported [application/json, application/*+json, application/yaml]
2026-03-27T20:52:30.790-03:00 DEBUG 25092 --- [ServiceGo] [nio-8080-exec-7] m.m.a.RequestResponseBodyMethodProcessor : Writing [[CustomerResponse[id=1, name=Cintra, phone=22999999999, email=user@user.com, notes=testando, created (truncated)...]
2026-03-27T20:52:30.792-03:00 DEBUG 25092 --- [ServiceGo] [nio-8080-exec-9] m.m.a.RequestResponseBodyMethodProcessor : Using 'application/json', given [*/*] and supported [application/json, application/*+json, application/yaml]
2026-03-27T20:52:30.792-03:00 DEBUG 25092 --- [ServiceGo] [nio-8080-exec-9] m.m.a.RequestResponseBodyMethodProcessor : Writing [[VeiculoResponse[id=1, modelo=HB20S, placa=FNZ8D38, ano=2015, cor=Azul, ativo=true, kmAtual=145000.0 (truncated)...]
2026-03-27T20:52:30.793-03:00 DEBUG 25092 --- [ServiceGo] [nio-8080-exec-7] o.s.web.servlet.DispatcherServlet        : Completed 200 OK
2026-03-27T20:52:30.795-03:00 DEBUG 25092 --- [ServiceGo] [nio-8080-exec-9] o.s.web.servlet.DispatcherServlet        : Completed 200 OK
2026-03-27T20:52:30.800-03:00 DEBUG 25092 --- [ServiceGo] [nio-8080-exec-8] m.m.a.RequestResponseBodyMethodProcessor : Using 'application/json', given [*/*] and supported [application/json, application/*+json, application/yaml]
2026-03-27T20:52:30.801-03:00 DEBUG 25092 --- [ServiceGo] [nio-8080-exec-8] m.m.a.RequestResponseBodyMethodProcessor : Writing [[TripResponse[id=12, customerId=null, customerName=null, veiculoId=1, veiculoPlaca=FNZ8D38, veiculoM (truncated)...]
2026-03-27T20:52:30.803-03:00 DEBUG 25092 --- [ServiceGo] [nio-8080-exec-8] o.s.web.servlet.DispatcherServlet        : Completed 200 OK
2026-03-27T20:52:30.834-03:00 DEBUG 25092 --- [ServiceGo] [nio-8080-exec-4] org.hibernate.SQL                        : 
    select
        au1_0.id,
        au1_0.active,
        au1_0.created_at,
        au1_0.email,
        au1_0.name,
        au1_0.password_hash,
        au1_0.plan_type,
        au1_0.role,
        au1_0.subscription_ends_at,
        au1_0.subscription_source,
        au1_0.subscription_status,
        au1_0.trial_ends_at 
    from
        app_users au1_0 
    where
        upper(au1_0.email)=upper(?) 
        and au1_0.active=true
Hibernate: 
    select
        au1_0.id,
        au1_0.active,
        au1_0.created_at,
        au1_0.email,
        au1_0.name,
        au1_0.password_hash,
        au1_0.plan_type,
        au1_0.role,
        au1_0.subscription_ends_at,
        au1_0.subscription_source,
        au1_0.subscription_status,
        au1_0.trial_ends_at 
    from
        app_users au1_0 
    where
        upper(au1_0.email)=upper(?) 
        and au1_0.active=true
2026-03-27T20:52:30.843-03:00 DEBUG 25092 --- [ServiceGo] [nio-8080-exec-4] o.s.web.servlet.DispatcherServlet        : GET "/api/configuracoes-usuario/2", parameters={}
2026-03-27T20:52:30.845-03:00 DEBUG 25092 --- [ServiceGo] [nio-8080-exec-4] s.w.s.m.m.a.RequestMappingHandlerMapping : Mapped to com.ServiceGo.api.controller.ConfiguracaoUsuarioController#getByUsuario(Long)
2026-03-27T20:52:30.848-03:00 DEBUG 25092 --- [ServiceGo] [nio-8080-exec-4] org.hibernate.SQL                        : 
    select
        cu1_0.id,
        cu1_0.anos_base_depreciacao,
        cu1_0.depreciacao_alocacao,
        cu1_0.depreciacao_modo,
        cu1_0.fuel_efficiency_km_liter,
        cu1_0.fuel_price,
        cu1_0.fuel_type,
        cu1_0.fuso_horario,
        cu1_0.km_base_depreciacao,
        cu1_0.lembrete_ativo,
        cu1_0.meses_base_depreciacao,
        cu1_0.minutos_antecedencia_lembrete,
        cu1_0.sincronizar_calendario,
        cu1_0.usuario_id,
        cu1_0.valor_atual_veiculo,
        cu1_0.valor_estimado_veiculo,
        cu1_0.valor_manual_anual,
        cu1_0.valor_manual_mensal,
        cu1_0.valor_manual_por_km 
    from
        configuracoes_usuario cu1_0 
    where
        cu1_0.usuario_id=?
Hibernate: 
    select
        cu1_0.id,
        cu1_0.anos_base_depreciacao,
        cu1_0.depreciacao_alocacao,
        cu1_0.depreciacao_modo,
        cu1_0.fuel_efficiency_km_liter,
        cu1_0.fuel_price,
        cu1_0.fuel_type,
        cu1_0.fuso_horario,
        cu1_0.km_base_depreciacao,
        cu1_0.lembrete_ativo,
        cu1_0.meses_base_depreciacao,
        cu1_0.minutos_antecedencia_lembrete,
        cu1_0.sincronizar_calendario,
        cu1_0.usuario_id,
        cu1_0.valor_atual_veiculo,
        cu1_0.valor_estimado_veiculo,
        cu1_0.valor_manual_anual,
        cu1_0.valor_manual_mensal,
        cu1_0.valor_manual_por_km 
    from
        configuracoes_usuario cu1_0 
    where
        cu1_0.usuario_id=?
2026-03-27T20:52:30.851-03:00 DEBUG 25092 --- [ServiceGo] [nio-8080-exec-4] m.m.a.RequestResponseBodyMethodProcessor : Using 'application/json', given [*/*] and supported [application/json, application/*+json, application/yaml]
2026-03-27T20:52:30.851-03:00 DEBUG 25092 --- [ServiceGo] [nio-8080-exec-4] m.m.a.RequestResponseBodyMethodProcessor : Writing [ConfiguracaoUsuarioResponse[id=2, usuarioId=2, sincronizarCalendario=true, lembreteAtivo=true, minut (truncated)...]
2026-03-27T20:52:30.854-03:00 DEBUG 25092 --- [ServiceGo] [nio-8080-exec-4] o.s.web.servlet.DispatcherServlet        : Completed 200 OK
2026-03-27T20:52:34.443-03:00 DEBUG 25092 --- [ServiceGo] [nio-8080-exec-3] org.hibernate.SQL                        : 
    select
        au1_0.id,
        au1_0.active,
        au1_0.created_at,
        au1_0.email,
        au1_0.name,
        au1_0.password_hash,
        au1_0.plan_type,
        au1_0.role,
        au1_0.subscription_ends_at,
        au1_0.subscription_source,
        au1_0.subscription_status,
        au1_0.trial_ends_at 
    from
        app_users au1_0 
    where
        upper(au1_0.email)=upper(?) 
        and au1_0.active=true
Hibernate: 
    select
        au1_0.id,
        au1_0.active,
        au1_0.created_at,
        au1_0.email,
        au1_0.name,
        au1_0.password_hash,
        au1_0.plan_type,
        au1_0.role,
        au1_0.subscription_ends_at,
        au1_0.subscription_source,
        au1_0.subscription_status,
        au1_0.trial_ends_at 
    from
        app_users au1_0 
    where
        upper(au1_0.email)=upper(?) 
        and au1_0.active=true
2026-03-27T20:52:34.443-03:00 DEBUG 25092 --- [ServiceGo] [nio-8080-exec-2] org.hibernate.SQL                        : 
    select
        au1_0.id,
        au1_0.active,
        au1_0.created_at,
        au1_0.email,
        au1_0.name,
        au1_0.password_hash,
        au1_0.plan_type,
        au1_0.role,
        au1_0.subscription_ends_at,
        au1_0.subscription_source,
        au1_0.subscription_status,
        au1_0.trial_ends_at 
    from
        app_users au1_0 
    where
        upper(au1_0.email)=upper(?) 
        and au1_0.active=true
Hibernate: 
    select
        au1_0.id,
        au1_0.active,
        au1_0.created_at,
        au1_0.email,
        au1_0.name,
        au1_0.password_hash,
        au1_0.plan_type,
        au1_0.role,
        au1_0.subscription_ends_at,
        au1_0.subscription_source,
        au1_0.subscription_status,
        au1_0.trial_ends_at 
    from
        app_users au1_0 
    where
        upper(au1_0.email)=upper(?) 
        and au1_0.active=true
2026-03-27T20:52:34.443-03:00 DEBUG 25092 --- [ServiceGo] [nio-8080-exec-5] org.hibernate.SQL                        : 
    select
        au1_0.id,
        au1_0.active,
        au1_0.created_at,
        au1_0.email,
        au1_0.name,
        au1_0.password_hash,
        au1_0.plan_type,
        au1_0.role,
        au1_0.subscription_ends_at,
        au1_0.subscription_source,
        au1_0.subscription_status,
        au1_0.trial_ends_at 
    from
        app_users au1_0 
    where
        upper(au1_0.email)=upper(?) 
        and au1_0.active=true
Hibernate: 
    select
        au1_0.id,
        au1_0.active,
        au1_0.created_at,
        au1_0.email,
        au1_0.name,
        au1_0.password_hash,
        au1_0.plan_type,
        au1_0.role,
        au1_0.subscription_ends_at,
        au1_0.subscription_source,
        au1_0.subscription_status,
        au1_0.trial_ends_at 
    from
        app_users au1_0 
    where
        upper(au1_0.email)=upper(?) 
        and au1_0.active=true
2026-03-27T20:52:34.443-03:00 DEBUG 25092 --- [ServiceGo] [nio-8080-exec-6] org.hibernate.SQL                        : 
    select
        au1_0.id,
        au1_0.active,
        au1_0.created_at,
        au1_0.email,
        au1_0.name,
        au1_0.password_hash,
        au1_0.plan_type,
        au1_0.role,
        au1_0.subscription_ends_at,
        au1_0.subscription_source,
        au1_0.subscription_status,
        au1_0.trial_ends_at 
    from
        app_users au1_0 
    where
        upper(au1_0.email)=upper(?) 
        and au1_0.active=true
Hibernate: 
    select
        au1_0.id,
        au1_0.active,
        au1_0.created_at,
        au1_0.email,
        au1_0.name,
        au1_0.password_hash,
        au1_0.plan_type,
        au1_0.role,
        au1_0.subscription_ends_at,
        au1_0.subscription_source,
        au1_0.subscription_status,
        au1_0.trial_ends_at 
    from
        app_users au1_0 
    where
        upper(au1_0.email)=upper(?) 
        and au1_0.active=true
2026-03-27T20:52:34.445-03:00 DEBUG 25092 --- [ServiceGo] [io-8080-exec-10] org.hibernate.SQL                        : 
    select
        au1_0.id,
        au1_0.active,
        au1_0.created_at,
        au1_0.email,
        au1_0.name,
        au1_0.password_hash,
        au1_0.plan_type,
        au1_0.role,
        au1_0.subscription_ends_at,
        au1_0.subscription_source,
        au1_0.subscription_status,
        au1_0.trial_ends_at 
    from
        app_users au1_0 
    where
        upper(au1_0.email)=upper(?) 
        and au1_0.active=true
Hibernate: 
    select
        au1_0.id,
        au1_0.active,
        au1_0.created_at,
        au1_0.email,
        au1_0.name,
        au1_0.password_hash,
        au1_0.plan_type,
        au1_0.role,
        au1_0.subscription_ends_at,
        au1_0.subscription_source,
        au1_0.subscription_status,
        au1_0.trial_ends_at 
    from
        app_users au1_0 
    where
        upper(au1_0.email)=upper(?) 
        and au1_0.active=true
2026-03-27T20:52:34.454-03:00 DEBUG 25092 --- [ServiceGo] [nio-8080-exec-5] o.s.web.servlet.DispatcherServlet        : GET "/api/customers", parameters={}
2026-03-27T20:52:34.454-03:00 DEBUG 25092 --- [ServiceGo] [nio-8080-exec-6] o.s.web.servlet.DispatcherServlet        : GET "/api/veiculos", parameters={}
2026-03-27T20:52:34.454-03:00 DEBUG 25092 --- [ServiceGo] [nio-8080-exec-2] o.s.web.servlet.DispatcherServlet        : GET "/api/payments", parameters={}
2026-03-27T20:52:34.455-03:00 DEBUG 25092 --- [ServiceGo] [nio-8080-exec-3] o.s.web.servlet.DispatcherServlet        : GET "/api/expenses", parameters={}
2026-03-27T20:52:34.455-03:00 DEBUG 25092 --- [ServiceGo] [nio-8080-exec-5] s.w.s.m.m.a.RequestMappingHandlerMapping : Mapped to com.ServiceGo.api.controller.CustomerController#list(Authentication)
2026-03-27T20:52:34.456-03:00 DEBUG 25092 --- [ServiceGo] [nio-8080-exec-2] s.w.s.m.m.a.RequestMappingHandlerMapping : Mapped to com.ServiceGo.api.controller.PaymentController#list(Authentication)
2026-03-27T20:52:34.456-03:00 DEBUG 25092 --- [ServiceGo] [nio-8080-exec-6] s.w.s.m.m.a.RequestMappingHandlerMapping : Mapped to com.ServiceGo.api.controller.VeiculoController#list(Authentication)
2026-03-27T20:52:34.456-03:00 DEBUG 25092 --- [ServiceGo] [nio-8080-exec-3] s.w.s.m.m.a.RequestMappingHandlerMapping : Mapped to com.ServiceGo.api.controller.ExpenseController#list(Authentication)
2026-03-27T20:52:34.459-03:00 DEBUG 25092 --- [ServiceGo] [nio-8080-exec-6] org.hibernate.SQL                        : 
    select
        au1_0.id,
        au1_0.active,
        au1_0.created_at,
        au1_0.email,
        au1_0.name,
        au1_0.password_hash,
        au1_0.plan_type,
        au1_0.role,
        au1_0.subscription_ends_at,
        au1_0.subscription_source,
        au1_0.subscription_status,
        au1_0.trial_ends_at 
    from
        app_users au1_0 
    where
        upper(au1_0.email)=upper(?)
Hibernate: 
    select
        au1_0.id,
        au1_0.active,
        au1_0.created_at,
        au1_0.email,
        au1_0.name,
        au1_0.password_hash,
        au1_0.plan_type,
        au1_0.role,
        au1_0.subscription_ends_at,
        au1_0.subscription_source,
        au1_0.subscription_status,
        au1_0.trial_ends_at 
    from
        app_users au1_0 
    where
        upper(au1_0.email)=upper(?)
2026-03-27T20:52:34.459-03:00 DEBUG 25092 --- [ServiceGo] [nio-8080-exec-2] org.hibernate.SQL                        : 
    select
        au1_0.id,
        au1_0.active,
        au1_0.created_at,
        au1_0.email,
        au1_0.name,
        au1_0.password_hash,
        au1_0.plan_type,
        au1_0.role,
        au1_0.subscription_ends_at,
        au1_0.subscription_source,
        au1_0.subscription_status,
        au1_0.trial_ends_at 
    from
        app_users au1_0 
    where
        upper(au1_0.email)=upper(?)
Hibernate: 
    select
        au1_0.id,
        au1_0.active,
        au1_0.created_at,
        au1_0.email,
        au1_0.name,
        au1_0.password_hash,
        au1_0.plan_type,
        au1_0.role,
        au1_0.subscription_ends_at,
        au1_0.subscription_source,
        au1_0.subscription_status,
        au1_0.trial_ends_at 
    from
        app_users au1_0 
    where
        upper(au1_0.email)=upper(?)
2026-03-27T20:52:34.459-03:00 DEBUG 25092 --- [ServiceGo] [nio-8080-exec-5] org.hibernate.SQL                        : 
    select
        au1_0.id,
        au1_0.active,
        au1_0.created_at,
        au1_0.email,
        au1_0.name,
        au1_0.password_hash,
        au1_0.plan_type,
        au1_0.role,
        au1_0.subscription_ends_at,
        au1_0.subscription_source,
        au1_0.subscription_status,
        au1_0.trial_ends_at 
    from
        app_users au1_0 
    where
        upper(au1_0.email)=upper(?)
Hibernate: 
    select
        au1_0.id,
        au1_0.active,
        au1_0.created_at,
        au1_0.email,
        au1_0.name,
        au1_0.password_hash,
        au1_0.plan_type,
        au1_0.role,
        au1_0.subscription_ends_at,
        au1_0.subscription_source,
        au1_0.subscription_status,
        au1_0.trial_ends_at 
    from
        app_users au1_0 
    where
        upper(au1_0.email)=upper(?)
2026-03-27T20:52:34.459-03:00 DEBUG 25092 --- [ServiceGo] [nio-8080-exec-3] org.hibernate.SQL                        : 
    select
        au1_0.id,
        au1_0.active,
        au1_0.created_at,
        au1_0.email,
        au1_0.name,
        au1_0.password_hash,
        au1_0.plan_type,
        au1_0.role,
        au1_0.subscription_ends_at,
        au1_0.subscription_source,
        au1_0.subscription_status,
        au1_0.trial_ends_at 
    from
        app_users au1_0 
    where
        upper(au1_0.email)=upper(?)
Hibernate: 
    select
        au1_0.id,
        au1_0.active,
        au1_0.created_at,
        au1_0.email,
        au1_0.name,
        au1_0.password_hash,
        au1_0.plan_type,
        au1_0.role,
        au1_0.subscription_ends_at,
        au1_0.subscription_source,
        au1_0.subscription_status,
        au1_0.trial_ends_at 
    from
        app_users au1_0 
    where
        upper(au1_0.email)=upper(?)
2026-03-27T20:52:34.464-03:00 DEBUG 25092 --- [ServiceGo] [nio-8080-exec-5] org.hibernate.SQL                        : 
    select
        c1_0.id,
        c1_0.created_at,
        c1_0.email,
        c1_0.name,
        c1_0.notes,
        c1_0.owner_user_id,
        c1_0.phone 
    from
        customers c1_0 
    where
        c1_0.owner_user_id=? 
    order by
        c1_0.name
Hibernate: 
    select
        c1_0.id,
        c1_0.created_at,
        c1_0.email,
        c1_0.name,
        c1_0.notes,
        c1_0.owner_user_id,
        c1_0.phone 
    from
        customers c1_0 
    where
        c1_0.owner_user_id=? 
    order by
        c1_0.name
2026-03-27T20:52:34.467-03:00 DEBUG 25092 --- [ServiceGo] [io-8080-exec-10] o.s.web.servlet.DispatcherServlet        : GET "/api/trips", parameters={}
2026-03-27T20:52:34.468-03:00 DEBUG 25092 --- [ServiceGo] [nio-8080-exec-5] m.m.a.RequestResponseBodyMethodProcessor : Using 'application/json', given [*/*] and supported [application/json, application/*+json, application/yaml]
2026-03-27T20:52:34.469-03:00 DEBUG 25092 --- [ServiceGo] [nio-8080-exec-5] m.m.a.RequestResponseBodyMethodProcessor : Writing [[CustomerResponse[id=1, name=Cintra, phone=22999999999, email=user@user.com, notes=testando, created (truncated)...]
2026-03-27T20:52:34.469-03:00 DEBUG 25092 --- [ServiceGo] [nio-8080-exec-3] org.hibernate.SQL                        : 
    select
        au1_0.id,
        au1_0.active,
        au1_0.created_at,
        au1_0.email,
        au1_0.name,
        au1_0.password_hash,
        au1_0.plan_type,
        au1_0.role,
        au1_0.subscription_ends_at,
        au1_0.subscription_source,
        au1_0.subscription_status,
        au1_0.trial_ends_at 
    from
        app_users au1_0 
    where
        upper(au1_0.email)=upper(?)
Hibernate: 
    select
        au1_0.id,
        au1_0.active,
        au1_0.created_at,
        au1_0.email,
        au1_0.name,
        au1_0.password_hash,
        au1_0.plan_type,
        au1_0.role,
        au1_0.subscription_ends_at,
        au1_0.subscription_source,
        au1_0.subscription_status,
        au1_0.trial_ends_at 
    from
        app_users au1_0 
    where
        upper(au1_0.email)=upper(?)
2026-03-27T20:52:34.468-03:00 DEBUG 25092 --- [ServiceGo] [io-8080-exec-10] s.w.s.m.m.a.RequestMappingHandlerMapping : Mapped to com.ServiceGo.api.controller.TripController#list(Authentication)
2026-03-27T20:52:34.472-03:00 DEBUG 25092 --- [ServiceGo] [nio-8080-exec-6] org.hibernate.SQL                        : 
    select
        v1_0.id,
        v1_0.ano,
        v1_0.ativo,
        v1_0.cor,
        v1_0.dono_usuario_id,
        dv1_0.id,
        dv1_0.active,
        dv1_0.created_at,
        dv1_0.email,
        dv1_0.name,
        dv1_0.password_hash,
        dv1_0.plan_type,
        dv1_0.role,
        dv1_0.subscription_ends_at,
        dv1_0.subscription_source,
        dv1_0.subscription_status,
        dv1_0.trial_ends_at,
        v1_0.km_atual,
        v1_0.modelo,
        v1_0.placa 
    from
        veiculos v1_0 
    join
        app_users dv1_0 
            on dv1_0.id=v1_0.dono_usuario_id 
    where
        v1_0.dono_usuario_id=? 
    order by
        v1_0.modelo
Hibernate: 
    select
        v1_0.id,
        v1_0.ano,
        v1_0.ativo,
        v1_0.cor,
        v1_0.dono_usuario_id,
        dv1_0.id,
        dv1_0.active,
        dv1_0.created_at,
        dv1_0.email,
        dv1_0.name,
        dv1_0.password_hash,
        dv1_0.plan_type,
        dv1_0.role,
        dv1_0.subscription_ends_at,
        dv1_0.subscription_source,
        dv1_0.subscription_status,
        dv1_0.trial_ends_at,
        v1_0.km_atual,
        v1_0.modelo,
        v1_0.placa 
    from
        veiculos v1_0 
    join
        app_users dv1_0 
            on dv1_0.id=v1_0.dono_usuario_id 
    where
        v1_0.dono_usuario_id=? 
    order by
        v1_0.modelo
2026-03-27T20:52:34.473-03:00 DEBUG 25092 --- [ServiceGo] [nio-8080-exec-5] o.s.web.servlet.DispatcherServlet        : Completed 200 OK
2026-03-27T20:52:34.472-03:00 DEBUG 25092 --- [ServiceGo] [nio-8080-exec-2] org.hibernate.SQL                        : 
    select
        p1_0.id,
        p1_0.amount,
        c1_0.id,
        c1_0.created_at,
        c1_0.email,
        c1_0.name,
        c1_0.notes,
        c1_0.owner_user_id,
        c1_0.phone,
        p1_0.due_at,
        p1_0.method,
        p1_0.notes,
        p1_0.numero_parcela,
        p1_0.owner_user_id,
        ou2_0.id,
        ou2_0.active,
        ou2_0.created_at,
        ou2_0.email,
        ou2_0.name,
        ou2_0.password_hash,
        ou2_0.plan_type,
        ou2_0.role,
        ou2_0.subscription_ends_at,
        ou2_0.subscription_source,
        ou2_0.subscription_status,
        ou2_0.trial_ends_at,
        p1_0.pagamento_parcial,
        p1_0.paid_at,
        p1_0.reference_code,
        p1_0.status,
        t1_0.id,
        t1_0.actual_amount,
        t1_0.app_platform,
        t1_0.created_at,
        t1_0.customer_id,
        t1_0.destination,
        t1_0.distance_km,
        t1_0.end_at,
        t1_0.estimated_amount,
        t1_0.fuel_efficiency_km_liter,
        t1_0.fuel_price,
        t1_0.fuel_type,
        t1_0.notes,
        t1_0.origin,
        t1_0.start_at,
        t1_0.status,
        t1_0.toll_amount,
        t1_0.trip_type,
        t1_0.vehicle_id 
    from
        payments p1_0 
    left join
        customers c1_0 
            on c1_0.id=p1_0.customer_id 
    join
        app_users ou2_0 
            on ou2_0.id=p1_0.owner_user_id 
    left join
        trips t1_0 
            on t1_0.id=p1_0.trip_id 
    where
        p1_0.owner_user_id=? 
    order by
        p1_0.id desc
Hibernate: 
    select
        p1_0.id,
        p1_0.amount,
        c1_0.id,
        c1_0.created_at,
        c1_0.email,
        c1_0.name,
        c1_0.notes,
        c1_0.owner_user_id,
        c1_0.phone,
        p1_0.due_at,
        p1_0.method,
        p1_0.notes,
        p1_0.numero_parcela,
        p1_0.owner_user_id,
        ou2_0.id,
        ou2_0.active,
        ou2_0.created_at,
        ou2_0.email,
        ou2_0.name,
        ou2_0.password_hash,
        ou2_0.plan_type,
        ou2_0.role,
        ou2_0.subscription_ends_at,
        ou2_0.subscription_source,
        ou2_0.subscription_status,
        ou2_0.trial_ends_at,
        p1_0.pagamento_parcial,
        p1_0.paid_at,
        p1_0.reference_code,
        p1_0.status,
        t1_0.id,
        t1_0.actual_amount,
        t1_0.app_platform,
        t1_0.created_at,
        t1_0.customer_id,
        t1_0.destination,
        t1_0.distance_km,
        t1_0.end_at,
        t1_0.estimated_amount,
        t1_0.fuel_efficiency_km_liter,
        t1_0.fuel_price,
        t1_0.fuel_type,
        t1_0.notes,
        t1_0.origin,
        t1_0.start_at,
        t1_0.status,
        t1_0.toll_amount,
        t1_0.trip_type,
        t1_0.vehicle_id 
    from
        payments p1_0 
    left join
        customers c1_0 
            on c1_0.id=p1_0.customer_id 
    join
        app_users ou2_0 
            on ou2_0.id=p1_0.owner_user_id 
    left join
        trips t1_0 
            on t1_0.id=p1_0.trip_id 
    where
        p1_0.owner_user_id=? 
    order by
        p1_0.id desc
2026-03-27T20:52:34.476-03:00 DEBUG 25092 --- [ServiceGo] [io-8080-exec-10] org.hibernate.SQL                        : 
    select
        au1_0.id,
        au1_0.active,
        au1_0.created_at,
        au1_0.email,
        au1_0.name,
        au1_0.password_hash,
        au1_0.plan_type,
        au1_0.role,
        au1_0.subscription_ends_at,
        au1_0.subscription_source,
        au1_0.subscription_status,
        au1_0.trial_ends_at 
    from
        app_users au1_0 
    where
        upper(au1_0.email)=upper(?)
Hibernate: 
    select
        au1_0.id,
        au1_0.active,
        au1_0.created_at,
        au1_0.email,
        au1_0.name,
        au1_0.password_hash,
        au1_0.plan_type,
        au1_0.role,
        au1_0.subscription_ends_at,
        au1_0.subscription_source,
        au1_0.subscription_status,
        au1_0.trial_ends_at 
    from
        app_users au1_0 
    where
        upper(au1_0.email)=upper(?)
2026-03-27T20:52:34.482-03:00 DEBUG 25092 --- [ServiceGo] [nio-8080-exec-6] m.m.a.RequestResponseBodyMethodProcessor : Using 'application/json', given [*/*] and supported [application/json, application/*+json, application/yaml]
2026-03-27T20:52:34.485-03:00 DEBUG 25092 --- [ServiceGo] [nio-8080-exec-6] m.m.a.RequestResponseBodyMethodProcessor : Writing [[VeiculoResponse[id=1, modelo=HB20S, placa=FNZ8D38, ano=2015, cor=Azul, ativo=true, kmAtual=145000.0 (truncated)...]
2026-03-27T20:52:34.486-03:00 DEBUG 25092 --- [ServiceGo] [nio-8080-exec-6] o.s.web.servlet.DispatcherServlet        : Completed 200 OK
2026-03-27T20:52:34.492-03:00 DEBUG 25092 --- [ServiceGo] [nio-8080-exec-2] m.m.a.RequestResponseBodyMethodProcessor : Using 'application/json', given [*/*] and supported [application/json, application/*+json, application/yaml]
2026-03-27T20:52:34.492-03:00 DEBUG 25092 --- [ServiceGo] [nio-8080-exec-3] org.hibernate.SQL                        : 
    select
        e1_0.id,
        e1_0.amount,
        e1_0.category,
        e1_0.description,
        e1_0.occurred_at,
        t1_0.id,
        t1_0.actual_amount,
        t1_0.app_platform,
        t1_0.created_at,
        t1_0.customer_id,
        t1_0.destination,
        t1_0.distance_km,
        t1_0.end_at,
        t1_0.estimated_amount,
        t1_0.fuel_efficiency_km_liter,
        t1_0.fuel_price,
        t1_0.fuel_type,
        t1_0.notes,
        t1_0.origin,
        t1_0.start_at,
        t1_0.status,
        t1_0.toll_amount,
        t1_0.trip_type,
        t1_0.vehicle_id,
        v3_0.id,
        v3_0.ano,
        v3_0.ativo,
        v3_0.cor,
        v3_0.dono_usuario_id,
        v3_0.km_atual,
        v3_0.modelo,
        v3_0.placa 
    from
        expenses e1_0 
    left join
        veiculos v1_0 
            on v1_0.id=e1_0.vehicle_id 
    left join
        app_users dv1_0 
            on dv1_0.id=v1_0.dono_usuario_id 
    left join
        trips t1_0 
            on t1_0.id=e1_0.trip_id 
    left join
        veiculos v3_0 
            on v3_0.id=e1_0.vehicle_id 
    where
        dv1_0.id=? 
    order by
        e1_0.occurred_at desc
Hibernate: 
    select
        e1_0.id,
        e1_0.amount,
        e1_0.category,
        e1_0.description,
        e1_0.occurred_at,
        t1_0.id,
        t1_0.actual_amount,
        t1_0.app_platform,
        t1_0.created_at,
        t1_0.customer_id,
        t1_0.destination,
        t1_0.distance_km,
        t1_0.end_at,
        t1_0.estimated_amount,
        t1_0.fuel_efficiency_km_liter,
        t1_0.fuel_price,
        t1_0.fuel_type,
        t1_0.notes,
        t1_0.origin,
        t1_0.start_at,
        t1_0.status,
        t1_0.toll_amount,
        t1_0.trip_type,
        t1_0.vehicle_id,
        v3_0.id,
        v3_0.ano,
        v3_0.ativo,
        v3_0.cor,
        v3_0.dono_usuario_id,
        v3_0.km_atual,
        v3_0.modelo,
        v3_0.placa 
    from
        expenses e1_0 
    left join
        veiculos v1_0 
            on v1_0.id=e1_0.vehicle_id 
    left join
        app_users dv1_0 
            on dv1_0.id=v1_0.dono_usuario_id 
    left join
        trips t1_0 
            on t1_0.id=e1_0.trip_id 
    left join
        veiculos v3_0 
            on v3_0.id=e1_0.vehicle_id 
    where
        dv1_0.id=? 
    order by
        e1_0.occurred_at desc
2026-03-27T20:52:34.493-03:00 DEBUG 25092 --- [ServiceGo] [nio-8080-exec-2] m.m.a.RequestResponseBodyMethodProcessor : Writing [[PaymentResponse[id=9, tripId=13, customerId=1, method=PIX, status=PAGO, amount=60.00, pagamentoParc (truncated)...]
2026-03-27T20:52:34.497-03:00 DEBUG 25092 --- [ServiceGo] [io-8080-exec-10] org.hibernate.SQL                        : 
    select
        t1_0.id,
        t1_0.actual_amount,
        t1_0.app_platform,
        t1_0.created_at,
        c1_0.id,
        c1_0.created_at,
        c1_0.email,
        c1_0.name,
        c1_0.notes,
        c1_0.owner_user_id,
        c1_0.phone,
        t1_0.destination,
        t1_0.distance_km,
        t1_0.end_at,
        t1_0.estimated_amount,
        t1_0.fuel_efficiency_km_liter,
        t1_0.fuel_price,
        t1_0.fuel_type,
        t1_0.notes,
        t1_0.origin,
        t1_0.start_at,
        t1_0.status,
        t1_0.toll_amount,
        t1_0.trip_type,
        v2_0.id,
        v2_0.ano,
        v2_0.ativo,
        v2_0.cor,
        v2_0.dono_usuario_id,
        dv2_0.id,
        dv2_0.active,
        dv2_0.created_at,
        dv2_0.email,
        dv2_0.name,
        dv2_0.password_hash,
        dv2_0.plan_type,
        dv2_0.role,
        dv2_0.subscription_ends_at,
        dv2_0.subscription_source,
        dv2_0.subscription_status,
        dv2_0.trial_ends_at,
        v2_0.km_atual,
        v2_0.modelo,
        v2_0.placa 
    from
        trips t1_0 
    left join
        veiculos v1_0 
            on v1_0.id=t1_0.vehicle_id 
    left join
        app_users dv1_0 
            on dv1_0.id=v1_0.dono_usuario_id 
    left join
        customers c1_0 
            on c1_0.id=t1_0.customer_id 
    left join
        veiculos v2_0 
            on v2_0.id=t1_0.vehicle_id 
    left join
        app_users dv2_0 
            on dv2_0.id=v2_0.dono_usuario_id 
    where
        dv1_0.id=? 
    order by
        t1_0.start_at desc
Hibernate: 
    select
        t1_0.id,
        t1_0.actual_amount,
        t1_0.app_platform,
        t1_0.created_at,
        c1_0.id,
        c1_0.created_at,
        c1_0.email,
        c1_0.name,
        c1_0.notes,
        c1_0.owner_user_id,
        c1_0.phone,
        t1_0.destination,
        t1_0.distance_km,
        t1_0.end_at,
        t1_0.estimated_amount,
        t1_0.fuel_efficiency_km_liter,
        t1_0.fuel_price,
        t1_0.fuel_type,
        t1_0.notes,
        t1_0.origin,
        t1_0.start_at,
        t1_0.status,
        t1_0.toll_amount,
        t1_0.trip_type,
        v2_0.id,
        v2_0.ano,
        v2_0.ativo,
        v2_0.cor,
        v2_0.dono_usuario_id,
        dv2_0.id,
        dv2_0.active,
        dv2_0.created_at,
        dv2_0.email,
        dv2_0.name,
        dv2_0.password_hash,
        dv2_0.plan_type,
        dv2_0.role,
        dv2_0.subscription_ends_at,
        dv2_0.subscription_source,
        dv2_0.subscription_status,
        dv2_0.trial_ends_at,
        v2_0.km_atual,
        v2_0.modelo,
        v2_0.placa 
    from
        trips t1_0 
    left join
        veiculos v1_0 
            on v1_0.id=t1_0.vehicle_id 
    left join
        app_users dv1_0 
            on dv1_0.id=v1_0.dono_usuario_id 
    left join
        customers c1_0 
            on c1_0.id=t1_0.customer_id 
    left join
        veiculos v2_0 
            on v2_0.id=t1_0.vehicle_id 
    left join
        app_users dv2_0 
            on dv2_0.id=v2_0.dono_usuario_id 
    where
        dv1_0.id=? 
    order by
        t1_0.start_at desc
2026-03-27T20:52:34.497-03:00 DEBUG 25092 --- [ServiceGo] [nio-8080-exec-2] o.s.web.servlet.DispatcherServlet        : Completed 200 OK
2026-03-27T20:52:34.512-03:00 DEBUG 25092 --- [ServiceGo] [nio-8080-exec-3] m.m.a.RequestResponseBodyMethodProcessor : Using 'application/json', given [*/*] and supported [application/json, application/*+json, application/yaml]
2026-03-27T20:52:34.513-03:00 DEBUG 25092 --- [ServiceGo] [nio-8080-exec-3] m.m.a.RequestResponseBodyMethodProcessor : Writing [[ExpenseResponse[id=6, tripId=13, veiculoId=1, veiculoPlaca=FNZ8D38, category=PEDAGIO, amount=15.00, (truncated)...]
2026-03-27T20:52:34.516-03:00 DEBUG 25092 --- [ServiceGo] [nio-8080-exec-3] o.s.web.servlet.DispatcherServlet        : Completed 200 OK
2026-03-27T20:52:34.516-03:00 DEBUG 25092 --- [ServiceGo] [nio-8080-exec-1] org.hibernate.SQL                        : 
    select
        au1_0.id,
        au1_0.active,
        au1_0.created_at,
        au1_0.email,
        au1_0.name,
        au1_0.password_hash,
        au1_0.plan_type,
        au1_0.role,
        au1_0.subscription_ends_at,
        au1_0.subscription_source,
        au1_0.subscription_status,
        au1_0.trial_ends_at 
    from
        app_users au1_0 
    where
        upper(au1_0.email)=upper(?) 
        and au1_0.active=true
Hibernate: 
    select
        au1_0.id,
        au1_0.active,
        au1_0.created_at,
        au1_0.email,
        au1_0.name,
        au1_0.password_hash,
        au1_0.plan_type,
        au1_0.role,
        au1_0.subscription_ends_at,
        au1_0.subscription_source,
        au1_0.subscription_status,
        au1_0.trial_ends_at 
    from
        app_users au1_0 
    where
        upper(au1_0.email)=upper(?) 
        and au1_0.active=true
2026-03-27T20:52:34.522-03:00 DEBUG 25092 --- [ServiceGo] [nio-8080-exec-1] o.s.web.servlet.DispatcherServlet        : GET "/api/customers", parameters={}
2026-03-27T20:52:34.522-03:00 DEBUG 25092 --- [ServiceGo] [nio-8080-exec-1] s.w.s.m.m.a.RequestMappingHandlerMapping : Mapped to com.ServiceGo.api.controller.CustomerController#list(Authentication)
2026-03-27T20:52:34.527-03:00 DEBUG 25092 --- [ServiceGo] [nio-8080-exec-1] org.hibernate.SQL                        : 
    select
        au1_0.id,
        au1_0.active,
        au1_0.created_at,
        au1_0.email,
        au1_0.name,
        au1_0.password_hash,
        au1_0.plan_type,
        au1_0.role,
        au1_0.subscription_ends_at,
        au1_0.subscription_source,
        au1_0.subscription_status,
        au1_0.trial_ends_at 
    from
        app_users au1_0 
    where
        upper(au1_0.email)=upper(?)
Hibernate: 
    select
        au1_0.id,
        au1_0.active,
        au1_0.created_at,
        au1_0.email,
        au1_0.name,
        au1_0.password_hash,
        au1_0.plan_type,
        au1_0.role,
        au1_0.subscription_ends_at,
        au1_0.subscription_source,
        au1_0.subscription_status,
        au1_0.trial_ends_at 
    from
        app_users au1_0 
    where
        upper(au1_0.email)=upper(?)
2026-03-27T20:52:34.530-03:00 DEBUG 25092 --- [ServiceGo] [io-8080-exec-10] m.m.a.RequestResponseBodyMethodProcessor : Using 'application/json', given [*/*] and supported [application/json, application/*+json, application/yaml]
2026-03-27T20:52:34.532-03:00 DEBUG 25092 --- [ServiceGo] [io-8080-exec-10] m.m.a.RequestResponseBodyMethodProcessor : Writing [[TripResponse[id=12, customerId=null, customerName=null, veiculoId=1, veiculoPlaca=FNZ8D38, veiculoM (truncated)...]
2026-03-27T20:52:34.533-03:00 DEBUG 25092 --- [ServiceGo] [nio-8080-exec-1] org.hibernate.SQL                        : 
    select
        c1_0.id,
        c1_0.created_at,
        c1_0.email,
        c1_0.name,
        c1_0.notes,
        c1_0.owner_user_id,
        c1_0.phone 
    from
        customers c1_0 
    where
        c1_0.owner_user_id=? 
    order by
        c1_0.name
Hibernate: 
    select
        c1_0.id,
        c1_0.created_at,
        c1_0.email,
        c1_0.name,
        c1_0.notes,
        c1_0.owner_user_id,
        c1_0.phone 
    from
        customers c1_0 
    where
        c1_0.owner_user_id=? 
    order by
        c1_0.name
2026-03-27T20:52:34.536-03:00 DEBUG 25092 --- [ServiceGo] [nio-8080-exec-9] org.hibernate.SQL                        : 
    select
        au1_0.id,
        au1_0.active,
        au1_0.created_at,
        au1_0.email,
        au1_0.name,
        au1_0.password_hash,
        au1_0.plan_type,
        au1_0.role,
        au1_0.subscription_ends_at,
        au1_0.subscription_source,
        au1_0.subscription_status,
        au1_0.trial_ends_at 
    from
        app_users au1_0 
    where
        upper(au1_0.email)=upper(?) 
        and au1_0.active=true
Hibernate: 
    select
        au1_0.id,
        au1_0.active,
        au1_0.created_at,
        au1_0.email,
        au1_0.name,
        au1_0.password_hash,
        au1_0.plan_type,
        au1_0.role,
        au1_0.subscription_ends_at,
        au1_0.subscription_source,
        au1_0.subscription_status,
        au1_0.trial_ends_at 
    from
        app_users au1_0 
    where
        upper(au1_0.email)=upper(?) 
        and au1_0.active=true
2026-03-27T20:52:34.536-03:00 DEBUG 25092 --- [ServiceGo] [io-8080-exec-10] o.s.web.servlet.DispatcherServlet        : Completed 200 OK
2026-03-27T20:52:34.539-03:00 DEBUG 25092 --- [ServiceGo] [nio-8080-exec-1] m.m.a.RequestResponseBodyMethodProcessor : Using 'application/json', given [*/*] and supported [application/json, application/*+json, application/yaml]
2026-03-27T20:52:34.539-03:00 DEBUG 25092 --- [ServiceGo] [nio-8080-exec-1] m.m.a.RequestResponseBodyMethodProcessor : Writing [[CustomerResponse[id=1, name=Cintra, phone=22999999999, email=user@user.com, notes=testando, created (truncated)...]
2026-03-27T20:52:34.543-03:00 DEBUG 25092 --- [ServiceGo] [nio-8080-exec-1] o.s.web.servlet.DispatcherServlet        : Completed 200 OK
2026-03-27T20:52:34.545-03:00 DEBUG 25092 --- [ServiceGo] [nio-8080-exec-9] o.s.web.servlet.DispatcherServlet        : GET "/api/veiculos", parameters={}
2026-03-27T20:52:34.546-03:00 DEBUG 25092 --- [ServiceGo] [nio-8080-exec-9] s.w.s.m.m.a.RequestMappingHandlerMapping : Mapped to com.ServiceGo.api.controller.VeiculoController#list(Authentication)
2026-03-27T20:52:34.549-03:00 DEBUG 25092 --- [ServiceGo] [nio-8080-exec-7] org.hibernate.SQL                        : 
    select
        au1_0.id,
        au1_0.active,
        au1_0.created_at,
        au1_0.email,
        au1_0.name,
        au1_0.password_hash,
        au1_0.plan_type,
        au1_0.role,
        au1_0.subscription_ends_at,
        au1_0.subscription_source,
        au1_0.subscription_status,
        au1_0.trial_ends_at 
    from
        app_users au1_0 
    where
        upper(au1_0.email)=upper(?) 
        and au1_0.active=true
Hibernate: 
    select
        au1_0.id,
        au1_0.active,
        au1_0.created_at,
        au1_0.email,
        au1_0.name,
        au1_0.password_hash,
        au1_0.plan_type,
        au1_0.role,
        au1_0.subscription_ends_at,
        au1_0.subscription_source,
        au1_0.subscription_status,
        au1_0.trial_ends_at 
    from
        app_users au1_0 
    where
        upper(au1_0.email)=upper(?) 
        and au1_0.active=true
2026-03-27T20:52:34.551-03:00 DEBUG 25092 --- [ServiceGo] [nio-8080-exec-9] org.hibernate.SQL                        : 
    select
        au1_0.id,
        au1_0.active,
        au1_0.created_at,
        au1_0.email,
        au1_0.name,
        au1_0.password_hash,
        au1_0.plan_type,
        au1_0.role,
        au1_0.subscription_ends_at,
        au1_0.subscription_source,
        au1_0.subscription_status,
        au1_0.trial_ends_at 
    from
        app_users au1_0 
    where
        upper(au1_0.email)=upper(?)
Hibernate: 
    select
        au1_0.id,
        au1_0.active,
        au1_0.created_at,
        au1_0.email,
        au1_0.name,
        au1_0.password_hash,
        au1_0.plan_type,
        au1_0.role,
        au1_0.subscription_ends_at,
        au1_0.subscription_source,
        au1_0.subscription_status,
        au1_0.trial_ends_at 
    from
        app_users au1_0 
    where
        upper(au1_0.email)=upper(?)
2026-03-27T20:52:34.555-03:00 DEBUG 25092 --- [ServiceGo] [nio-8080-exec-7] o.s.web.servlet.DispatcherServlet        : GET "/api/payments", parameters={}
2026-03-27T20:52:34.556-03:00 DEBUG 25092 --- [ServiceGo] [nio-8080-exec-7] s.w.s.m.m.a.RequestMappingHandlerMapping : Mapped to com.ServiceGo.api.controller.PaymentController#list(Authentication)
2026-03-27T20:52:34.565-03:00 DEBUG 25092 --- [ServiceGo] [nio-8080-exec-7] org.hibernate.SQL                        : 
    select
        au1_0.id,
        au1_0.active,
        au1_0.created_at,
        au1_0.email,
        au1_0.name,
        au1_0.password_hash,
        au1_0.plan_type,
        au1_0.role,
        au1_0.subscription_ends_at,
        au1_0.subscription_source,
        au1_0.subscription_status,
        au1_0.trial_ends_at 
    from
        app_users au1_0 
    where
        upper(au1_0.email)=upper(?)
Hibernate: 
    select
        au1_0.id,
        au1_0.active,
        au1_0.created_at,
        au1_0.email,
        au1_0.name,
        au1_0.password_hash,
        au1_0.plan_type,
        au1_0.role,
        au1_0.subscription_ends_at,
        au1_0.subscription_source,
        au1_0.subscription_status,
        au1_0.trial_ends_at 
    from
        app_users au1_0 
    where
        upper(au1_0.email)=upper(?)
2026-03-27T20:52:34.569-03:00 DEBUG 25092 --- [ServiceGo] [nio-8080-exec-9] org.hibernate.SQL                        : 
    select
        v1_0.id,
        v1_0.ano,
        v1_0.ativo,
        v1_0.cor,
        v1_0.dono_usuario_id,
        dv1_0.id,
        dv1_0.active,
        dv1_0.created_at,
        dv1_0.email,
        dv1_0.name,
        dv1_0.password_hash,
        dv1_0.plan_type,
        dv1_0.role,
        dv1_0.subscription_ends_at,
        dv1_0.subscription_source,
        dv1_0.subscription_status,
        dv1_0.trial_ends_at,
        v1_0.km_atual,
        v1_0.modelo,
        v1_0.placa 
    from
        veiculos v1_0 
    join
        app_users dv1_0 
            on dv1_0.id=v1_0.dono_usuario_id 
    where
        v1_0.dono_usuario_id=? 
    order by
        v1_0.modelo
Hibernate: 
    select
        v1_0.id,
        v1_0.ano,
        v1_0.ativo,
        v1_0.cor,
        v1_0.dono_usuario_id,
        dv1_0.id,
        dv1_0.active,
        dv1_0.created_at,
        dv1_0.email,
        dv1_0.name,
        dv1_0.password_hash,
        dv1_0.plan_type,
        dv1_0.role,
        dv1_0.subscription_ends_at,
        dv1_0.subscription_source,
        dv1_0.subscription_status,
        dv1_0.trial_ends_at,
        v1_0.km_atual,
        v1_0.modelo,
        v1_0.placa 
    from
        veiculos v1_0 
    join
        app_users dv1_0 
            on dv1_0.id=v1_0.dono_usuario_id 
    where
        v1_0.dono_usuario_id=? 
    order by
        v1_0.modelo
2026-03-27T20:52:34.575-03:00 DEBUG 25092 --- [ServiceGo] [nio-8080-exec-8] org.hibernate.SQL                        : 
    select
        au1_0.id,
        au1_0.active,
        au1_0.created_at,
        au1_0.email,
        au1_0.name,
        au1_0.password_hash,
        au1_0.plan_type,
        au1_0.role,
        au1_0.subscription_ends_at,
        au1_0.subscription_source,
        au1_0.subscription_status,
        au1_0.trial_ends_at 
    from
        app_users au1_0 
    where
        upper(au1_0.email)=upper(?) 
        and au1_0.active=true
Hibernate: 
    select
        au1_0.id,
        au1_0.active,
        au1_0.created_at,
        au1_0.email,
        au1_0.name,
        au1_0.password_hash,
        au1_0.plan_type,
        au1_0.role,
        au1_0.subscription_ends_at,
        au1_0.subscription_source,
        au1_0.subscription_status,
        au1_0.trial_ends_at 
    from
        app_users au1_0 
    where
        upper(au1_0.email)=upper(?) 
        and au1_0.active=true
2026-03-27T20:52:34.573-03:00 DEBUG 25092 --- [ServiceGo] [nio-8080-exec-9] m.m.a.RequestResponseBodyMethodProcessor : Using 'application/json', given [*/*] and supported [application/json, application/*+json, application/yaml]
2026-03-27T20:52:34.577-03:00 DEBUG 25092 --- [ServiceGo] [nio-8080-exec-9] m.m.a.RequestResponseBodyMethodProcessor : Writing [[VeiculoResponse[id=1, modelo=HB20S, placa=FNZ8D38, ano=2015, cor=Azul, ativo=true, kmAtual=145000.0 (truncated)...]
2026-03-27T20:52:34.579-03:00 DEBUG 25092 --- [ServiceGo] [nio-8080-exec-9] o.s.web.servlet.DispatcherServlet        : Completed 200 OK
2026-03-27T20:52:34.580-03:00 DEBUG 25092 --- [ServiceGo] [nio-8080-exec-4] org.hibernate.SQL                        : 
    select
        au1_0.id,
        au1_0.active,
        au1_0.created_at,
        au1_0.email,
        au1_0.name,
        au1_0.password_hash,
        au1_0.plan_type,
        au1_0.role,
        au1_0.subscription_ends_at,
        au1_0.subscription_source,
        au1_0.subscription_status,
        au1_0.trial_ends_at 
    from
        app_users au1_0 
    where
        upper(au1_0.email)=upper(?) 
        and au1_0.active=true
Hibernate: 
    select
        au1_0.id,
        au1_0.active,
        au1_0.created_at,
        au1_0.email,
        au1_0.name,
        au1_0.password_hash,
        au1_0.plan_type,
        au1_0.role,
        au1_0.subscription_ends_at,
        au1_0.subscription_source,
        au1_0.subscription_status,
        au1_0.trial_ends_at 
    from
        app_users au1_0 
    where
        upper(au1_0.email)=upper(?) 
        and au1_0.active=true
2026-03-27T20:52:34.588-03:00 DEBUG 25092 --- [ServiceGo] [nio-8080-exec-7] org.hibernate.SQL                        : 
    select
        p1_0.id,
        p1_0.amount,
        c1_0.id,
        c1_0.created_at,
        c1_0.email,
        c1_0.name,
        c1_0.notes,
        c1_0.owner_user_id,
        c1_0.phone,
        p1_0.due_at,
        p1_0.method,
        p1_0.notes,
        p1_0.numero_parcela,
        p1_0.owner_user_id,
        ou2_0.id,
        ou2_0.active,
        ou2_0.created_at,
        ou2_0.email,
        ou2_0.name,
        ou2_0.password_hash,
        ou2_0.plan_type,
        ou2_0.role,
        ou2_0.subscription_ends_at,
        ou2_0.subscription_source,
        ou2_0.subscription_status,
        ou2_0.trial_ends_at,
        p1_0.pagamento_parcial,
        p1_0.paid_at,
        p1_0.reference_code,
        p1_0.status,
        t1_0.id,
        t1_0.actual_amount,
        t1_0.app_platform,
        t1_0.created_at,
        t1_0.customer_id,
        t1_0.destination,
        t1_0.distance_km,
        t1_0.end_at,
        t1_0.estimated_amount,
        t1_0.fuel_efficiency_km_liter,
        t1_0.fuel_price,
        t1_0.fuel_type,
        t1_0.notes,
        t1_0.origin,
        t1_0.start_at,
        t1_0.status,
        t1_0.toll_amount,
        t1_0.trip_type,
        t1_0.vehicle_id 
    from
        payments p1_0 
    left join
        customers c1_0 
            on c1_0.id=p1_0.customer_id 
    join
        app_users ou2_0 
            on ou2_0.id=p1_0.owner_user_id 
    left join
        trips t1_0 
            on t1_0.id=p1_0.trip_id 
    where
        p1_0.owner_user_id=? 
    order by
        p1_0.id desc
Hibernate: 
    select
        p1_0.id,
        p1_0.amount,
        c1_0.id,
        c1_0.created_at,
        c1_0.email,
        c1_0.name,
        c1_0.notes,
        c1_0.owner_user_id,
        c1_0.phone,
        p1_0.due_at,
        p1_0.method,
        p1_0.notes,
        p1_0.numero_parcela,
        p1_0.owner_user_id,
        ou2_0.id,
        ou2_0.active,
        ou2_0.created_at,
        ou2_0.email,
        ou2_0.name,
        ou2_0.password_hash,
        ou2_0.plan_type,
        ou2_0.role,
        ou2_0.subscription_ends_at,
        ou2_0.subscription_source,
        ou2_0.subscription_status,
        ou2_0.trial_ends_at,
        p1_0.pagamento_parcial,
        p1_0.paid_at,
        p1_0.reference_code,
        p1_0.status,
        t1_0.id,
        t1_0.actual_amount,
        t1_0.app_platform,
        t1_0.created_at,
        t1_0.customer_id,
        t1_0.destination,
        t1_0.distance_km,
        t1_0.end_at,
        t1_0.estimated_amount,
        t1_0.fuel_efficiency_km_liter,
        t1_0.fuel_price,
        t1_0.fuel_type,
        t1_0.notes,
        t1_0.origin,
        t1_0.start_at,
        t1_0.status,
        t1_0.toll_amount,
        t1_0.trip_type,
        t1_0.vehicle_id 
    from
        payments p1_0 
    left join
        customers c1_0 
            on c1_0.id=p1_0.customer_id 
    join
        app_users ou2_0 
            on ou2_0.id=p1_0.owner_user_id 
    left join
        trips t1_0 
            on t1_0.id=p1_0.trip_id 
    where
        p1_0.owner_user_id=? 
    order by
        p1_0.id desc
2026-03-27T20:52:34.593-03:00 DEBUG 25092 --- [ServiceGo] [nio-8080-exec-8] o.s.web.servlet.DispatcherServlet        : GET "/api/expenses", parameters={}
2026-03-27T20:52:34.593-03:00 DEBUG 25092 --- [ServiceGo] [nio-8080-exec-4] o.s.web.servlet.DispatcherServlet        : GET "/api/trips", parameters={}
2026-03-27T20:52:34.594-03:00 DEBUG 25092 --- [ServiceGo] [nio-8080-exec-8] s.w.s.m.m.a.RequestMappingHandlerMapping : Mapped to com.ServiceGo.api.controller.ExpenseController#list(Authentication)
2026-03-27T20:52:34.595-03:00 DEBUG 25092 --- [ServiceGo] [nio-8080-exec-4] s.w.s.m.m.a.RequestMappingHandlerMapping : Mapped to com.ServiceGo.api.controller.TripController#list(Authentication)
2026-03-27T20:52:34.599-03:00 DEBUG 25092 --- [ServiceGo] [nio-8080-exec-7] m.m.a.RequestResponseBodyMethodProcessor : Using 'application/json', given [*/*] and supported [application/json, application/*+json, application/yaml]
2026-03-27T20:52:34.599-03:00 DEBUG 25092 --- [ServiceGo] [nio-8080-exec-4] org.hibernate.SQL                        : 
    select
        au1_0.id,
        au1_0.active,
        au1_0.created_at,
        au1_0.email,
        au1_0.name,
        au1_0.password_hash,
        au1_0.plan_type,
        au1_0.role,
        au1_0.subscription_ends_at,
        au1_0.subscription_source,
        au1_0.subscription_status,
        au1_0.trial_ends_at 
    from
        app_users au1_0 
    where
        upper(au1_0.email)=upper(?)
Hibernate: 
    select
        au1_0.id,
        au1_0.active,
        au1_0.created_at,
        au1_0.email,
        au1_0.name,
        au1_0.password_hash,
        au1_0.plan_type,
        au1_0.role,
        au1_0.subscription_ends_at,
        au1_0.subscription_source,
        au1_0.subscription_status,
        au1_0.trial_ends_at 
    from
        app_users au1_0 
    where
        upper(au1_0.email)=upper(?)
2026-03-27T20:52:34.599-03:00 DEBUG 25092 --- [ServiceGo] [nio-8080-exec-8] org.hibernate.SQL                        : 
    select
        au1_0.id,
        au1_0.active,
        au1_0.created_at,
        au1_0.email,
        au1_0.name,
        au1_0.password_hash,
        au1_0.plan_type,
        au1_0.role,
        au1_0.subscription_ends_at,
        au1_0.subscription_source,
        au1_0.subscription_status,
        au1_0.trial_ends_at 
    from
        app_users au1_0 
    where
        upper(au1_0.email)=upper(?)
Hibernate: 
    select
        au1_0.id,
        au1_0.active,
        au1_0.created_at,
        au1_0.email,
        au1_0.name,
        au1_0.password_hash,
        au1_0.plan_type,
        au1_0.role,
        au1_0.subscription_ends_at,
        au1_0.subscription_source,
        au1_0.subscription_status,
        au1_0.trial_ends_at 
    from
        app_users au1_0 
    where
        upper(au1_0.email)=upper(?)
2026-03-27T20:52:34.599-03:00 DEBUG 25092 --- [ServiceGo] [nio-8080-exec-7] m.m.a.RequestResponseBodyMethodProcessor : Writing [[PaymentResponse[id=9, tripId=13, customerId=1, method=PIX, status=PAGO, amount=60.00, pagamentoParc (truncated)...]
2026-03-27T20:52:34.603-03:00 DEBUG 25092 --- [ServiceGo] [nio-8080-exec-7] o.s.web.servlet.DispatcherServlet        : Completed 200 OK
2026-03-27T20:52:34.613-03:00 DEBUG 25092 --- [ServiceGo] [nio-8080-exec-8] org.hibernate.SQL                        : 
    select
        au1_0.id,
        au1_0.active,
        au1_0.created_at,
        au1_0.email,
        au1_0.name,
        au1_0.password_hash,
        au1_0.plan_type,
        au1_0.role,
        au1_0.subscription_ends_at,
        au1_0.subscription_source,
        au1_0.subscription_status,
        au1_0.trial_ends_at 
    from
        app_users au1_0 
    where
        upper(au1_0.email)=upper(?)
Hibernate: 
    select
        au1_0.id,
        au1_0.active,
        au1_0.created_at,
        au1_0.email,
        au1_0.name,
        au1_0.password_hash,
        au1_0.plan_type,
        au1_0.role,
        au1_0.subscription_ends_at,
        au1_0.subscription_source,
        au1_0.subscription_status,
        au1_0.trial_ends_at 
    from
        app_users au1_0 
    where
        upper(au1_0.email)=upper(?)
2026-03-27T20:52:34.618-03:00 DEBUG 25092 --- [ServiceGo] [nio-8080-exec-4] org.hibernate.SQL                        : 
    select
        t1_0.id,
        t1_0.actual_amount,
        t1_0.app_platform,
        t1_0.created_at,
        c1_0.id,
        c1_0.created_at,
        c1_0.email,
        c1_0.name,
        c1_0.notes,
        c1_0.owner_user_id,
        c1_0.phone,
        t1_0.destination,
        t1_0.distance_km,
        t1_0.end_at,
        t1_0.estimated_amount,
        t1_0.fuel_efficiency_km_liter,
        t1_0.fuel_price,
        t1_0.fuel_type,
        t1_0.notes,
        t1_0.origin,
        t1_0.start_at,
        t1_0.status,
        t1_0.toll_amount,
        t1_0.trip_type,
        v2_0.id,
        v2_0.ano,
        v2_0.ativo,
        v2_0.cor,
        v2_0.dono_usuario_id,
        dv2_0.id,
        dv2_0.active,
        dv2_0.created_at,
        dv2_0.email,
        dv2_0.name,
        dv2_0.password_hash,
        dv2_0.plan_type,
        dv2_0.role,
        dv2_0.subscription_ends_at,
        dv2_0.subscription_source,
        dv2_0.subscription_status,
        dv2_0.trial_ends_at,
        v2_0.km_atual,
        v2_0.modelo,
        v2_0.placa 
    from
        trips t1_0 
    left join
        veiculos v1_0 
            on v1_0.id=t1_0.vehicle_id 
    left join
        app_users dv1_0 
            on dv1_0.id=v1_0.dono_usuario_id 
    left join
        customers c1_0 
            on c1_0.id=t1_0.customer_id 
    left join
        veiculos v2_0 
            on v2_0.id=t1_0.vehicle_id 
    left join
        app_users dv2_0 
            on dv2_0.id=v2_0.dono_usuario_id 
    where
        dv1_0.id=? 
    order by
        t1_0.start_at desc
Hibernate: 
    select
        t1_0.id,
        t1_0.actual_amount,
        t1_0.app_platform,
        t1_0.created_at,
        c1_0.id,
        c1_0.created_at,
        c1_0.email,
        c1_0.name,
        c1_0.notes,
        c1_0.owner_user_id,
        c1_0.phone,
        t1_0.destination,
        t1_0.distance_km,
        t1_0.end_at,
        t1_0.estimated_amount,
        t1_0.fuel_efficiency_km_liter,
        t1_0.fuel_price,
        t1_0.fuel_type,
        t1_0.notes,
        t1_0.origin,
        t1_0.start_at,
        t1_0.status,
        t1_0.toll_amount,
        t1_0.trip_type,
        v2_0.id,
        v2_0.ano,
        v2_0.ativo,
        v2_0.cor,
        v2_0.dono_usuario_id,
        dv2_0.id,
        dv2_0.active,
        dv2_0.created_at,
        dv2_0.email,
        dv2_0.name,
        dv2_0.password_hash,
        dv2_0.plan_type,
        dv2_0.role,
        dv2_0.subscription_ends_at,
        dv2_0.subscription_source,
        dv2_0.subscription_status,
        dv2_0.trial_ends_at,
        v2_0.km_atual,
        v2_0.modelo,
        v2_0.placa 
    from
        trips t1_0 
    left join
        veiculos v1_0 
            on v1_0.id=t1_0.vehicle_id 
    left join
        app_users dv1_0 
            on dv1_0.id=v1_0.dono_usuario_id 
    left join
        customers c1_0 
            on c1_0.id=t1_0.customer_id 
    left join
        veiculos v2_0 
            on v2_0.id=t1_0.vehicle_id 
    left join
        app_users dv2_0 
            on dv2_0.id=v2_0.dono_usuario_id 
    where
        dv1_0.id=? 
    order by
        t1_0.start_at desc
2026-03-27T20:52:34.624-03:00 DEBUG 25092 --- [ServiceGo] [nio-8080-exec-8] org.hibernate.SQL                        : 
    select
        e1_0.id,
        e1_0.amount,
        e1_0.category,
        e1_0.description,
        e1_0.occurred_at,
        t1_0.id,
        t1_0.actual_amount,
        t1_0.app_platform,
        t1_0.created_at,
        t1_0.customer_id,
        t1_0.destination,
        t1_0.distance_km,
        t1_0.end_at,
        t1_0.estimated_amount,
        t1_0.fuel_efficiency_km_liter,
        t1_0.fuel_price,
        t1_0.fuel_type,
        t1_0.notes,
        t1_0.origin,
        t1_0.start_at,
        t1_0.status,
        t1_0.toll_amount,
        t1_0.trip_type,
        t1_0.vehicle_id,
        v3_0.id,
        v3_0.ano,
        v3_0.ativo,
        v3_0.cor,
        v3_0.dono_usuario_id,
        v3_0.km_atual,
        v3_0.modelo,
        v3_0.placa 
    from
        expenses e1_0 
    left join
        veiculos v1_0 
            on v1_0.id=e1_0.vehicle_id 
    left join
        app_users dv1_0 
            on dv1_0.id=v1_0.dono_usuario_id 
    left join
        trips t1_0 
            on t1_0.id=e1_0.trip_id 
    left join
        veiculos v3_0 
            on v3_0.id=e1_0.vehicle_id 
    where
        dv1_0.id=? 
    order by
        e1_0.occurred_at desc
Hibernate: 
    select
        e1_0.id,
        e1_0.amount,
        e1_0.category,
        e1_0.description,
        e1_0.occurred_at,
        t1_0.id,
        t1_0.actual_amount,
        t1_0.app_platform,
        t1_0.created_at,
        t1_0.customer_id,
        t1_0.destination,
        t1_0.distance_km,
        t1_0.end_at,
        t1_0.estimated_amount,
        t1_0.fuel_efficiency_km_liter,
        t1_0.fuel_price,
        t1_0.fuel_type,
        t1_0.notes,
        t1_0.origin,
        t1_0.start_at,
        t1_0.status,
        t1_0.toll_amount,
        t1_0.trip_type,
        t1_0.vehicle_id,
        v3_0.id,
        v3_0.ano,
        v3_0.ativo,
        v3_0.cor,
        v3_0.dono_usuario_id,
        v3_0.km_atual,
        v3_0.modelo,
        v3_0.placa 
    from
        expenses e1_0 
    left join
        veiculos v1_0 
            on v1_0.id=e1_0.vehicle_id 
    left join
        app_users dv1_0 
            on dv1_0.id=v1_0.dono_usuario_id 
    left join
        trips t1_0 
            on t1_0.id=e1_0.trip_id 
    left join
        veiculos v3_0 
            on v3_0.id=e1_0.vehicle_id 
    where
        dv1_0.id=? 
    order by
        e1_0.occurred_at desc
2026-03-27T20:52:34.628-03:00 DEBUG 25092 --- [ServiceGo] [nio-8080-exec-4] m.m.a.RequestResponseBodyMethodProcessor : Using 'application/json', given [*/*] and supported [application/json, application/*+json, application/yaml]
2026-03-27T20:52:34.629-03:00 DEBUG 25092 --- [ServiceGo] [nio-8080-exec-4] m.m.a.RequestResponseBodyMethodProcessor : Writing [[TripResponse[id=12, customerId=null, customerName=null, veiculoId=1, veiculoPlaca=FNZ8D38, veiculoM (truncated)...]
2026-03-27T20:52:34.634-03:00 DEBUG 25092 --- [ServiceGo] [nio-8080-exec-4] o.s.web.servlet.DispatcherServlet        : Completed 200 OK
2026-03-27T20:52:34.634-03:00 DEBUG 25092 --- [ServiceGo] [nio-8080-exec-8] m.m.a.RequestResponseBodyMethodProcessor : Using 'application/json', given [*/*] and supported [application/json, application/*+json, application/yaml]
2026-03-27T20:52:34.634-03:00 DEBUG 25092 --- [ServiceGo] [nio-8080-exec-8] m.m.a.RequestResponseBodyMethodProcessor : Writing [[ExpenseResponse[id=6, tripId=13, veiculoId=1, veiculoPlaca=FNZ8D38, category=PEDAGIO, amount=15.00, (truncated)...]
2026-03-27T20:52:34.637-03:00 DEBUG 25092 --- [ServiceGo] [nio-8080-exec-8] o.s.web.servlet.DispatcherServlet        : Completed 200 OK
2026-03-27T20:52:40.841-03:00 DEBUG 25092 --- [ServiceGo] [nio-8080-exec-5] org.hibernate.SQL                        : 
    select
        au1_0.id,
        au1_0.active,
        au1_0.created_at,
        au1_0.email,
        au1_0.name,
        au1_0.password_hash,
        au1_0.plan_type,
        au1_0.role,
        au1_0.subscription_ends_at,
        au1_0.subscription_source,
        au1_0.subscription_status,
        au1_0.trial_ends_at 
    from
        app_users au1_0 
    where
        upper(au1_0.email)=upper(?) 
        and au1_0.active=true
Hibernate: 
    select
        au1_0.id,
        au1_0.active,
        au1_0.created_at,
        au1_0.email,
        au1_0.name,
        au1_0.password_hash,
        au1_0.plan_type,
        au1_0.role,
        au1_0.subscription_ends_at,
        au1_0.subscription_source,
        au1_0.subscription_status,
        au1_0.trial_ends_at 
    from
        app_users au1_0 
    where
        upper(au1_0.email)=upper(?) 
        and au1_0.active=true
2026-03-27T20:52:40.841-03:00 DEBUG 25092 --- [ServiceGo] [nio-8080-exec-6] org.hibernate.SQL                        : 
    select
        au1_0.id,
        au1_0.active,
        au1_0.created_at,
        au1_0.email,
        au1_0.name,
        au1_0.password_hash,
        au1_0.plan_type,
        au1_0.role,
        au1_0.subscription_ends_at,
        au1_0.subscription_source,
        au1_0.subscription_status,
        au1_0.trial_ends_at 
    from
        app_users au1_0 
    where
        upper(au1_0.email)=upper(?) 
        and au1_0.active=true
Hibernate: 
    select
        au1_0.id,
        au1_0.active,
        au1_0.created_at,
        au1_0.email,
        au1_0.name,
        au1_0.password_hash,
        au1_0.plan_type,
        au1_0.role,
        au1_0.subscription_ends_at,
        au1_0.subscription_source,
        au1_0.subscription_status,
        au1_0.trial_ends_at 
    from
        app_users au1_0 
    where
        upper(au1_0.email)=upper(?) 
        and au1_0.active=true
2026-03-27T20:52:40.849-03:00 DEBUG 25092 --- [ServiceGo] [nio-8080-exec-5] o.s.web.servlet.DispatcherServlet        : GET "/api/agendamentos", parameters={}
2026-03-27T20:52:40.849-03:00 DEBUG 25092 --- [ServiceGo] [nio-8080-exec-6] o.s.web.servlet.DispatcherServlet        : GET "/api/trips", parameters={}
2026-03-27T20:52:40.849-03:00 DEBUG 25092 --- [ServiceGo] [nio-8080-exec-5] s.w.s.m.m.a.RequestMappingHandlerMapping : Mapped to com.ServiceGo.api.controller.AgendamentoViagemController#list(Authentication)
2026-03-27T20:52:40.849-03:00 DEBUG 25092 --- [ServiceGo] [nio-8080-exec-6] s.w.s.m.m.a.RequestMappingHandlerMapping : Mapped to com.ServiceGo.api.controller.TripController#list(Authentication)
2026-03-27T20:52:40.852-03:00 DEBUG 25092 --- [ServiceGo] [nio-8080-exec-5] org.hibernate.SQL                        : 
    select
        au1_0.id,
        au1_0.active,
        au1_0.created_at,
        au1_0.email,
        au1_0.name,
        au1_0.password_hash,
        au1_0.plan_type,
        au1_0.role,
        au1_0.subscription_ends_at,
        au1_0.subscription_source,
        au1_0.subscription_status,
        au1_0.trial_ends_at 
    from
        app_users au1_0 
    where
        upper(au1_0.email)=upper(?)
Hibernate: 
    select
        au1_0.id,
        au1_0.active,
        au1_0.created_at,
        au1_0.email,
        au1_0.name,
        au1_0.password_hash,
        au1_0.plan_type,
        au1_0.role,
        au1_0.subscription_ends_at,
        au1_0.subscription_source,
        au1_0.subscription_status,
        au1_0.trial_ends_at 
    from
        app_users au1_0 
    where
        upper(au1_0.email)=upper(?)
2026-03-27T20:52:40.852-03:00 DEBUG 25092 --- [ServiceGo] [nio-8080-exec-6] org.hibernate.SQL                        : 
    select
        au1_0.id,
        au1_0.active,
        au1_0.created_at,
        au1_0.email,
        au1_0.name,
        au1_0.password_hash,
        au1_0.plan_type,
        au1_0.role,
        au1_0.subscription_ends_at,
        au1_0.subscription_source,
        au1_0.subscription_status,
        au1_0.trial_ends_at 
    from
        app_users au1_0 
    where
        upper(au1_0.email)=upper(?)
Hibernate: 
    select
        au1_0.id,
        au1_0.active,
        au1_0.created_at,
        au1_0.email,
        au1_0.name,
        au1_0.password_hash,
        au1_0.plan_type,
        au1_0.role,
        au1_0.subscription_ends_at,
        au1_0.subscription_source,
        au1_0.subscription_status,
        au1_0.trial_ends_at 
    from
        app_users au1_0 
    where
        upper(au1_0.email)=upper(?)
2026-03-27T20:52:40.863-03:00 DEBUG 25092 --- [ServiceGo] [nio-8080-exec-6] org.hibernate.SQL                        : 
    select
        t1_0.id,
        t1_0.actual_amount,
        t1_0.app_platform,
        t1_0.created_at,
        c1_0.id,
        c1_0.created_at,
        c1_0.email,
        c1_0.name,
        c1_0.notes,
        c1_0.owner_user_id,
        c1_0.phone,
        t1_0.destination,
        t1_0.distance_km,
        t1_0.end_at,
        t1_0.estimated_amount,
        t1_0.fuel_efficiency_km_liter,
        t1_0.fuel_price,
        t1_0.fuel_type,
        t1_0.notes,
        t1_0.origin,
        t1_0.start_at,
        t1_0.status,
        t1_0.toll_amount,
        t1_0.trip_type,
        v2_0.id,
        v2_0.ano,
        v2_0.ativo,
        v2_0.cor,
        v2_0.dono_usuario_id,
        dv2_0.id,
        dv2_0.active,
        dv2_0.created_at,
        dv2_0.email,
        dv2_0.name,
        dv2_0.password_hash,
        dv2_0.plan_type,
        dv2_0.role,
        dv2_0.subscription_ends_at,
        dv2_0.subscription_source,
        dv2_0.subscription_status,
        dv2_0.trial_ends_at,
        v2_0.km_atual,
        v2_0.modelo,
        v2_0.placa 
    from
        trips t1_0 
    left join
        veiculos v1_0 
            on v1_0.id=t1_0.vehicle_id 
    left join
        app_users dv1_0 
            on dv1_0.id=v1_0.dono_usuario_id 
    left join
        customers c1_0 
            on c1_0.id=t1_0.customer_id 
    left join
        veiculos v2_0 
            on v2_0.id=t1_0.vehicle_id 
    left join
        app_users dv2_0 
            on dv2_0.id=v2_0.dono_usuario_id 
    where
        dv1_0.id=? 
    order by
        t1_0.start_at desc
Hibernate: 
    select
        t1_0.id,
        t1_0.actual_amount,
        t1_0.app_platform,
        t1_0.created_at,
        c1_0.id,
        c1_0.created_at,
        c1_0.email,
        c1_0.name,
        c1_0.notes,
        c1_0.owner_user_id,
        c1_0.phone,
        t1_0.destination,
        t1_0.distance_km,
        t1_0.end_at,
        t1_0.estimated_amount,
        t1_0.fuel_efficiency_km_liter,
        t1_0.fuel_price,
        t1_0.fuel_type,
        t1_0.notes,
        t1_0.origin,
        t1_0.start_at,
        t1_0.status,
        t1_0.toll_amount,
        t1_0.trip_type,
        v2_0.id,
        v2_0.ano,
        v2_0.ativo,
        v2_0.cor,
        v2_0.dono_usuario_id,
        dv2_0.id,
        dv2_0.active,
        dv2_0.created_at,
        dv2_0.email,
        dv2_0.name,
        dv2_0.password_hash,
        dv2_0.plan_type,
        dv2_0.role,
        dv2_0.subscription_ends_at,
        dv2_0.subscription_source,
        dv2_0.subscription_status,
        dv2_0.trial_ends_at,
        v2_0.km_atual,
        v2_0.modelo,
        v2_0.placa 
    from
        trips t1_0 
    left join
        veiculos v1_0 
            on v1_0.id=t1_0.vehicle_id 
    left join
        app_users dv1_0 
            on dv1_0.id=v1_0.dono_usuario_id 
    left join
        customers c1_0 
            on c1_0.id=t1_0.customer_id 
    left join
        veiculos v2_0 
            on v2_0.id=t1_0.vehicle_id 
    left join
        app_users dv2_0 
            on dv2_0.id=v2_0.dono_usuario_id 
    where
        dv1_0.id=? 
    order by
        t1_0.start_at desc
2026-03-27T20:52:40.867-03:00 DEBUG 25092 --- [ServiceGo] [nio-8080-exec-5] org.hibernate.SQL                        : 
    select
        av1_0.id,
        av1_0.atualizado_em,
        av1_0.criado_em,
        av1_0.descricao,
        av1_0.fim_em,
        av1_0.fuso_horario,
        av1_0.id_evento_externo,
        av1_0.inicio_em,
        av1_0.lembrete_minutos,
        av1_0.local_evento,
        av1_0.status,
        av1_0.titulo,
        av1_0.trip_id,
        t1_0.id,
        t1_0.actual_amount,
        t1_0.app_platform,
        t1_0.created_at,
        t1_0.customer_id,
        t1_0.destination,
        t1_0.distance_km,
        t1_0.end_at,
        t1_0.estimated_amount,
        t1_0.fuel_efficiency_km_liter,
        t1_0.fuel_price,
        t1_0.fuel_type,
        t1_0.notes,
        t1_0.origin,
        t1_0.start_at,
        t1_0.status,
        t1_0.toll_amount,
        t1_0.trip_type,
        t1_0.vehicle_id,
        av1_0.usuario_id,
        u1_0.id,
        u1_0.active,
        u1_0.created_at,
        u1_0.email,
        u1_0.name,
        u1_0.password_hash,
        u1_0.plan_type,
        u1_0.role,
        u1_0.subscription_ends_at,
        u1_0.subscription_source,
        u1_0.subscription_status,
        u1_0.trial_ends_at 
    from
        agendamentos_viagem av1_0 
    join
        trips t1_0 
            on t1_0.id=av1_0.trip_id 
    join
        app_users u1_0 
            on u1_0.id=av1_0.usuario_id 
    where
        av1_0.usuario_id=? 
    order by
        av1_0.inicio_em desc
Hibernate: 
    select
        av1_0.id,
        av1_0.atualizado_em,
        av1_0.criado_em,
        av1_0.descricao,
        av1_0.fim_em,
        av1_0.fuso_horario,
        av1_0.id_evento_externo,
        av1_0.inicio_em,
        av1_0.lembrete_minutos,
        av1_0.local_evento,
        av1_0.status,
        av1_0.titulo,
        av1_0.trip_id,
        t1_0.id,
        t1_0.actual_amount,
        t1_0.app_platform,
        t1_0.created_at,
        t1_0.customer_id,
        t1_0.destination,
        t1_0.distance_km,
        t1_0.end_at,
        t1_0.estimated_amount,
        t1_0.fuel_efficiency_km_liter,
        t1_0.fuel_price,
        t1_0.fuel_type,
        t1_0.notes,
        t1_0.origin,
        t1_0.start_at,
        t1_0.status,
        t1_0.toll_amount,
        t1_0.trip_type,
        t1_0.vehicle_id,
        av1_0.usuario_id,
        u1_0.id,
        u1_0.active,
        u1_0.created_at,
        u1_0.email,
        u1_0.name,
        u1_0.password_hash,
        u1_0.plan_type,
        u1_0.role,
        u1_0.subscription_ends_at,
        u1_0.subscription_source,
        u1_0.subscription_status,
        u1_0.trial_ends_at 
    from
        agendamentos_viagem av1_0 
    join
        trips t1_0 
            on t1_0.id=av1_0.trip_id 
    join
        app_users u1_0 
            on u1_0.id=av1_0.usuario_id 
    where
        av1_0.usuario_id=? 
    order by
        av1_0.inicio_em desc
2026-03-27T20:52:40.870-03:00 DEBUG 25092 --- [ServiceGo] [nio-8080-exec-6] m.m.a.RequestResponseBodyMethodProcessor : Using 'application/json', given [*/*] and supported [application/json, application/*+json, application/yaml]
2026-03-27T20:52:40.875-03:00 DEBUG 25092 --- [ServiceGo] [nio-8080-exec-6] m.m.a.RequestResponseBodyMethodProcessor : Writing [[TripResponse[id=12, customerId=null, customerName=null, veiculoId=1, veiculoPlaca=FNZ8D38, veiculoM (truncated)...]
2026-03-27T20:52:40.881-03:00 DEBUG 25092 --- [ServiceGo] [nio-8080-exec-6] o.s.web.servlet.DispatcherServlet        : Completed 200 OK
2026-03-27T20:52:40.884-03:00 DEBUG 25092 --- [ServiceGo] [nio-8080-exec-5] m.m.a.RequestResponseBodyMethodProcessor : Using 'application/json', given [*/*] and supported [application/json, application/*+json, application/yaml]
2026-03-27T20:52:40.884-03:00 DEBUG 25092 --- [ServiceGo] [nio-8080-exec-5] m.m.a.RequestResponseBodyMethodProcessor : Writing [[AgendamentoViagemResponse[id=13, tripId=12, usuarioId=2, usuarioNome=Eber Cintra, titulo=TESTE PEDA (truncated)...]
2026-03-27T20:52:40.889-03:00 DEBUG 25092 --- [ServiceGo] [nio-8080-exec-5] o.s.web.servlet.DispatcherServlet        : Completed 200 OK
2026-03-27T20:52:40.910-03:00 DEBUG 25092 --- [ServiceGo] [nio-8080-exec-2] org.hibernate.SQL                        : 
    select
        au1_0.id,
        au1_0.active,
        au1_0.created_at,
        au1_0.email,
        au1_0.name,
        au1_0.password_hash,
        au1_0.plan_type,
        au1_0.role,
        au1_0.subscription_ends_at,
        au1_0.subscription_source,
        au1_0.subscription_status,
        au1_0.trial_ends_at 
    from
        app_users au1_0 
    where
        upper(au1_0.email)=upper(?) 
        and au1_0.active=true
Hibernate: 
    select
        au1_0.id,
        au1_0.active,
        au1_0.created_at,
        au1_0.email,
        au1_0.name,
        au1_0.password_hash,
        au1_0.plan_type,
        au1_0.role,
        au1_0.subscription_ends_at,
        au1_0.subscription_source,
        au1_0.subscription_status,
        au1_0.trial_ends_at 
    from
        app_users au1_0 
    where
        upper(au1_0.email)=upper(?) 
        and au1_0.active=true
2026-03-27T20:52:40.916-03:00 DEBUG 25092 --- [ServiceGo] [nio-8080-exec-3] org.hibernate.SQL                        : 
    select
        au1_0.id,
        au1_0.active,
        au1_0.created_at,
        au1_0.email,
        au1_0.name,
        au1_0.password_hash,
        au1_0.plan_type,
        au1_0.role,
        au1_0.subscription_ends_at,
        au1_0.subscription_source,
        au1_0.subscription_status,
        au1_0.trial_ends_at 
    from
        app_users au1_0 
    where
        upper(au1_0.email)=upper(?) 
        and au1_0.active=true
Hibernate: 
    select
        au1_0.id,
        au1_0.active,
        au1_0.created_at,
        au1_0.email,
        au1_0.name,
        au1_0.password_hash,
        au1_0.plan_type,
        au1_0.role,
        au1_0.subscription_ends_at,
        au1_0.subscription_source,
        au1_0.subscription_status,
        au1_0.trial_ends_at 
    from
        app_users au1_0 
    where
        upper(au1_0.email)=upper(?) 
        and au1_0.active=true
2026-03-27T20:52:40.916-03:00 DEBUG 25092 --- [ServiceGo] [nio-8080-exec-2] o.s.web.servlet.DispatcherServlet        : GET "/api/trips", parameters={}
2026-03-27T20:52:40.918-03:00 DEBUG 25092 --- [ServiceGo] [nio-8080-exec-2] s.w.s.m.m.a.RequestMappingHandlerMapping : Mapped to com.ServiceGo.api.controller.TripController#list(Authentication)
2026-03-27T20:52:40.921-03:00 DEBUG 25092 --- [ServiceGo] [nio-8080-exec-2] org.hibernate.SQL                        : 
    select
        au1_0.id,
        au1_0.active,
        au1_0.created_at,
        au1_0.email,
        au1_0.name,
        au1_0.password_hash,
        au1_0.plan_type,
        au1_0.role,
        au1_0.subscription_ends_at,
        au1_0.subscription_source,
        au1_0.subscription_status,
        au1_0.trial_ends_at 
    from
        app_users au1_0 
    where
        upper(au1_0.email)=upper(?)
Hibernate: 
    select
        au1_0.id,
        au1_0.active,
        au1_0.created_at,
        au1_0.email,
        au1_0.name,
        au1_0.password_hash,
        au1_0.plan_type,
        au1_0.role,
        au1_0.subscription_ends_at,
        au1_0.subscription_source,
        au1_0.subscription_status,
        au1_0.trial_ends_at 
    from
        app_users au1_0 
    where
        upper(au1_0.email)=upper(?)
2026-03-27T20:52:40.923-03:00 DEBUG 25092 --- [ServiceGo] [nio-8080-exec-3] o.s.web.servlet.DispatcherServlet        : GET "/api/agendamentos", parameters={}
2026-03-27T20:52:40.925-03:00 DEBUG 25092 --- [ServiceGo] [nio-8080-exec-3] s.w.s.m.m.a.RequestMappingHandlerMapping : Mapped to com.ServiceGo.api.controller.AgendamentoViagemController#list(Authentication)
2026-03-27T20:52:40.931-03:00 DEBUG 25092 --- [ServiceGo] [nio-8080-exec-3] org.hibernate.SQL                        : 
    select
        au1_0.id,
        au1_0.active,
        au1_0.created_at,
        au1_0.email,
        au1_0.name,
        au1_0.password_hash,
        au1_0.plan_type,
        au1_0.role,
        au1_0.subscription_ends_at,
        au1_0.subscription_source,
        au1_0.subscription_status,
        au1_0.trial_ends_at 
    from
        app_users au1_0 
    where
        upper(au1_0.email)=upper(?)
Hibernate: 
    select
        au1_0.id,
        au1_0.active,
        au1_0.created_at,
        au1_0.email,
        au1_0.name,
        au1_0.password_hash,
        au1_0.plan_type,
        au1_0.role,
        au1_0.subscription_ends_at,
        au1_0.subscription_source,
        au1_0.subscription_status,
        au1_0.trial_ends_at 
    from
        app_users au1_0 
    where
        upper(au1_0.email)=upper(?)
2026-03-27T20:52:40.934-03:00 DEBUG 25092 --- [ServiceGo] [nio-8080-exec-2] org.hibernate.SQL                        : 
    select
        t1_0.id,
        t1_0.actual_amount,
        t1_0.app_platform,
        t1_0.created_at,
        c1_0.id,
        c1_0.created_at,
        c1_0.email,
        c1_0.name,
        c1_0.notes,
        c1_0.owner_user_id,
        c1_0.phone,
        t1_0.destination,
        t1_0.distance_km,
        t1_0.end_at,
        t1_0.estimated_amount,
        t1_0.fuel_efficiency_km_liter,
        t1_0.fuel_price,
        t1_0.fuel_type,
        t1_0.notes,
        t1_0.origin,
        t1_0.start_at,
        t1_0.status,
        t1_0.toll_amount,
        t1_0.trip_type,
        v2_0.id,
        v2_0.ano,
        v2_0.ativo,
        v2_0.cor,
        v2_0.dono_usuario_id,
        dv2_0.id,
        dv2_0.active,
        dv2_0.created_at,
        dv2_0.email,
        dv2_0.name,
        dv2_0.password_hash,
        dv2_0.plan_type,
        dv2_0.role,
        dv2_0.subscription_ends_at,
        dv2_0.subscription_source,
        dv2_0.subscription_status,
        dv2_0.trial_ends_at,
        v2_0.km_atual,
        v2_0.modelo,
        v2_0.placa 
    from
        trips t1_0 
    left join
        veiculos v1_0 
            on v1_0.id=t1_0.vehicle_id 
    left join
        app_users dv1_0 
            on dv1_0.id=v1_0.dono_usuario_id 
    left join
        customers c1_0 
            on c1_0.id=t1_0.customer_id 
    left join
        veiculos v2_0 
            on v2_0.id=t1_0.vehicle_id 
    left join
        app_users dv2_0 
            on dv2_0.id=v2_0.dono_usuario_id 
    where
        dv1_0.id=? 
    order by
        t1_0.start_at desc
Hibernate: 
    select
        t1_0.id,
        t1_0.actual_amount,
        t1_0.app_platform,
        t1_0.created_at,
        c1_0.id,
        c1_0.created_at,
        c1_0.email,
        c1_0.name,
        c1_0.notes,
        c1_0.owner_user_id,
        c1_0.phone,
        t1_0.destination,
        t1_0.distance_km,
        t1_0.end_at,
        t1_0.estimated_amount,
        t1_0.fuel_efficiency_km_liter,
        t1_0.fuel_price,
        t1_0.fuel_type,
        t1_0.notes,
        t1_0.origin,
        t1_0.start_at,
        t1_0.status,
        t1_0.toll_amount,
        t1_0.trip_type,
        v2_0.id,
        v2_0.ano,
        v2_0.ativo,
        v2_0.cor,
        v2_0.dono_usuario_id,
        dv2_0.id,
        dv2_0.active,
        dv2_0.created_at,
        dv2_0.email,
        dv2_0.name,
        dv2_0.password_hash,
        dv2_0.plan_type,
        dv2_0.role,
        dv2_0.subscription_ends_at,
        dv2_0.subscription_source,
        dv2_0.subscription_status,
        dv2_0.trial_ends_at,
        v2_0.km_atual,
        v2_0.modelo,
        v2_0.placa 
    from
        trips t1_0 
    left join
        veiculos v1_0 
            on v1_0.id=t1_0.vehicle_id 
    left join
        app_users dv1_0 
            on dv1_0.id=v1_0.dono_usuario_id 
    left join
        customers c1_0 
            on c1_0.id=t1_0.customer_id 
    left join
        veiculos v2_0 
            on v2_0.id=t1_0.vehicle_id 
    left join
        app_users dv2_0 
            on dv2_0.id=v2_0.dono_usuario_id 
    where
        dv1_0.id=? 
    order by
        t1_0.start_at desc
2026-03-27T20:52:40.939-03:00 DEBUG 25092 --- [ServiceGo] [nio-8080-exec-3] org.hibernate.SQL                        : 
    select
        av1_0.id,
        av1_0.atualizado_em,
        av1_0.criado_em,
        av1_0.descricao,
        av1_0.fim_em,
        av1_0.fuso_horario,
        av1_0.id_evento_externo,
        av1_0.inicio_em,
        av1_0.lembrete_minutos,
        av1_0.local_evento,
        av1_0.status,
        av1_0.titulo,
        av1_0.trip_id,
        t1_0.id,
        t1_0.actual_amount,
        t1_0.app_platform,
        t1_0.created_at,
        t1_0.customer_id,
        t1_0.destination,
        t1_0.distance_km,
        t1_0.end_at,
        t1_0.estimated_amount,
        t1_0.fuel_efficiency_km_liter,
        t1_0.fuel_price,
        t1_0.fuel_type,
        t1_0.notes,
        t1_0.origin,
        t1_0.start_at,
        t1_0.status,
        t1_0.toll_amount,
        t1_0.trip_type,
        t1_0.vehicle_id,
        av1_0.usuario_id,
        u1_0.id,
        u1_0.active,
        u1_0.created_at,
        u1_0.email,
        u1_0.name,
        u1_0.password_hash,
        u1_0.plan_type,
        u1_0.role,
        u1_0.subscription_ends_at,
        u1_0.subscription_source,
        u1_0.subscription_status,
        u1_0.trial_ends_at 
    from
        agendamentos_viagem av1_0 
    join
        trips t1_0 
            on t1_0.id=av1_0.trip_id 
    join
        app_users u1_0 
            on u1_0.id=av1_0.usuario_id 
    where
        av1_0.usuario_id=? 
    order by
        av1_0.inicio_em desc
Hibernate: 
    select
        av1_0.id,
        av1_0.atualizado_em,
        av1_0.criado_em,
        av1_0.descricao,
        av1_0.fim_em,
        av1_0.fuso_horario,
        av1_0.id_evento_externo,
        av1_0.inicio_em,
        av1_0.lembrete_minutos,
        av1_0.local_evento,
        av1_0.status,
        av1_0.titulo,
        av1_0.trip_id,
        t1_0.id,
        t1_0.actual_amount,
        t1_0.app_platform,
        t1_0.created_at,
        t1_0.customer_id,
        t1_0.destination,
        t1_0.distance_km,
        t1_0.end_at,
        t1_0.estimated_amount,
        t1_0.fuel_efficiency_km_liter,
        t1_0.fuel_price,
        t1_0.fuel_type,
        t1_0.notes,
        t1_0.origin,
        t1_0.start_at,
        t1_0.status,
        t1_0.toll_amount,
        t1_0.trip_type,
        t1_0.vehicle_id,
        av1_0.usuario_id,
        u1_0.id,
        u1_0.active,
        u1_0.created_at,
        u1_0.email,
        u1_0.name,
        u1_0.password_hash,
        u1_0.plan_type,
        u1_0.role,
        u1_0.subscription_ends_at,
        u1_0.subscription_source,
        u1_0.subscription_status,
        u1_0.trial_ends_at 
    from
        agendamentos_viagem av1_0 
    join
        trips t1_0 
            on t1_0.id=av1_0.trip_id 
    join
        app_users u1_0 
            on u1_0.id=av1_0.usuario_id 
    where
        av1_0.usuario_id=? 
    order by
        av1_0.inicio_em desc
2026-03-27T20:52:40.943-03:00 DEBUG 25092 --- [ServiceGo] [nio-8080-exec-2] m.m.a.RequestResponseBodyMethodProcessor : Using 'application/json', given [*/*] and supported [application/json, application/*+json, application/yaml]
2026-03-27T20:52:40.944-03:00 DEBUG 25092 --- [ServiceGo] [nio-8080-exec-2] m.m.a.RequestResponseBodyMethodProcessor : Writing [[TripResponse[id=12, customerId=null, customerName=null, veiculoId=1, veiculoPlaca=FNZ8D38, veiculoM (truncated)...]
2026-03-27T20:52:40.946-03:00 DEBUG 25092 --- [ServiceGo] [nio-8080-exec-2] o.s.web.servlet.DispatcherServlet        : Completed 200 OK
2026-03-27T20:52:40.956-03:00 DEBUG 25092 --- [ServiceGo] [nio-8080-exec-3] m.m.a.RequestResponseBodyMethodProcessor : Using 'application/json', given [*/*] and supported [application/json, application/*+json, application/yaml]
2026-03-27T20:52:40.957-03:00 DEBUG 25092 --- [ServiceGo] [nio-8080-exec-3] m.m.a.RequestResponseBodyMethodProcessor : Writing [[AgendamentoViagemResponse[id=13, tripId=12, usuarioId=2, usuarioNome=Eber Cintra, titulo=TESTE PEDA (truncated)...]
2026-03-27T20:52:40.959-03:00 DEBUG 25092 --- [ServiceGo] [nio-8080-exec-3] o.s.web.servlet.DispatcherServlet        : Completed 200 OK
2026-03-27T20:52:55.604-03:00 DEBUG 25092 --- [ServiceGo] [nio-8080-exec-1] org.hibernate.SQL                        : 
    select
        au1_0.id,
        au1_0.active,
        au1_0.created_at,
        au1_0.email,
        au1_0.name,
        au1_0.password_hash,
        au1_0.plan_type,
        au1_0.role,
        au1_0.subscription_ends_at,
        au1_0.subscription_source,
        au1_0.subscription_status,
        au1_0.trial_ends_at 
    from
        app_users au1_0 
    where
        upper(au1_0.email)=upper(?) 
        and au1_0.active=true
2026-03-27T20:52:55.604-03:00 DEBUG 25092 --- [ServiceGo] [io-8080-exec-10] org.hibernate.SQL                        : 
    select
        au1_0.id,
        au1_0.active,
        au1_0.created_at,
        au1_0.email,
        au1_0.name,
        au1_0.password_hash,
        au1_0.plan_type,
        au1_0.role,
        au1_0.subscription_ends_at,
        au1_0.subscription_source,
        au1_0.subscription_status,
        au1_0.trial_ends_at 
    from
        app_users au1_0 
    where
        upper(au1_0.email)=upper(?) 
        and au1_0.active=true
Hibernate: 
    select
        au1_0.id,
        au1_0.active,
        au1_0.created_at,
        au1_0.email,
        au1_0.name,
        au1_0.password_hash,
        au1_0.plan_type,
        au1_0.role,
        au1_0.subscription_ends_at,
        au1_0.subscription_source,
        au1_0.subscription_status,
        au1_0.trial_ends_at 
    from
        app_users au1_0 
    where
        upper(au1_0.email)=upper(?) 
        and au1_0.active=true
Hibernate: 
    select
        au1_0.id,
        au1_0.active,
        au1_0.created_at,
        au1_0.email,
        au1_0.name,
        au1_0.password_hash,
        au1_0.plan_type,
        au1_0.role,
        au1_0.subscription_ends_at,
        au1_0.subscription_source,
        au1_0.subscription_status,
        au1_0.trial_ends_at 
    from
        app_users au1_0 
    where
        upper(au1_0.email)=upper(?) 
        and au1_0.active=true
2026-03-27T20:52:55.605-03:00 DEBUG 25092 --- [ServiceGo] [nio-8080-exec-9] org.hibernate.SQL                        : 
    select
        au1_0.id,
        au1_0.active,
        au1_0.created_at,
        au1_0.email,
        au1_0.name,
        au1_0.password_hash,
        au1_0.plan_type,
        au1_0.role,
        au1_0.subscription_ends_at,
        au1_0.subscription_source,
        au1_0.subscription_status,
        au1_0.trial_ends_at 
    from
        app_users au1_0 
    where
        upper(au1_0.email)=upper(?) 
        and au1_0.active=true
Hibernate: 
    select
        au1_0.id,
        au1_0.active,
        au1_0.created_at,
        au1_0.email,
        au1_0.name,
        au1_0.password_hash,
        au1_0.plan_type,
        au1_0.role,
        au1_0.subscription_ends_at,
        au1_0.subscription_source,
        au1_0.subscription_status,
        au1_0.trial_ends_at 
    from
        app_users au1_0 
    where
        upper(au1_0.email)=upper(?) 
        and au1_0.active=true
2026-03-27T20:52:55.611-03:00 DEBUG 25092 --- [ServiceGo] [io-8080-exec-10] o.s.web.servlet.DispatcherServlet        : GET "/api/trips", parameters={}
2026-03-27T20:52:55.611-03:00 DEBUG 25092 --- [ServiceGo] [nio-8080-exec-1] o.s.web.servlet.DispatcherServlet        : GET "/api/payments", parameters={}
2026-03-27T20:52:55.611-03:00 DEBUG 25092 --- [ServiceGo] [io-8080-exec-10] s.w.s.m.m.a.RequestMappingHandlerMapping : Mapped to com.ServiceGo.api.controller.TripController#list(Authentication)
2026-03-27T20:52:55.611-03:00 DEBUG 25092 --- [ServiceGo] [nio-8080-exec-9] o.s.web.servlet.DispatcherServlet        : GET "/api/expenses", parameters={}
2026-03-27T20:52:55.611-03:00 DEBUG 25092 --- [ServiceGo] [nio-8080-exec-1] s.w.s.m.m.a.RequestMappingHandlerMapping : Mapped to com.ServiceGo.api.controller.PaymentController#list(Authentication)
2026-03-27T20:52:55.613-03:00 DEBUG 25092 --- [ServiceGo] [nio-8080-exec-9] s.w.s.m.m.a.RequestMappingHandlerMapping : Mapped to com.ServiceGo.api.controller.ExpenseController#list(Authentication)
2026-03-27T20:52:55.629-03:00 DEBUG 25092 --- [ServiceGo] [nio-8080-exec-9] org.hibernate.SQL                        : 
    select
        au1_0.id,
        au1_0.active,
        au1_0.created_at,
        au1_0.email,
        au1_0.name,
        au1_0.password_hash,
        au1_0.plan_type,
        au1_0.role,
        au1_0.subscription_ends_at,
        au1_0.subscription_source,
        au1_0.subscription_status,
        au1_0.trial_ends_at 
    from
        app_users au1_0 
    where
        upper(au1_0.email)=upper(?)
Hibernate: 
    select
        au1_0.id,
        au1_0.active,
        au1_0.created_at,
        au1_0.email,
        au1_0.name,
        au1_0.password_hash,
        au1_0.plan_type,
        au1_0.role,
        au1_0.subscription_ends_at,
        au1_0.subscription_source,
        au1_0.subscription_status,
        au1_0.trial_ends_at 
    from
        app_users au1_0 
    where
        upper(au1_0.email)=upper(?)
2026-03-27T20:52:55.629-03:00 DEBUG 25092 --- [ServiceGo] [io-8080-exec-10] org.hibernate.SQL                        : 
    select
        au1_0.id,
        au1_0.active,
        au1_0.created_at,
        au1_0.email,
        au1_0.name,
        au1_0.password_hash,
        au1_0.plan_type,
        au1_0.role,
        au1_0.subscription_ends_at,
        au1_0.subscription_source,
        au1_0.subscription_status,
        au1_0.trial_ends_at 
    from
        app_users au1_0 
    where
        upper(au1_0.email)=upper(?)
Hibernate: 
    select
        au1_0.id,
        au1_0.active,
        au1_0.created_at,
        au1_0.email,
        au1_0.name,
        au1_0.password_hash,
        au1_0.plan_type,
        au1_0.role,
        au1_0.subscription_ends_at,
        au1_0.subscription_source,
        au1_0.subscription_status,
        au1_0.trial_ends_at 
    from
        app_users au1_0 
    where
        upper(au1_0.email)=upper(?)
2026-03-27T20:52:55.629-03:00 DEBUG 25092 --- [ServiceGo] [nio-8080-exec-1] org.hibernate.SQL                        : 
    select
        au1_0.id,
        au1_0.active,
        au1_0.created_at,
        au1_0.email,
        au1_0.name,
        au1_0.password_hash,
        au1_0.plan_type,
        au1_0.role,
        au1_0.subscription_ends_at,
        au1_0.subscription_source,
        au1_0.subscription_status,
        au1_0.trial_ends_at 
    from
        app_users au1_0 
    where
        upper(au1_0.email)=upper(?)
Hibernate: 
    select
        au1_0.id,
        au1_0.active,
        au1_0.created_at,
        au1_0.email,
        au1_0.name,
        au1_0.password_hash,
        au1_0.plan_type,
        au1_0.role,
        au1_0.subscription_ends_at,
        au1_0.subscription_source,
        au1_0.subscription_status,
        au1_0.trial_ends_at 
    from
        app_users au1_0 
    where
        upper(au1_0.email)=upper(?)
2026-03-27T20:52:55.636-03:00 DEBUG 25092 --- [ServiceGo] [nio-8080-exec-9] org.hibernate.SQL                        : 
    select
        au1_0.id,
        au1_0.active,
        au1_0.created_at,
        au1_0.email,
        au1_0.name,
        au1_0.password_hash,
        au1_0.plan_type,
        au1_0.role,
        au1_0.subscription_ends_at,
        au1_0.subscription_source,
        au1_0.subscription_status,
        au1_0.trial_ends_at 
    from
        app_users au1_0 
    where
        upper(au1_0.email)=upper(?)
Hibernate: 
    select
        au1_0.id,
        au1_0.active,
        au1_0.created_at,
        au1_0.email,
        au1_0.name,
        au1_0.password_hash,
        au1_0.plan_type,
        au1_0.role,
        au1_0.subscription_ends_at,
        au1_0.subscription_source,
        au1_0.subscription_status,
        au1_0.trial_ends_at 
    from
        app_users au1_0 
    where
        upper(au1_0.email)=upper(?)
2026-03-27T20:52:55.641-03:00 DEBUG 25092 --- [ServiceGo] [nio-8080-exec-1] org.hibernate.SQL                        : 
    select
        p1_0.id,
        p1_0.amount,
        c1_0.id,
        c1_0.created_at,
        c1_0.email,
        c1_0.name,
        c1_0.notes,
        c1_0.owner_user_id,
        c1_0.phone,
        p1_0.due_at,
        p1_0.method,
        p1_0.notes,
        p1_0.numero_parcela,
        p1_0.owner_user_id,
        ou2_0.id,
        ou2_0.active,
        ou2_0.created_at,
        ou2_0.email,
        ou2_0.name,
        ou2_0.password_hash,
        ou2_0.plan_type,
        ou2_0.role,
        ou2_0.subscription_ends_at,
        ou2_0.subscription_source,
        ou2_0.subscription_status,
        ou2_0.trial_ends_at,
        p1_0.pagamento_parcial,
        p1_0.paid_at,
        p1_0.reference_code,
        p1_0.status,
        t1_0.id,
        t1_0.actual_amount,
        t1_0.app_platform,
        t1_0.created_at,
        t1_0.customer_id,
        t1_0.destination,
        t1_0.distance_km,
        t1_0.end_at,
        t1_0.estimated_amount,
        t1_0.fuel_efficiency_km_liter,
        t1_0.fuel_price,
        t1_0.fuel_type,
        t1_0.notes,
        t1_0.origin,
        t1_0.start_at,
        t1_0.status,
        t1_0.toll_amount,
        t1_0.trip_type,
        t1_0.vehicle_id 
    from
        payments p1_0 
    left join
        customers c1_0 
            on c1_0.id=p1_0.customer_id 
    join
        app_users ou2_0 
            on ou2_0.id=p1_0.owner_user_id 
    left join
        trips t1_0 
            on t1_0.id=p1_0.trip_id 
    where
        p1_0.owner_user_id=? 
    order by
        p1_0.id desc
Hibernate: 
    select
        p1_0.id,
        p1_0.amount,
        c1_0.id,
        c1_0.created_at,
        c1_0.email,
        c1_0.name,
        c1_0.notes,
        c1_0.owner_user_id,
        c1_0.phone,
        p1_0.due_at,
        p1_0.method,
        p1_0.notes,
        p1_0.numero_parcela,
        p1_0.owner_user_id,
        ou2_0.id,
        ou2_0.active,
        ou2_0.created_at,
        ou2_0.email,
        ou2_0.name,
        ou2_0.password_hash,
        ou2_0.plan_type,
        ou2_0.role,
        ou2_0.subscription_ends_at,
        ou2_0.subscription_source,
        ou2_0.subscription_status,
        ou2_0.trial_ends_at,
        p1_0.pagamento_parcial,
        p1_0.paid_at,
        p1_0.reference_code,
        p1_0.status,
        t1_0.id,
        t1_0.actual_amount,
        t1_0.app_platform,
        t1_0.created_at,
        t1_0.customer_id,
        t1_0.destination,
        t1_0.distance_km,
        t1_0.end_at,
        t1_0.estimated_amount,
        t1_0.fuel_efficiency_km_liter,
        t1_0.fuel_price,
        t1_0.fuel_type,
        t1_0.notes,
        t1_0.origin,
        t1_0.start_at,
        t1_0.status,
        t1_0.toll_amount,
        t1_0.trip_type,
        t1_0.vehicle_id 
    from
        payments p1_0 
    left join
        customers c1_0 
            on c1_0.id=p1_0.customer_id 
    join
        app_users ou2_0 
            on ou2_0.id=p1_0.owner_user_id 
    left join
        trips t1_0 
            on t1_0.id=p1_0.trip_id 
    where
        p1_0.owner_user_id=? 
    order by
        p1_0.id desc
2026-03-27T20:52:55.642-03:00 DEBUG 25092 --- [ServiceGo] [io-8080-exec-10] org.hibernate.SQL                        : 
    select
        t1_0.id,
        t1_0.actual_amount,
        t1_0.app_platform,
        t1_0.created_at,
        c1_0.id,
        c1_0.created_at,
        c1_0.email,
        c1_0.name,
        c1_0.notes,
        c1_0.owner_user_id,
        c1_0.phone,
        t1_0.destination,
        t1_0.distance_km,
        t1_0.end_at,
        t1_0.estimated_amount,
        t1_0.fuel_efficiency_km_liter,
        t1_0.fuel_price,
        t1_0.fuel_type,
        t1_0.notes,
        t1_0.origin,
        t1_0.start_at,
        t1_0.status,
        t1_0.toll_amount,
        t1_0.trip_type,
        v2_0.id,
        v2_0.ano,
        v2_0.ativo,
        v2_0.cor,
        v2_0.dono_usuario_id,
        dv2_0.id,
        dv2_0.active,
        dv2_0.created_at,
        dv2_0.email,
        dv2_0.name,
        dv2_0.password_hash,
        dv2_0.plan_type,
        dv2_0.role,
        dv2_0.subscription_ends_at,
        dv2_0.subscription_source,
        dv2_0.subscription_status,
        dv2_0.trial_ends_at,
        v2_0.km_atual,
        v2_0.modelo,
        v2_0.placa 
    from
        trips t1_0 
    left join
        veiculos v1_0 
            on v1_0.id=t1_0.vehicle_id 
    left join
        app_users dv1_0 
            on dv1_0.id=v1_0.dono_usuario_id 
    left join
        customers c1_0 
            on c1_0.id=t1_0.customer_id 
    left join
        veiculos v2_0 
            on v2_0.id=t1_0.vehicle_id 
    left join
        app_users dv2_0 
            on dv2_0.id=v2_0.dono_usuario_id 
    where
        dv1_0.id=? 
    order by
        t1_0.start_at desc
Hibernate: 
    select
        t1_0.id,
        t1_0.actual_amount,
        t1_0.app_platform,
        t1_0.created_at,
        c1_0.id,
        c1_0.created_at,
        c1_0.email,
        c1_0.name,
        c1_0.notes,
        c1_0.owner_user_id,
        c1_0.phone,
        t1_0.destination,
        t1_0.distance_km,
        t1_0.end_at,
        t1_0.estimated_amount,
        t1_0.fuel_efficiency_km_liter,
        t1_0.fuel_price,
        t1_0.fuel_type,
        t1_0.notes,
        t1_0.origin,
        t1_0.start_at,
        t1_0.status,
        t1_0.toll_amount,
        t1_0.trip_type,
        v2_0.id,
        v2_0.ano,
        v2_0.ativo,
        v2_0.cor,
        v2_0.dono_usuario_id,
        dv2_0.id,
        dv2_0.active,
        dv2_0.created_at,
        dv2_0.email,
        dv2_0.name,
        dv2_0.password_hash,
        dv2_0.plan_type,
        dv2_0.role,
        dv2_0.subscription_ends_at,
        dv2_0.subscription_source,
        dv2_0.subscription_status,
        dv2_0.trial_ends_at,
        v2_0.km_atual,
        v2_0.modelo,
        v2_0.placa 
    from
        trips t1_0 
    left join
        veiculos v1_0 
            on v1_0.id=t1_0.vehicle_id 
    left join
        app_users dv1_0 
            on dv1_0.id=v1_0.dono_usuario_id 
    left join
        customers c1_0 
            on c1_0.id=t1_0.customer_id 
    left join
        veiculos v2_0 
            on v2_0.id=t1_0.vehicle_id 
    left join
        app_users dv2_0 
            on dv2_0.id=v2_0.dono_usuario_id 
    where
        dv1_0.id=? 
    order by
        t1_0.start_at desc
2026-03-27T20:52:55.648-03:00 DEBUG 25092 --- [ServiceGo] [nio-8080-exec-9] org.hibernate.SQL                        : 
    select
        e1_0.id,
        e1_0.amount,
        e1_0.category,
        e1_0.description,
        e1_0.occurred_at,
        t1_0.id,
        t1_0.actual_amount,
        t1_0.app_platform,
        t1_0.created_at,
        t1_0.customer_id,
        t1_0.destination,
        t1_0.distance_km,
        t1_0.end_at,
        t1_0.estimated_amount,
        t1_0.fuel_efficiency_km_liter,
        t1_0.fuel_price,
        t1_0.fuel_type,
        t1_0.notes,
        t1_0.origin,
        t1_0.start_at,
        t1_0.status,
        t1_0.toll_amount,
        t1_0.trip_type,
        t1_0.vehicle_id,
        v3_0.id,
        v3_0.ano,
        v3_0.ativo,
        v3_0.cor,
        v3_0.dono_usuario_id,
        v3_0.km_atual,
        v3_0.modelo,
        v3_0.placa 
    from
        expenses e1_0 
    left join
        veiculos v1_0 
            on v1_0.id=e1_0.vehicle_id 
    left join
        app_users dv1_0 
            on dv1_0.id=v1_0.dono_usuario_id 
    left join
        trips t1_0 
            on t1_0.id=e1_0.trip_id 
    left join
        veiculos v3_0 
            on v3_0.id=e1_0.vehicle_id 
    where
        dv1_0.id=? 
    order by
        e1_0.occurred_at desc
Hibernate: 
    select
        e1_0.id,
        e1_0.amount,
        e1_0.category,
        e1_0.description,
        e1_0.occurred_at,
        t1_0.id,
        t1_0.actual_amount,
        t1_0.app_platform,
        t1_0.created_at,
        t1_0.customer_id,
        t1_0.destination,
        t1_0.distance_km,
        t1_0.end_at,
        t1_0.estimated_amount,
        t1_0.fuel_efficiency_km_liter,
        t1_0.fuel_price,
        t1_0.fuel_type,
        t1_0.notes,
        t1_0.origin,
        t1_0.start_at,
        t1_0.status,
        t1_0.toll_amount,
        t1_0.trip_type,
        t1_0.vehicle_id,
        v3_0.id,
        v3_0.ano,
        v3_0.ativo,
        v3_0.cor,
        v3_0.dono_usuario_id,
        v3_0.km_atual,
        v3_0.modelo,
        v3_0.placa 
    from
        expenses e1_0 
    left join
        veiculos v1_0 
            on v1_0.id=e1_0.vehicle_id 
    left join
        app_users dv1_0 
            on dv1_0.id=v1_0.dono_usuario_id 
    left join
        trips t1_0 
            on t1_0.id=e1_0.trip_id 
    left join
        veiculos v3_0 
            on v3_0.id=e1_0.vehicle_id 
    where
        dv1_0.id=? 
    order by
        e1_0.occurred_at desc
2026-03-27T20:52:55.649-03:00 DEBUG 25092 --- [ServiceGo] [io-8080-exec-10] m.m.a.RequestResponseBodyMethodProcessor : Using 'application/json', given [*/*] and supported [application/json, application/*+json, application/yaml]
2026-03-27T20:52:55.649-03:00 DEBUG 25092 --- [ServiceGo] [nio-8080-exec-1] m.m.a.RequestResponseBodyMethodProcessor : Using 'application/json', given [*/*] and supported [application/json, application/*+json, application/yaml]
2026-03-27T20:52:55.650-03:00 DEBUG 25092 --- [ServiceGo] [io-8080-exec-10] m.m.a.RequestResponseBodyMethodProcessor : Writing [[TripResponse[id=12, customerId=null, customerName=null, veiculoId=1, veiculoPlaca=FNZ8D38, veiculoM (truncated)...]
2026-03-27T20:52:55.650-03:00 DEBUG 25092 --- [ServiceGo] [nio-8080-exec-1] m.m.a.RequestResponseBodyMethodProcessor : Writing [[PaymentResponse[id=9, tripId=13, customerId=1, method=PIX, status=PAGO, amount=60.00, pagamentoParc (truncated)...]
2026-03-27T20:52:55.652-03:00 DEBUG 25092 --- [ServiceGo] [nio-8080-exec-1] o.s.web.servlet.DispatcherServlet        : Completed 200 OK
2026-03-27T20:52:55.653-03:00 DEBUG 25092 --- [ServiceGo] [io-8080-exec-10] o.s.web.servlet.DispatcherServlet        : Completed 200 OK
2026-03-27T20:52:55.657-03:00 DEBUG 25092 --- [ServiceGo] [nio-8080-exec-9] m.m.a.RequestResponseBodyMethodProcessor : Using 'application/json', given [*/*] and supported [application/json, application/*+json, application/yaml]
2026-03-27T20:52:55.659-03:00 DEBUG 25092 --- [ServiceGo] [nio-8080-exec-9] m.m.a.RequestResponseBodyMethodProcessor : Writing [[ExpenseResponse[id=6, tripId=13, veiculoId=1, veiculoPlaca=FNZ8D38, category=PEDAGIO, amount=15.00, (truncated)...]
2026-03-27T20:52:55.662-03:00 DEBUG 25092 --- [ServiceGo] [nio-8080-exec-9] o.s.web.servlet.DispatcherServlet        : Completed 200 OK
2026-03-27T20:52:55.684-03:00 DEBUG 25092 --- [ServiceGo] [nio-8080-exec-7] org.hibernate.SQL                        : 
    select
        au1_0.id,
        au1_0.active,
        au1_0.created_at,
        au1_0.email,
        au1_0.name,
        au1_0.password_hash,
        au1_0.plan_type,
        au1_0.role,
        au1_0.subscription_ends_at,
        au1_0.subscription_source,
        au1_0.subscription_status,
        au1_0.trial_ends_at 
    from
        app_users au1_0 
    where
        upper(au1_0.email)=upper(?) 
        and au1_0.active=true
Hibernate: 
    select
        au1_0.id,
        au1_0.active,
        au1_0.created_at,
        au1_0.email,
        au1_0.name,
        au1_0.password_hash,
        au1_0.plan_type,
        au1_0.role,
        au1_0.subscription_ends_at,
        au1_0.subscription_source,
        au1_0.subscription_status,
        au1_0.trial_ends_at 
    from
        app_users au1_0 
    where
        upper(au1_0.email)=upper(?) 
        and au1_0.active=true
2026-03-27T20:52:55.684-03:00 DEBUG 25092 --- [ServiceGo] [nio-8080-exec-4] org.hibernate.SQL                        : 
    select
        au1_0.id,
        au1_0.active,
        au1_0.created_at,
        au1_0.email,
        au1_0.name,
        au1_0.password_hash,
        au1_0.plan_type,
        au1_0.role,
        au1_0.subscription_ends_at,
        au1_0.subscription_source,
        au1_0.subscription_status,
        au1_0.trial_ends_at 
    from
        app_users au1_0 
    where
        upper(au1_0.email)=upper(?) 
        and au1_0.active=true
Hibernate: 
    select
        au1_0.id,
        au1_0.active,
        au1_0.created_at,
        au1_0.email,
        au1_0.name,
        au1_0.password_hash,
        au1_0.plan_type,
        au1_0.role,
        au1_0.subscription_ends_at,
        au1_0.subscription_source,
        au1_0.subscription_status,
        au1_0.trial_ends_at 
    from
        app_users au1_0 
    where
        upper(au1_0.email)=upper(?) 
        and au1_0.active=true
2026-03-27T20:52:55.690-03:00 DEBUG 25092 --- [ServiceGo] [nio-8080-exec-7] o.s.web.servlet.DispatcherServlet        : GET "/api/payments", parameters={}
2026-03-27T20:52:55.691-03:00 DEBUG 25092 --- [ServiceGo] [nio-8080-exec-4] o.s.web.servlet.DispatcherServlet        : GET "/api/trips", parameters={}
2026-03-27T20:52:55.691-03:00 DEBUG 25092 --- [ServiceGo] [nio-8080-exec-7] s.w.s.m.m.a.RequestMappingHandlerMapping : Mapped to com.ServiceGo.api.controller.PaymentController#list(Authentication)
2026-03-27T20:52:55.692-03:00 DEBUG 25092 --- [ServiceGo] [nio-8080-exec-4] s.w.s.m.m.a.RequestMappingHandlerMapping : Mapped to com.ServiceGo.api.controller.TripController#list(Authentication)
2026-03-27T20:52:55.692-03:00 DEBUG 25092 --- [ServiceGo] [nio-8080-exec-8] org.hibernate.SQL                        : 
    select
        au1_0.id,
        au1_0.active,
        au1_0.created_at,
        au1_0.email,
        au1_0.name,
        au1_0.password_hash,
        au1_0.plan_type,
        au1_0.role,
        au1_0.subscription_ends_at,
        au1_0.subscription_source,
        au1_0.subscription_status,
        au1_0.trial_ends_at 
    from
        app_users au1_0 
    where
        upper(au1_0.email)=upper(?) 
        and au1_0.active=true
Hibernate: 
    select
        au1_0.id,
        au1_0.active,
        au1_0.created_at,
        au1_0.email,
        au1_0.name,
        au1_0.password_hash,
        au1_0.plan_type,
        au1_0.role,
        au1_0.subscription_ends_at,
        au1_0.subscription_source,
        au1_0.subscription_status,
        au1_0.trial_ends_at 
    from
        app_users au1_0 
    where
        upper(au1_0.email)=upper(?) 
        and au1_0.active=true
2026-03-27T20:52:55.702-03:00 DEBUG 25092 --- [ServiceGo] [nio-8080-exec-8] o.s.web.servlet.DispatcherServlet        : GET "/api/expenses", parameters={}
2026-03-27T20:52:55.702-03:00 DEBUG 25092 --- [ServiceGo] [nio-8080-exec-7] org.hibernate.SQL                        : 
    select
        au1_0.id,
        au1_0.active,
        au1_0.created_at,
        au1_0.email,
        au1_0.name,
        au1_0.password_hash,
        au1_0.plan_type,
        au1_0.role,
        au1_0.subscription_ends_at,
        au1_0.subscription_source,
        au1_0.subscription_status,
        au1_0.trial_ends_at 
    from
        app_users au1_0 
    where
        upper(au1_0.email)=upper(?)
Hibernate: 
    select
        au1_0.id,
        au1_0.active,
        au1_0.created_at,
        au1_0.email,
        au1_0.name,
        au1_0.password_hash,
        au1_0.plan_type,
        au1_0.role,
        au1_0.subscription_ends_at,
        au1_0.subscription_source,
        au1_0.subscription_status,
        au1_0.trial_ends_at 
    from
        app_users au1_0 
    where
        upper(au1_0.email)=upper(?)
2026-03-27T20:52:55.703-03:00 DEBUG 25092 --- [ServiceGo] [nio-8080-exec-4] org.hibernate.SQL                        : 
    select
        au1_0.id,
        au1_0.active,
        au1_0.created_at,
        au1_0.email,
        au1_0.name,
        au1_0.password_hash,
        au1_0.plan_type,
        au1_0.role,
        au1_0.subscription_ends_at,
        au1_0.subscription_source,
        au1_0.subscription_status,
        au1_0.trial_ends_at 
    from
        app_users au1_0 
    where
        upper(au1_0.email)=upper(?)
Hibernate: 
    select
        au1_0.id,
        au1_0.active,
        au1_0.created_at,
        au1_0.email,
        au1_0.name,
        au1_0.password_hash,
        au1_0.plan_type,
        au1_0.role,
        au1_0.subscription_ends_at,
        au1_0.subscription_source,
        au1_0.subscription_status,
        au1_0.trial_ends_at 
    from
        app_users au1_0 
    where
        upper(au1_0.email)=upper(?)
2026-03-27T20:52:55.703-03:00 DEBUG 25092 --- [ServiceGo] [nio-8080-exec-8] s.w.s.m.m.a.RequestMappingHandlerMapping : Mapped to com.ServiceGo.api.controller.ExpenseController#list(Authentication)
2026-03-27T20:52:55.707-03:00 DEBUG 25092 --- [ServiceGo] [nio-8080-exec-8] org.hibernate.SQL                        : 
    select
        au1_0.id,
        au1_0.active,
        au1_0.created_at,
        au1_0.email,
        au1_0.name,
        au1_0.password_hash,
        au1_0.plan_type,
        au1_0.role,
        au1_0.subscription_ends_at,
        au1_0.subscription_source,
        au1_0.subscription_status,
        au1_0.trial_ends_at 
    from
        app_users au1_0 
    where
        upper(au1_0.email)=upper(?)
Hibernate: 
    select
        au1_0.id,
        au1_0.active,
        au1_0.created_at,
        au1_0.email,
        au1_0.name,
        au1_0.password_hash,
        au1_0.plan_type,
        au1_0.role,
        au1_0.subscription_ends_at,
        au1_0.subscription_source,
        au1_0.subscription_status,
        au1_0.trial_ends_at 
    from
        app_users au1_0 
    where
        upper(au1_0.email)=upper(?)
2026-03-27T20:52:55.714-03:00 DEBUG 25092 --- [ServiceGo] [nio-8080-exec-8] org.hibernate.SQL                        : 
    select
        au1_0.id,
        au1_0.active,
        au1_0.created_at,
        au1_0.email,
        au1_0.name,
        au1_0.password_hash,
        au1_0.plan_type,
        au1_0.role,
        au1_0.subscription_ends_at,
        au1_0.subscription_source,
        au1_0.subscription_status,
        au1_0.trial_ends_at 
    from
        app_users au1_0 
    where
        upper(au1_0.email)=upper(?)
Hibernate: 
    select
        au1_0.id,
        au1_0.active,
        au1_0.created_at,
        au1_0.email,
        au1_0.name,
        au1_0.password_hash,
        au1_0.plan_type,
        au1_0.role,
        au1_0.subscription_ends_at,
        au1_0.subscription_source,
        au1_0.subscription_status,
        au1_0.trial_ends_at 
    from
        app_users au1_0 
    where
        upper(au1_0.email)=upper(?)
2026-03-27T20:52:55.716-03:00 DEBUG 25092 --- [ServiceGo] [nio-8080-exec-7] org.hibernate.SQL                        : 
    select
        p1_0.id,
        p1_0.amount,
        c1_0.id,
        c1_0.created_at,
        c1_0.email,
        c1_0.name,
        c1_0.notes,
        c1_0.owner_user_id,
        c1_0.phone,
        p1_0.due_at,
        p1_0.method,
        p1_0.notes,
        p1_0.numero_parcela,
        p1_0.owner_user_id,
        ou2_0.id,
        ou2_0.active,
        ou2_0.created_at,
        ou2_0.email,
        ou2_0.name,
        ou2_0.password_hash,
        ou2_0.plan_type,
        ou2_0.role,
        ou2_0.subscription_ends_at,
        ou2_0.subscription_source,
        ou2_0.subscription_status,
        ou2_0.trial_ends_at,
        p1_0.pagamento_parcial,
        p1_0.paid_at,
        p1_0.reference_code,
        p1_0.status,
        t1_0.id,
        t1_0.actual_amount,
        t1_0.app_platform,
        t1_0.created_at,
        t1_0.customer_id,
        t1_0.destination,
        t1_0.distance_km,
        t1_0.end_at,
        t1_0.estimated_amount,
        t1_0.fuel_efficiency_km_liter,
        t1_0.fuel_price,
        t1_0.fuel_type,
        t1_0.notes,
        t1_0.origin,
        t1_0.start_at,
        t1_0.status,
        t1_0.toll_amount,
        t1_0.trip_type,
        t1_0.vehicle_id 
    from
        payments p1_0 
    left join
        customers c1_0 
            on c1_0.id=p1_0.customer_id 
    join
        app_users ou2_0 
            on ou2_0.id=p1_0.owner_user_id 
    left join
        trips t1_0 
            on t1_0.id=p1_0.trip_id 
    where
        p1_0.owner_user_id=? 
    order by
        p1_0.id desc
Hibernate: 
    select
        p1_0.id,
        p1_0.amount,
        c1_0.id,
        c1_0.created_at,
        c1_0.email,
        c1_0.name,
        c1_0.notes,
        c1_0.owner_user_id,
        c1_0.phone,
        p1_0.due_at,
        p1_0.method,
        p1_0.notes,
        p1_0.numero_parcela,
        p1_0.owner_user_id,
        ou2_0.id,
        ou2_0.active,
        ou2_0.created_at,
        ou2_0.email,
        ou2_0.name,
        ou2_0.password_hash,
        ou2_0.plan_type,
        ou2_0.role,
        ou2_0.subscription_ends_at,
        ou2_0.subscription_source,
        ou2_0.subscription_status,
        ou2_0.trial_ends_at,
        p1_0.pagamento_parcial,
        p1_0.paid_at,
        p1_0.reference_code,
        p1_0.status,
        t1_0.id,
        t1_0.actual_amount,
        t1_0.app_platform,
        t1_0.created_at,
        t1_0.customer_id,
        t1_0.destination,
        t1_0.distance_km,
        t1_0.end_at,
        t1_0.estimated_amount,
        t1_0.fuel_efficiency_km_liter,
        t1_0.fuel_price,
        t1_0.fuel_type,
        t1_0.notes,
        t1_0.origin,
        t1_0.start_at,
        t1_0.status,
        t1_0.toll_amount,
        t1_0.trip_type,
        t1_0.vehicle_id 
    from
        payments p1_0 
    left join
        customers c1_0 
            on c1_0.id=p1_0.customer_id 
    join
        app_users ou2_0 
            on ou2_0.id=p1_0.owner_user_id 
    left join
        trips t1_0 
            on t1_0.id=p1_0.trip_id 
    where
        p1_0.owner_user_id=? 
    order by
        p1_0.id desc
2026-03-27T20:52:55.714-03:00 DEBUG 25092 --- [ServiceGo] [nio-8080-exec-4] org.hibernate.SQL                        : 
    select
        t1_0.id,
        t1_0.actual_amount,
        t1_0.app_platform,
        t1_0.created_at,
        c1_0.id,
        c1_0.created_at,
        c1_0.email,
        c1_0.name,
        c1_0.notes,
        c1_0.owner_user_id,
        c1_0.phone,
        t1_0.destination,
        t1_0.distance_km,
        t1_0.end_at,
        t1_0.estimated_amount,
        t1_0.fuel_efficiency_km_liter,
        t1_0.fuel_price,
        t1_0.fuel_type,
        t1_0.notes,
        t1_0.origin,
        t1_0.start_at,
        t1_0.status,
        t1_0.toll_amount,
        t1_0.trip_type,
        v2_0.id,
        v2_0.ano,
        v2_0.ativo,
        v2_0.cor,
        v2_0.dono_usuario_id,
        dv2_0.id,
        dv2_0.active,
        dv2_0.created_at,
        dv2_0.email,
        dv2_0.name,
        dv2_0.password_hash,
        dv2_0.plan_type,
        dv2_0.role,
        dv2_0.subscription_ends_at,
        dv2_0.subscription_source,
        dv2_0.subscription_status,
        dv2_0.trial_ends_at,
        v2_0.km_atual,
        v2_0.modelo,
        v2_0.placa 
    from
        trips t1_0 
    left join
        veiculos v1_0 
            on v1_0.id=t1_0.vehicle_id 
    left join
        app_users dv1_0 
            on dv1_0.id=v1_0.dono_usuario_id 
    left join
        customers c1_0 
            on c1_0.id=t1_0.customer_id 
    left join
        veiculos v2_0 
            on v2_0.id=t1_0.vehicle_id 
    left join
        app_users dv2_0 
            on dv2_0.id=v2_0.dono_usuario_id 
    where
        dv1_0.id=? 
    order by
        t1_0.start_at desc
Hibernate: 
    select
        t1_0.id,
        t1_0.actual_amount,
        t1_0.app_platform,
        t1_0.created_at,
        c1_0.id,
        c1_0.created_at,
        c1_0.email,
        c1_0.name,
        c1_0.notes,
        c1_0.owner_user_id,
        c1_0.phone,
        t1_0.destination,
        t1_0.distance_km,
        t1_0.end_at,
        t1_0.estimated_amount,
        t1_0.fuel_efficiency_km_liter,
        t1_0.fuel_price,
        t1_0.fuel_type,
        t1_0.notes,
        t1_0.origin,
        t1_0.start_at,
        t1_0.status,
        t1_0.toll_amount,
        t1_0.trip_type,
        v2_0.id,
        v2_0.ano,
        v2_0.ativo,
        v2_0.cor,
        v2_0.dono_usuario_id,
        dv2_0.id,
        dv2_0.active,
        dv2_0.created_at,
        dv2_0.email,
        dv2_0.name,
        dv2_0.password_hash,
        dv2_0.plan_type,
        dv2_0.role,
        dv2_0.subscription_ends_at,
        dv2_0.subscription_source,
        dv2_0.subscription_status,
        dv2_0.trial_ends_at,
        v2_0.km_atual,
        v2_0.modelo,
        v2_0.placa 
    from
        trips t1_0 
    left join
        veiculos v1_0 
            on v1_0.id=t1_0.vehicle_id 
    left join
        app_users dv1_0 
            on dv1_0.id=v1_0.dono_usuario_id 
    left join
        customers c1_0 
            on c1_0.id=t1_0.customer_id 
    left join
        veiculos v2_0 
            on v2_0.id=t1_0.vehicle_id 
    left join
        app_users dv2_0 
            on dv2_0.id=v2_0.dono_usuario_id 
    where
        dv1_0.id=? 
    order by
        t1_0.start_at desc
2026-03-27T20:52:55.723-03:00 DEBUG 25092 --- [ServiceGo] [nio-8080-exec-4] m.m.a.RequestResponseBodyMethodProcessor : Using 'application/json', given [*/*] and supported [application/json, application/*+json, application/yaml]
2026-03-27T20:52:55.723-03:00 DEBUG 25092 --- [ServiceGo] [nio-8080-exec-7] m.m.a.RequestResponseBodyMethodProcessor : Using 'application/json', given [*/*] and supported [application/json, application/*+json, application/yaml]
2026-03-27T20:52:55.723-03:00 DEBUG 25092 --- [ServiceGo] [nio-8080-exec-7] m.m.a.RequestResponseBodyMethodProcessor : Writing [[PaymentResponse[id=9, tripId=13, customerId=1, method=PIX, status=PAGO, amount=60.00, pagamentoParc (truncated)...]
2026-03-27T20:52:55.724-03:00 DEBUG 25092 --- [ServiceGo] [nio-8080-exec-4] m.m.a.RequestResponseBodyMethodProcessor : Writing [[TripResponse[id=12, customerId=null, customerName=null, veiculoId=1, veiculoPlaca=FNZ8D38, veiculoM (truncated)...]
2026-03-27T20:52:55.724-03:00 DEBUG 25092 --- [ServiceGo] [nio-8080-exec-7] o.s.web.servlet.DispatcherServlet        : Completed 200 OK
2026-03-27T20:52:55.727-03:00 DEBUG 25092 --- [ServiceGo] [nio-8080-exec-4] o.s.web.servlet.DispatcherServlet        : Completed 200 OK
2026-03-27T20:52:55.727-03:00 DEBUG 25092 --- [ServiceGo] [nio-8080-exec-8] org.hibernate.SQL                        : 
    select
        e1_0.id,
        e1_0.amount,
        e1_0.category,
        e1_0.description,
        e1_0.occurred_at,
        t1_0.id,
        t1_0.actual_amount,
        t1_0.app_platform,
        t1_0.created_at,
        t1_0.customer_id,
        t1_0.destination,
        t1_0.distance_km,
        t1_0.end_at,
        t1_0.estimated_amount,
        t1_0.fuel_efficiency_km_liter,
        t1_0.fuel_price,
        t1_0.fuel_type,
        t1_0.notes,
        t1_0.origin,
        t1_0.start_at,
        t1_0.status,
        t1_0.toll_amount,
        t1_0.trip_type,
        t1_0.vehicle_id,
        v3_0.id,
        v3_0.ano,
        v3_0.ativo,
        v3_0.cor,
        v3_0.dono_usuario_id,
        v3_0.km_atual,
        v3_0.modelo,
        v3_0.placa 
    from
        expenses e1_0 
    left join
        veiculos v1_0 
            on v1_0.id=e1_0.vehicle_id 
    left join
        app_users dv1_0 
            on dv1_0.id=v1_0.dono_usuario_id 
    left join
        trips t1_0 
            on t1_0.id=e1_0.trip_id 
    left join
        veiculos v3_0 
            on v3_0.id=e1_0.vehicle_id 
    where
        dv1_0.id=? 
    order by
        e1_0.occurred_at desc
Hibernate: 
    select
        e1_0.id,
        e1_0.amount,
        e1_0.category,
        e1_0.description,
        e1_0.occurred_at,
        t1_0.id,
        t1_0.actual_amount,
        t1_0.app_platform,
        t1_0.created_at,
        t1_0.customer_id,
        t1_0.destination,
        t1_0.distance_km,
        t1_0.end_at,
        t1_0.estimated_amount,
        t1_0.fuel_efficiency_km_liter,
        t1_0.fuel_price,
        t1_0.fuel_type,
        t1_0.notes,
        t1_0.origin,
        t1_0.start_at,
        t1_0.status,
        t1_0.toll_amount,
        t1_0.trip_type,
        t1_0.vehicle_id,
        v3_0.id,
        v3_0.ano,
        v3_0.ativo,
        v3_0.cor,
        v3_0.dono_usuario_id,
        v3_0.km_atual,
        v3_0.modelo,
        v3_0.placa 
    from
        expenses e1_0 
    left join
        veiculos v1_0 
            on v1_0.id=e1_0.vehicle_id 
    left join
        app_users dv1_0 
            on dv1_0.id=v1_0.dono_usuario_id 
    left join
        trips t1_0 
            on t1_0.id=e1_0.trip_id 
    left join
        veiculos v3_0 
            on v3_0.id=e1_0.vehicle_id 
    where
        dv1_0.id=? 
    order by
        e1_0.occurred_at desc
2026-03-27T20:52:55.738-03:00 DEBUG 25092 --- [ServiceGo] [nio-8080-exec-8] m.m.a.RequestResponseBodyMethodProcessor : Using 'application/json', given [*/*] and supported [application/json, application/*+json, application/yaml]
2026-03-27T20:52:55.739-03:00 DEBUG 25092 --- [ServiceGo] [nio-8080-exec-8] m.m.a.RequestResponseBodyMethodProcessor : Writing [[ExpenseResponse[id=6, tripId=13, veiculoId=1, veiculoPlaca=FNZ8D38, category=PEDAGIO, amount=15.00, (truncated)...]
2026-03-27T20:52:55.741-03:00 DEBUG 25092 --- [ServiceGo] [nio-8080-exec-8] o.s.web.servlet.DispatcherServlet        : Completed 200 OK
2026-03-27T20:52:59.077-03:00 DEBUG 25092 --- [ServiceGo] [io-8080-exec-10] org.hibernate.SQL                        : 
    select
        au1_0.id,
        au1_0.active,
        au1_0.created_at,
        au1_0.email,
        au1_0.name,
        au1_0.password_hash,
        au1_0.plan_type,
        au1_0.role,
        au1_0.subscription_ends_at,
        au1_0.subscription_source,
        au1_0.subscription_status,
        au1_0.trial_ends_at 
    from
        app_users au1_0 
    where
        upper(au1_0.email)=upper(?) 
        and au1_0.active=true
Hibernate: 
    select
        au1_0.id,
        au1_0.active,
        au1_0.created_at,
        au1_0.email,
        au1_0.name,
        au1_0.password_hash,
        au1_0.plan_type,
        au1_0.role,
        au1_0.subscription_ends_at,
        au1_0.subscription_source,
        au1_0.subscription_status,
        au1_0.trial_ends_at 
    from
        app_users au1_0 
    where
        upper(au1_0.email)=upper(?) 
        and au1_0.active=true
2026-03-27T20:52:59.077-03:00 DEBUG 25092 --- [ServiceGo] [nio-8080-exec-3] org.hibernate.SQL                        : 
    select
        au1_0.id,
        au1_0.active,
        au1_0.created_at,
        au1_0.email,
        au1_0.name,
        au1_0.password_hash,
        au1_0.plan_type,
        au1_0.role,
        au1_0.subscription_ends_at,
        au1_0.subscription_source,
        au1_0.subscription_status,
        au1_0.trial_ends_at 
    from
        app_users au1_0 
    where
        upper(au1_0.email)=upper(?) 
        and au1_0.active=true
Hibernate: 
    select
        au1_0.id,
        au1_0.active,
        au1_0.created_at,
        au1_0.email,
        au1_0.name,
        au1_0.password_hash,
        au1_0.plan_type,
        au1_0.role,
        au1_0.subscription_ends_at,
        au1_0.subscription_source,
        au1_0.subscription_status,
        au1_0.trial_ends_at 
    from
        app_users au1_0 
    where
        upper(au1_0.email)=upper(?) 
        and au1_0.active=true
2026-03-27T20:52:59.077-03:00 DEBUG 25092 --- [ServiceGo] [nio-8080-exec-6] org.hibernate.SQL                        : 
    select
        au1_0.id,
        au1_0.active,
        au1_0.created_at,
        au1_0.email,
        au1_0.name,
        au1_0.password_hash,
        au1_0.plan_type,
        au1_0.role,
        au1_0.subscription_ends_at,
        au1_0.subscription_source,
        au1_0.subscription_status,
        au1_0.trial_ends_at 
    from
        app_users au1_0 
    where
        upper(au1_0.email)=upper(?) 
        and au1_0.active=true
Hibernate: 
    select
        au1_0.id,
        au1_0.active,
        au1_0.created_at,
        au1_0.email,
        au1_0.name,
        au1_0.password_hash,
        au1_0.plan_type,
        au1_0.role,
        au1_0.subscription_ends_at,
        au1_0.subscription_source,
        au1_0.subscription_status,
        au1_0.trial_ends_at 
    from
        app_users au1_0 
    where
        upper(au1_0.email)=upper(?) 
        and au1_0.active=true
2026-03-27T20:52:59.079-03:00 DEBUG 25092 --- [ServiceGo] [nio-8080-exec-2] org.hibernate.SQL                        : 
    select
        au1_0.id,
        au1_0.active,
        au1_0.created_at,
        au1_0.email,
        au1_0.name,
        au1_0.password_hash,
        au1_0.plan_type,
        au1_0.role,
        au1_0.subscription_ends_at,
        au1_0.subscription_source,
        au1_0.subscription_status,
        au1_0.trial_ends_at 
    from
        app_users au1_0 
    where
        upper(au1_0.email)=upper(?) 
        and au1_0.active=true
2026-03-27T20:52:59.079-03:00 DEBUG 25092 --- [ServiceGo] [nio-8080-exec-5] org.hibernate.SQL                        : 
    select
        au1_0.id,
        au1_0.active,
        au1_0.created_at,
        au1_0.email,
        au1_0.name,
        au1_0.password_hash,
        au1_0.plan_type,
        au1_0.role,
        au1_0.subscription_ends_at,
        au1_0.subscription_source,
        au1_0.subscription_status,
        au1_0.trial_ends_at 
    from
        app_users au1_0 
    where
        upper(au1_0.email)=upper(?) 
        and au1_0.active=true
Hibernate: 
    select
        au1_0.id,
        au1_0.active,
        au1_0.created_at,
        au1_0.email,
        au1_0.name,
        au1_0.password_hash,
        au1_0.plan_type,
        au1_0.role,
        au1_0.subscription_ends_at,
        au1_0.subscription_source,
        au1_0.subscription_status,
        au1_0.trial_ends_at 
    from
        app_users au1_0 
    where
        upper(au1_0.email)=upper(?) 
        and au1_0.active=true
Hibernate: 
    select
        au1_0.id,
        au1_0.active,
        au1_0.created_at,
        au1_0.email,
        au1_0.name,
        au1_0.password_hash,
        au1_0.plan_type,
        au1_0.role,
        au1_0.subscription_ends_at,
        au1_0.subscription_source,
        au1_0.subscription_status,
        au1_0.trial_ends_at 
    from
        app_users au1_0 
    where
        upper(au1_0.email)=upper(?) 
        and au1_0.active=true
2026-03-27T20:52:59.084-03:00 DEBUG 25092 --- [ServiceGo] [io-8080-exec-10] o.s.web.servlet.DispatcherServlet        : GET "/api/veiculos", parameters={}
2026-03-27T20:52:59.087-03:00 DEBUG 25092 --- [ServiceGo] [nio-8080-exec-6] o.s.web.servlet.DispatcherServlet        : GET "/api/payments", parameters={}
2026-03-27T20:52:59.088-03:00 DEBUG 25092 --- [ServiceGo] [nio-8080-exec-6] s.w.s.m.m.a.RequestMappingHandlerMapping : Mapped to com.ServiceGo.api.controller.PaymentController#list(Authentication)
2026-03-27T20:52:59.084-03:00 DEBUG 25092 --- [ServiceGo] [nio-8080-exec-3] o.s.web.servlet.DispatcherServlet        : GET "/api/customers", parameters={}
2026-03-27T20:52:59.089-03:00 DEBUG 25092 --- [ServiceGo] [nio-8080-exec-3] s.w.s.m.m.a.RequestMappingHandlerMapping : Mapped to com.ServiceGo.api.controller.CustomerController#list(Authentication)
2026-03-27T20:52:59.089-03:00 DEBUG 25092 --- [ServiceGo] [io-8080-exec-10] s.w.s.m.m.a.RequestMappingHandlerMapping : Mapped to com.ServiceGo.api.controller.VeiculoController#list(Authentication)
2026-03-27T20:52:59.091-03:00 DEBUG 25092 --- [ServiceGo] [nio-8080-exec-5] o.s.web.servlet.DispatcherServlet        : GET "/api/expenses", parameters={}
2026-03-27T20:52:59.091-03:00 DEBUG 25092 --- [ServiceGo] [nio-8080-exec-5] s.w.s.m.m.a.RequestMappingHandlerMapping : Mapped to com.ServiceGo.api.controller.ExpenseController#list(Authentication)
2026-03-27T20:52:59.093-03:00 DEBUG 25092 --- [ServiceGo] [nio-8080-exec-2] o.s.web.servlet.DispatcherServlet        : GET "/api/trips", parameters={}
2026-03-27T20:52:59.097-03:00 DEBUG 25092 --- [ServiceGo] [nio-8080-exec-3] org.hibernate.SQL                        : 
    select
        au1_0.id,
        au1_0.active,
        au1_0.created_at,
        au1_0.email,
        au1_0.name,
        au1_0.password_hash,
        au1_0.plan_type,
        au1_0.role,
        au1_0.subscription_ends_at,
        au1_0.subscription_source,
        au1_0.subscription_status,
        au1_0.trial_ends_at 
    from
        app_users au1_0 
    where
        upper(au1_0.email)=upper(?)
Hibernate: 
    select
        au1_0.id,
        au1_0.active,
        au1_0.created_at,
        au1_0.email,
        au1_0.name,
        au1_0.password_hash,
        au1_0.plan_type,
        au1_0.role,
        au1_0.subscription_ends_at,
        au1_0.subscription_source,
        au1_0.subscription_status,
        au1_0.trial_ends_at 
    from
        app_users au1_0 
    where
        upper(au1_0.email)=upper(?)
2026-03-27T20:52:59.097-03:00 DEBUG 25092 --- [ServiceGo] [nio-8080-exec-2] s.w.s.m.m.a.RequestMappingHandlerMapping : Mapped to com.ServiceGo.api.controller.TripController#list(Authentication)
2026-03-27T20:52:59.097-03:00 DEBUG 25092 --- [ServiceGo] [io-8080-exec-10] org.hibernate.SQL                        : 
    select
        au1_0.id,
        au1_0.active,
        au1_0.created_at,
        au1_0.email,
        au1_0.name,
        au1_0.password_hash,
        au1_0.plan_type,
        au1_0.role,
        au1_0.subscription_ends_at,
        au1_0.subscription_source,
        au1_0.subscription_status,
        au1_0.trial_ends_at 
    from
        app_users au1_0 
    where
        upper(au1_0.email)=upper(?)
2026-03-27T20:52:59.097-03:00 DEBUG 25092 --- [ServiceGo] [nio-8080-exec-6] org.hibernate.SQL                        : 
    select
        au1_0.id,
        au1_0.active,
        au1_0.created_at,
        au1_0.email,
        au1_0.name,
        au1_0.password_hash,
        au1_0.plan_type,
        au1_0.role,
        au1_0.subscription_ends_at,
        au1_0.subscription_source,
        au1_0.subscription_status,
        au1_0.trial_ends_at 
    from
        app_users au1_0 
    where
        upper(au1_0.email)=upper(?)
Hibernate: 
    select
        au1_0.id,
        au1_0.active,
        au1_0.created_at,
        au1_0.email,
        au1_0.name,
        au1_0.password_hash,
        au1_0.plan_type,
        au1_0.role,
        au1_0.subscription_ends_at,
        au1_0.subscription_source,
        au1_0.subscription_status,
        au1_0.trial_ends_at 
    from
        app_users au1_0 
    where
        upper(au1_0.email)=upper(?)
Hibernate: 
    select
        au1_0.id,
        au1_0.active,
        au1_0.created_at,
        au1_0.email,
        au1_0.name,
        au1_0.password_hash,
        au1_0.plan_type,
        au1_0.role,
        au1_0.subscription_ends_at,
        au1_0.subscription_source,
        au1_0.subscription_status,
        au1_0.trial_ends_at 
    from
        app_users au1_0 
    where
        upper(au1_0.email)=upper(?)
2026-03-27T20:52:59.099-03:00 DEBUG 25092 --- [ServiceGo] [nio-8080-exec-5] org.hibernate.SQL                        : 
    select
        au1_0.id,
        au1_0.active,
        au1_0.created_at,
        au1_0.email,
        au1_0.name,
        au1_0.password_hash,
        au1_0.plan_type,
        au1_0.role,
        au1_0.subscription_ends_at,
        au1_0.subscription_source,
        au1_0.subscription_status,
        au1_0.trial_ends_at 
    from
        app_users au1_0 
    where
        upper(au1_0.email)=upper(?)
Hibernate: 
    select
        au1_0.id,
        au1_0.active,
        au1_0.created_at,
        au1_0.email,
        au1_0.name,
        au1_0.password_hash,
        au1_0.plan_type,
        au1_0.role,
        au1_0.subscription_ends_at,
        au1_0.subscription_source,
        au1_0.subscription_status,
        au1_0.trial_ends_at 
    from
        app_users au1_0 
    where
        upper(au1_0.email)=upper(?)
2026-03-27T20:52:59.104-03:00 DEBUG 25092 --- [ServiceGo] [nio-8080-exec-2] org.hibernate.SQL                        : 
    select
        au1_0.id,
        au1_0.active,
        au1_0.created_at,
        au1_0.email,
        au1_0.name,
        au1_0.password_hash,
        au1_0.plan_type,
        au1_0.role,
        au1_0.subscription_ends_at,
        au1_0.subscription_source,
        au1_0.subscription_status,
        au1_0.trial_ends_at 
    from
        app_users au1_0 
    where
        upper(au1_0.email)=upper(?)
Hibernate: 
    select
        au1_0.id,
        au1_0.active,
        au1_0.created_at,
        au1_0.email,
        au1_0.name,
        au1_0.password_hash,
        au1_0.plan_type,
        au1_0.role,
        au1_0.subscription_ends_at,
        au1_0.subscription_source,
        au1_0.subscription_status,
        au1_0.trial_ends_at 
    from
        app_users au1_0 
    where
        upper(au1_0.email)=upper(?)
2026-03-27T20:52:59.106-03:00 DEBUG 25092 --- [ServiceGo] [nio-8080-exec-3] org.hibernate.SQL                        : 
    select
        c1_0.id,
        c1_0.created_at,
        c1_0.email,
        c1_0.name,
        c1_0.notes,
        c1_0.owner_user_id,
        c1_0.phone 
    from
        customers c1_0 
    where
        c1_0.owner_user_id=? 
    order by
        c1_0.name
2026-03-27T20:52:59.106-03:00 DEBUG 25092 --- [ServiceGo] [io-8080-exec-10] org.hibernate.SQL                        : 
    select
        v1_0.id,
        v1_0.ano,
        v1_0.ativo,
        v1_0.cor,
        v1_0.dono_usuario_id,
        dv1_0.id,
        dv1_0.active,
        dv1_0.created_at,
        dv1_0.email,
        dv1_0.name,
        dv1_0.password_hash,
        dv1_0.plan_type,
        dv1_0.role,
        dv1_0.subscription_ends_at,
        dv1_0.subscription_source,
        dv1_0.subscription_status,
        dv1_0.trial_ends_at,
        v1_0.km_atual,
        v1_0.modelo,
        v1_0.placa 
    from
        veiculos v1_0 
    join
        app_users dv1_0 
            on dv1_0.id=v1_0.dono_usuario_id 
    where
        v1_0.dono_usuario_id=? 
    order by
        v1_0.modelo
Hibernate: 
    select
        c1_0.id,
        c1_0.created_at,
        c1_0.email,
        c1_0.name,
        c1_0.notes,
        c1_0.owner_user_id,
        c1_0.phone 
    from
        customers c1_0 
    where
        c1_0.owner_user_id=? 
    order by
        c1_0.name
Hibernate: 
    select
        v1_0.id,
        v1_0.ano,
        v1_0.ativo,
        v1_0.cor,
        v1_0.dono_usuario_id,
        dv1_0.id,
        dv1_0.active,
        dv1_0.created_at,
        dv1_0.email,
        dv1_0.name,
        dv1_0.password_hash,
        dv1_0.plan_type,
        dv1_0.role,
        dv1_0.subscription_ends_at,
        dv1_0.subscription_source,
        dv1_0.subscription_status,
        dv1_0.trial_ends_at,
        v1_0.km_atual,
        v1_0.modelo,
        v1_0.placa 
    from
        veiculos v1_0 
    join
        app_users dv1_0 
            on dv1_0.id=v1_0.dono_usuario_id 
    where
        v1_0.dono_usuario_id=? 
    order by
        v1_0.modelo
2026-03-27T20:52:59.106-03:00 DEBUG 25092 --- [ServiceGo] [nio-8080-exec-5] org.hibernate.SQL                        : 
    select
        au1_0.id,
        au1_0.active,
        au1_0.created_at,
        au1_0.email,
        au1_0.name,
        au1_0.password_hash,
        au1_0.plan_type,
        au1_0.role,
        au1_0.subscription_ends_at,
        au1_0.subscription_source,
        au1_0.subscription_status,
        au1_0.trial_ends_at 
    from
        app_users au1_0 
    where
        upper(au1_0.email)=upper(?)
Hibernate: 
    select
        au1_0.id,
        au1_0.active,
        au1_0.created_at,
        au1_0.email,
        au1_0.name,
        au1_0.password_hash,
        au1_0.plan_type,
        au1_0.role,
        au1_0.subscription_ends_at,
        au1_0.subscription_source,
        au1_0.subscription_status,
        au1_0.trial_ends_at 
    from
        app_users au1_0 
    where
        upper(au1_0.email)=upper(?)
2026-03-27T20:52:59.111-03:00 DEBUG 25092 --- [ServiceGo] [nio-8080-exec-6] org.hibernate.SQL                        : 
    select
        p1_0.id,
        p1_0.amount,
        c1_0.id,
        c1_0.created_at,
        c1_0.email,
        c1_0.name,
        c1_0.notes,
        c1_0.owner_user_id,
        c1_0.phone,
        p1_0.due_at,
        p1_0.method,
        p1_0.notes,
        p1_0.numero_parcela,
        p1_0.owner_user_id,
        ou2_0.id,
        ou2_0.active,
        ou2_0.created_at,
        ou2_0.email,
        ou2_0.name,
        ou2_0.password_hash,
        ou2_0.plan_type,
        ou2_0.role,
        ou2_0.subscription_ends_at,
        ou2_0.subscription_source,
        ou2_0.subscription_status,
        ou2_0.trial_ends_at,
        p1_0.pagamento_parcial,
        p1_0.paid_at,
        p1_0.reference_code,
        p1_0.status,
        t1_0.id,
        t1_0.actual_amount,
        t1_0.app_platform,
        t1_0.created_at,
        t1_0.customer_id,
        t1_0.destination,
        t1_0.distance_km,
        t1_0.end_at,
        t1_0.estimated_amount,
        t1_0.fuel_efficiency_km_liter,
        t1_0.fuel_price,
        t1_0.fuel_type,
        t1_0.notes,
        t1_0.origin,
        t1_0.start_at,
        t1_0.status,
        t1_0.toll_amount,
        t1_0.trip_type,
        t1_0.vehicle_id 
    from
        payments p1_0 
    left join
        customers c1_0 
            on c1_0.id=p1_0.customer_id 
    join
        app_users ou2_0 
            on ou2_0.id=p1_0.owner_user_id 
    left join
        trips t1_0 
            on t1_0.id=p1_0.trip_id 
    where
        p1_0.owner_user_id=? 
    order by
        p1_0.id desc
Hibernate: 
    select
        p1_0.id,
        p1_0.amount,
        c1_0.id,
        c1_0.created_at,
        c1_0.email,
        c1_0.name,
        c1_0.notes,
        c1_0.owner_user_id,
        c1_0.phone,
        p1_0.due_at,
        p1_0.method,
        p1_0.notes,
        p1_0.numero_parcela,
        p1_0.owner_user_id,
        ou2_0.id,
        ou2_0.active,
        ou2_0.created_at,
        ou2_0.email,
        ou2_0.name,
        ou2_0.password_hash,
        ou2_0.plan_type,
        ou2_0.role,
        ou2_0.subscription_ends_at,
        ou2_0.subscription_source,
        ou2_0.subscription_status,
        ou2_0.trial_ends_at,
        p1_0.pagamento_parcial,
        p1_0.paid_at,
        p1_0.reference_code,
        p1_0.status,
        t1_0.id,
        t1_0.actual_amount,
        t1_0.app_platform,
        t1_0.created_at,
        t1_0.customer_id,
        t1_0.destination,
        t1_0.distance_km,
        t1_0.end_at,
        t1_0.estimated_amount,
        t1_0.fuel_efficiency_km_liter,
        t1_0.fuel_price,
        t1_0.fuel_type,
        t1_0.notes,
        t1_0.origin,
        t1_0.start_at,
        t1_0.status,
        t1_0.toll_amount,
        t1_0.trip_type,
        t1_0.vehicle_id 
    from
        payments p1_0 
    left join
        customers c1_0 
            on c1_0.id=p1_0.customer_id 
    join
        app_users ou2_0 
            on ou2_0.id=p1_0.owner_user_id 
    left join
        trips t1_0 
            on t1_0.id=p1_0.trip_id 
    where
        p1_0.owner_user_id=? 
    order by
        p1_0.id desc
2026-03-27T20:52:59.114-03:00 DEBUG 25092 --- [ServiceGo] [nio-8080-exec-3] m.m.a.RequestResponseBodyMethodProcessor : Using 'application/json', given [*/*] and supported [application/json, application/*+json, application/yaml]
2026-03-27T20:52:59.116-03:00 DEBUG 25092 --- [ServiceGo] [nio-8080-exec-3] m.m.a.RequestResponseBodyMethodProcessor : Writing [[CustomerResponse[id=1, name=Cintra, phone=22999999999, email=user@user.com, notes=testando, created (truncated)...]
2026-03-27T20:52:59.116-03:00 DEBUG 25092 --- [ServiceGo] [io-8080-exec-10] m.m.a.RequestResponseBodyMethodProcessor : Using 'application/json', given [*/*] and supported [application/json, application/*+json, application/yaml]
2026-03-27T20:52:59.118-03:00 DEBUG 25092 --- [ServiceGo] [io-8080-exec-10] m.m.a.RequestResponseBodyMethodProcessor : Writing [[VeiculoResponse[id=1, modelo=HB20S, placa=FNZ8D38, ano=2015, cor=Azul, ativo=true, kmAtual=145000.0 (truncated)...]
2026-03-27T20:52:59.122-03:00 DEBUG 25092 --- [ServiceGo] [nio-8080-exec-6] m.m.a.RequestResponseBodyMethodProcessor : Using 'application/json', given [*/*] and supported [application/json, application/*+json, application/yaml]
2026-03-27T20:52:59.119-03:00 DEBUG 25092 --- [ServiceGo] [nio-8080-exec-3] o.s.web.servlet.DispatcherServlet        : Completed 200 OK
2026-03-27T20:52:59.124-03:00 DEBUG 25092 --- [ServiceGo] [nio-8080-exec-5] org.hibernate.SQL                        : 
    select
        e1_0.id,
        e1_0.amount,
        e1_0.category,
        e1_0.description,
        e1_0.occurred_at,
        t1_0.id,
        t1_0.actual_amount,
        t1_0.app_platform,
        t1_0.created_at,
        t1_0.customer_id,
        t1_0.destination,
        t1_0.distance_km,
        t1_0.end_at,
        t1_0.estimated_amount,
        t1_0.fuel_efficiency_km_liter,
        t1_0.fuel_price,
        t1_0.fuel_type,
        t1_0.notes,
        t1_0.origin,
        t1_0.start_at,
        t1_0.status,
        t1_0.toll_amount,
        t1_0.trip_type,
        t1_0.vehicle_id,
        v3_0.id,
        v3_0.ano,
        v3_0.ativo,
        v3_0.cor,
        v3_0.dono_usuario_id,
        v3_0.km_atual,
        v3_0.modelo,
        v3_0.placa 
    from
        expenses e1_0 
    left join
        veiculos v1_0 
            on v1_0.id=e1_0.vehicle_id 
    left join
        app_users dv1_0 
            on dv1_0.id=v1_0.dono_usuario_id 
    left join
        trips t1_0 
            on t1_0.id=e1_0.trip_id 
    left join
        veiculos v3_0 
            on v3_0.id=e1_0.vehicle_id 
    where
        dv1_0.id=? 
    order by
        e1_0.occurred_at desc
Hibernate: 
    select
        e1_0.id,
        e1_0.amount,
        e1_0.category,
        e1_0.description,
        e1_0.occurred_at,
        t1_0.id,
        t1_0.actual_amount,
        t1_0.app_platform,
        t1_0.created_at,
        t1_0.customer_id,
        t1_0.destination,
        t1_0.distance_km,
        t1_0.end_at,
        t1_0.estimated_amount,
        t1_0.fuel_efficiency_km_liter,
        t1_0.fuel_price,
        t1_0.fuel_type,
        t1_0.notes,
        t1_0.origin,
        t1_0.start_at,
        t1_0.status,
        t1_0.toll_amount,
        t1_0.trip_type,
        t1_0.vehicle_id,
        v3_0.id,
        v3_0.ano,
        v3_0.ativo,
        v3_0.cor,
        v3_0.dono_usuario_id,
        v3_0.km_atual,
        v3_0.modelo,
        v3_0.placa 
    from
        expenses e1_0 
    left join
        veiculos v1_0 
            on v1_0.id=e1_0.vehicle_id 
    left join
        app_users dv1_0 
            on dv1_0.id=v1_0.dono_usuario_id 
    left join
        trips t1_0 
            on t1_0.id=e1_0.trip_id 
    left join
        veiculos v3_0 
            on v3_0.id=e1_0.vehicle_id 
    where
        dv1_0.id=? 
    order by
        e1_0.occurred_at desc
2026-03-27T20:52:59.124-03:00 DEBUG 25092 --- [ServiceGo] [io-8080-exec-10] o.s.web.servlet.DispatcherServlet        : Completed 200 OK
2026-03-27T20:52:59.127-03:00 DEBUG 25092 --- [ServiceGo] [nio-8080-exec-6] m.m.a.RequestResponseBodyMethodProcessor : Writing [[PaymentResponse[id=9, tripId=13, customerId=1, method=PIX, status=PAGO, amount=60.00, pagamentoParc (truncated)...]
2026-03-27T20:52:59.130-03:00 DEBUG 25092 --- [ServiceGo] [nio-8080-exec-2] org.hibernate.SQL                        : 
    select
        t1_0.id,
        t1_0.actual_amount,
        t1_0.app_platform,
        t1_0.created_at,
        c1_0.id,
        c1_0.created_at,
        c1_0.email,
        c1_0.name,
        c1_0.notes,
        c1_0.owner_user_id,
        c1_0.phone,
        t1_0.destination,
        t1_0.distance_km,
        t1_0.end_at,
        t1_0.estimated_amount,
        t1_0.fuel_efficiency_km_liter,
        t1_0.fuel_price,
        t1_0.fuel_type,
        t1_0.notes,
        t1_0.origin,
        t1_0.start_at,
        t1_0.status,
        t1_0.toll_amount,
        t1_0.trip_type,
        v2_0.id,
        v2_0.ano,
        v2_0.ativo,
        v2_0.cor,
        v2_0.dono_usuario_id,
        dv2_0.id,
        dv2_0.active,
        dv2_0.created_at,
        dv2_0.email,
        dv2_0.name,
        dv2_0.password_hash,
        dv2_0.plan_type,
        dv2_0.role,
        dv2_0.subscription_ends_at,
        dv2_0.subscription_source,
        dv2_0.subscription_status,
        dv2_0.trial_ends_at,
        v2_0.km_atual,
        v2_0.modelo,
        v2_0.placa 
    from
        trips t1_0 
    left join
        veiculos v1_0 
            on v1_0.id=t1_0.vehicle_id 
    left join
        app_users dv1_0 
            on dv1_0.id=v1_0.dono_usuario_id 
    left join
        customers c1_0 
            on c1_0.id=t1_0.customer_id 
    left join
        veiculos v2_0 
            on v2_0.id=t1_0.vehicle_id 
    left join
        app_users dv2_0 
            on dv2_0.id=v2_0.dono_usuario_id 
    where
        dv1_0.id=? 
    order by
        t1_0.start_at desc
Hibernate: 
    select
        t1_0.id,
        t1_0.actual_amount,
        t1_0.app_platform,
        t1_0.created_at,
        c1_0.id,
        c1_0.created_at,
        c1_0.email,
        c1_0.name,
        c1_0.notes,
        c1_0.owner_user_id,
        c1_0.phone,
        t1_0.destination,
        t1_0.distance_km,
        t1_0.end_at,
        t1_0.estimated_amount,
        t1_0.fuel_efficiency_km_liter,
        t1_0.fuel_price,
        t1_0.fuel_type,
        t1_0.notes,
        t1_0.origin,
        t1_0.start_at,
        t1_0.status,
        t1_0.toll_amount,
        t1_0.trip_type,
        v2_0.id,
        v2_0.ano,
        v2_0.ativo,
        v2_0.cor,
        v2_0.dono_usuario_id,
        dv2_0.id,
        dv2_0.active,
        dv2_0.created_at,
        dv2_0.email,
        dv2_0.name,
        dv2_0.password_hash,
        dv2_0.plan_type,
        dv2_0.role,
        dv2_0.subscription_ends_at,
        dv2_0.subscription_source,
        dv2_0.subscription_status,
        dv2_0.trial_ends_at,
        v2_0.km_atual,
        v2_0.modelo,
        v2_0.placa 
    from
        trips t1_0 
    left join
        veiculos v1_0 
            on v1_0.id=t1_0.vehicle_id 
    left join
        app_users dv1_0 
            on dv1_0.id=v1_0.dono_usuario_id 
    left join
        customers c1_0 
            on c1_0.id=t1_0.customer_id 
    left join
        veiculos v2_0 
            on v2_0.id=t1_0.vehicle_id 
    left join
        app_users dv2_0 
            on dv2_0.id=v2_0.dono_usuario_id 
    where
        dv1_0.id=? 
    order by
        t1_0.start_at desc
2026-03-27T20:52:59.132-03:00 DEBUG 25092 --- [ServiceGo] [nio-8080-exec-6] o.s.web.servlet.DispatcherServlet        : Completed 200 OK
2026-03-27T20:52:59.136-03:00 DEBUG 25092 --- [ServiceGo] [nio-8080-exec-5] m.m.a.RequestResponseBodyMethodProcessor : Using 'application/json', given [*/*] and supported [application/json, application/*+json, application/yaml]
2026-03-27T20:52:59.136-03:00 DEBUG 25092 --- [ServiceGo] [nio-8080-exec-5] m.m.a.RequestResponseBodyMethodProcessor : Writing [[ExpenseResponse[id=6, tripId=13, veiculoId=1, veiculoPlaca=FNZ8D38, category=PEDAGIO, amount=15.00, (truncated)...]
2026-03-27T20:52:59.142-03:00 DEBUG 25092 --- [ServiceGo] [nio-8080-exec-2] m.m.a.RequestResponseBodyMethodProcessor : Using 'application/json', given [*/*] and supported [application/json, application/*+json, application/yaml]
2026-03-27T20:52:59.145-03:00 DEBUG 25092 --- [ServiceGo] [nio-8080-exec-5] o.s.web.servlet.DispatcherServlet        : Completed 200 OK
2026-03-27T20:52:59.145-03:00 DEBUG 25092 --- [ServiceGo] [nio-8080-exec-2] m.m.a.RequestResponseBodyMethodProcessor : Writing [[TripResponse[id=12, customerId=null, customerName=null, veiculoId=1, veiculoPlaca=FNZ8D38, veiculoM (truncated)...]
2026-03-27T20:52:59.149-03:00 DEBUG 25092 --- [ServiceGo] [nio-8080-exec-2] o.s.web.servlet.DispatcherServlet        : Completed 200 OK
2026-03-27T20:52:59.168-03:00 DEBUG 25092 --- [ServiceGo] [nio-8080-exec-1] org.hibernate.SQL                        : 
    select
        au1_0.id,
        au1_0.active,
        au1_0.created_at,
        au1_0.email,
        au1_0.name,
        au1_0.password_hash,
        au1_0.plan_type,
        au1_0.role,
        au1_0.subscription_ends_at,
        au1_0.subscription_source,
        au1_0.subscription_status,
        au1_0.trial_ends_at 
    from
        app_users au1_0 
    where
        upper(au1_0.email)=upper(?) 
        and au1_0.active=true
Hibernate: 
    select
        au1_0.id,
        au1_0.active,
        au1_0.created_at,
        au1_0.email,
        au1_0.name,
        au1_0.password_hash,
        au1_0.plan_type,
        au1_0.role,
        au1_0.subscription_ends_at,
        au1_0.subscription_source,
        au1_0.subscription_status,
        au1_0.trial_ends_at 
    from
        app_users au1_0 
    where
        upper(au1_0.email)=upper(?) 
        and au1_0.active=true
2026-03-27T20:52:59.174-03:00 DEBUG 25092 --- [ServiceGo] [nio-8080-exec-1] o.s.web.servlet.DispatcherServlet        : GET "/api/customers", parameters={}
2026-03-27T20:52:59.175-03:00 DEBUG 25092 --- [ServiceGo] [nio-8080-exec-1] s.w.s.m.m.a.RequestMappingHandlerMapping : Mapped to com.ServiceGo.api.controller.CustomerController#list(Authentication)
2026-03-27T20:52:59.183-03:00 DEBUG 25092 --- [ServiceGo] [nio-8080-exec-1] org.hibernate.SQL                        : 
    select
        au1_0.id,
        au1_0.active,
        au1_0.created_at,
        au1_0.email,
        au1_0.name,
        au1_0.password_hash,
        au1_0.plan_type,
        au1_0.role,
        au1_0.subscription_ends_at,
        au1_0.subscription_source,
        au1_0.subscription_status,
        au1_0.trial_ends_at 
    from
        app_users au1_0 
    where
        upper(au1_0.email)=upper(?)
Hibernate: 
    select
        au1_0.id,
        au1_0.active,
        au1_0.created_at,
        au1_0.email,
        au1_0.name,
        au1_0.password_hash,
        au1_0.plan_type,
        au1_0.role,
        au1_0.subscription_ends_at,
        au1_0.subscription_source,
        au1_0.subscription_status,
        au1_0.trial_ends_at 
    from
        app_users au1_0 
    where
        upper(au1_0.email)=upper(?)
2026-03-27T20:52:59.195-03:00 DEBUG 25092 --- [ServiceGo] [nio-8080-exec-1] org.hibernate.SQL                        : 
    select
        c1_0.id,
        c1_0.created_at,
        c1_0.email,
        c1_0.name,
        c1_0.notes,
        c1_0.owner_user_id,
        c1_0.phone 
    from
        customers c1_0 
    where
        c1_0.owner_user_id=? 
    order by
        c1_0.name
Hibernate: 
    select
        c1_0.id,
        c1_0.created_at,
        c1_0.email,
        c1_0.name,
        c1_0.notes,
        c1_0.owner_user_id,
        c1_0.phone 
    from
        customers c1_0 
    where
        c1_0.owner_user_id=? 
    order by
        c1_0.name
2026-03-27T20:52:59.203-03:00 DEBUG 25092 --- [ServiceGo] [nio-8080-exec-9] org.hibernate.SQL                        : 
    select
        au1_0.id,
        au1_0.active,
        au1_0.created_at,
        au1_0.email,
        au1_0.name,
        au1_0.password_hash,
        au1_0.plan_type,
        au1_0.role,
        au1_0.subscription_ends_at,
        au1_0.subscription_source,
        au1_0.subscription_status,
        au1_0.trial_ends_at 
    from
        app_users au1_0 
    where
        upper(au1_0.email)=upper(?) 
        and au1_0.active=true
Hibernate: 
    select
        au1_0.id,
        au1_0.active,
        au1_0.created_at,
        au1_0.email,
        au1_0.name,
        au1_0.password_hash,
        au1_0.plan_type,
        au1_0.role,
        au1_0.subscription_ends_at,
        au1_0.subscription_source,
        au1_0.subscription_status,
        au1_0.trial_ends_at 
    from
        app_users au1_0 
    where
        upper(au1_0.email)=upper(?) 
        and au1_0.active=true
2026-03-27T20:52:59.212-03:00 DEBUG 25092 --- [ServiceGo] [nio-8080-exec-7] org.hibernate.SQL                        : 
    select
        au1_0.id,
        au1_0.active,
        au1_0.created_at,
        au1_0.email,
        au1_0.name,
        au1_0.password_hash,
        au1_0.plan_type,
        au1_0.role,
        au1_0.subscription_ends_at,
        au1_0.subscription_source,
        au1_0.subscription_status,
        au1_0.trial_ends_at 
    from
        app_users au1_0 
    where
        upper(au1_0.email)=upper(?) 
        and au1_0.active=true
Hibernate: 
    select
        au1_0.id,
        au1_0.active,
        au1_0.created_at,
        au1_0.email,
        au1_0.name,
        au1_0.password_hash,
        au1_0.plan_type,
        au1_0.role,
        au1_0.subscription_ends_at,
        au1_0.subscription_source,
        au1_0.subscription_status,
        au1_0.trial_ends_at 
    from
        app_users au1_0 
    where
        upper(au1_0.email)=upper(?) 
        and au1_0.active=true
2026-03-27T20:52:59.213-03:00 DEBUG 25092 --- [ServiceGo] [nio-8080-exec-1] m.m.a.RequestResponseBodyMethodProcessor : Using 'application/json', given [*/*] and supported [application/json, application/*+json, application/yaml]
2026-03-27T20:52:59.213-03:00 DEBUG 25092 --- [ServiceGo] [nio-8080-exec-1] m.m.a.RequestResponseBodyMethodProcessor : Writing [[CustomerResponse[id=1, name=Cintra, phone=22999999999, email=user@user.com, notes=testando, created (truncated)...]
2026-03-27T20:52:59.206-03:00 DEBUG 25092 --- [ServiceGo] [nio-8080-exec-4] org.hibernate.SQL                        : 
    select
        au1_0.id,
        au1_0.active,
        au1_0.created_at,
        au1_0.email,
        au1_0.name,
        au1_0.password_hash,
        au1_0.plan_type,
        au1_0.role,
        au1_0.subscription_ends_at,
        au1_0.subscription_source,
        au1_0.subscription_status,
        au1_0.trial_ends_at 
    from
        app_users au1_0 
    where
        upper(au1_0.email)=upper(?) 
        and au1_0.active=true
Hibernate: 
    select
        au1_0.id,
        au1_0.active,
        au1_0.created_at,
        au1_0.email,
        au1_0.name,
        au1_0.password_hash,
        au1_0.plan_type,
        au1_0.role,
        au1_0.subscription_ends_at,
        au1_0.subscription_source,
        au1_0.subscription_status,
        au1_0.trial_ends_at 
    from
        app_users au1_0 
    where
        upper(au1_0.email)=upper(?) 
        and au1_0.active=true
2026-03-27T20:52:59.214-03:00 DEBUG 25092 --- [ServiceGo] [nio-8080-exec-1] o.s.web.servlet.DispatcherServlet        : Completed 200 OK
2026-03-27T20:52:59.215-03:00 DEBUG 25092 --- [ServiceGo] [nio-8080-exec-9] o.s.web.servlet.DispatcherServlet        : GET "/api/veiculos", parameters={}
2026-03-27T20:52:59.216-03:00 DEBUG 25092 --- [ServiceGo] [nio-8080-exec-9] s.w.s.m.m.a.RequestMappingHandlerMapping : Mapped to com.ServiceGo.api.controller.VeiculoController#list(Authentication)
2026-03-27T20:52:59.209-03:00 DEBUG 25092 --- [ServiceGo] [nio-8080-exec-8] org.hibernate.SQL                        : 
    select
        au1_0.id,
        au1_0.active,
        au1_0.created_at,
        au1_0.email,
        au1_0.name,
        au1_0.password_hash,
        au1_0.plan_type,
        au1_0.role,
        au1_0.subscription_ends_at,
        au1_0.subscription_source,
        au1_0.subscription_status,
        au1_0.trial_ends_at 
    from
        app_users au1_0 
    where
        upper(au1_0.email)=upper(?) 
        and au1_0.active=true
Hibernate: 
    select
        au1_0.id,
        au1_0.active,
        au1_0.created_at,
        au1_0.email,
        au1_0.name,
        au1_0.password_hash,
        au1_0.plan_type,
        au1_0.role,
        au1_0.subscription_ends_at,
        au1_0.subscription_source,
        au1_0.subscription_status,
        au1_0.trial_ends_at 
    from
        app_users au1_0 
    where
        upper(au1_0.email)=upper(?) 
        and au1_0.active=true
2026-03-27T20:52:59.224-03:00 DEBUG 25092 --- [ServiceGo] [nio-8080-exec-4] o.s.web.servlet.DispatcherServlet        : GET "/api/payments", parameters={}
2026-03-27T20:52:59.224-03:00 DEBUG 25092 --- [ServiceGo] [nio-8080-exec-9] org.hibernate.SQL                        : 
    select
        au1_0.id,
        au1_0.active,
        au1_0.created_at,
        au1_0.email,
        au1_0.name,
        au1_0.password_hash,
        au1_0.plan_type,
        au1_0.role,
        au1_0.subscription_ends_at,
        au1_0.subscription_source,
        au1_0.subscription_status,
        au1_0.trial_ends_at 
    from
        app_users au1_0 
    where
        upper(au1_0.email)=upper(?)
Hibernate: 
    select
        au1_0.id,
        au1_0.active,
        au1_0.created_at,
        au1_0.email,
        au1_0.name,
        au1_0.password_hash,
        au1_0.plan_type,
        au1_0.role,
        au1_0.subscription_ends_at,
        au1_0.subscription_source,
        au1_0.subscription_status,
        au1_0.trial_ends_at 
    from
        app_users au1_0 
    where
        upper(au1_0.email)=upper(?)
2026-03-27T20:52:59.227-03:00 DEBUG 25092 --- [ServiceGo] [nio-8080-exec-7] o.s.web.servlet.DispatcherServlet        : GET "/api/expenses", parameters={}
2026-03-27T20:52:59.227-03:00 DEBUG 25092 --- [ServiceGo] [nio-8080-exec-8] o.s.web.servlet.DispatcherServlet        : GET "/api/trips", parameters={}
2026-03-27T20:52:59.228-03:00 DEBUG 25092 --- [ServiceGo] [nio-8080-exec-4] s.w.s.m.m.a.RequestMappingHandlerMapping : Mapped to com.ServiceGo.api.controller.PaymentController#list(Authentication)
2026-03-27T20:52:59.229-03:00 DEBUG 25092 --- [ServiceGo] [nio-8080-exec-8] s.w.s.m.m.a.RequestMappingHandlerMapping : Mapped to com.ServiceGo.api.controller.TripController#list(Authentication)
2026-03-27T20:52:59.229-03:00 DEBUG 25092 --- [ServiceGo] [nio-8080-exec-7] s.w.s.m.m.a.RequestMappingHandlerMapping : Mapped to com.ServiceGo.api.controller.ExpenseController#list(Authentication)
2026-03-27T20:52:59.234-03:00 DEBUG 25092 --- [ServiceGo] [nio-8080-exec-8] org.hibernate.SQL                        : 
    select
        au1_0.id,
        au1_0.active,
        au1_0.created_at,
        au1_0.email,
        au1_0.name,
        au1_0.password_hash,
        au1_0.plan_type,
        au1_0.role,
        au1_0.subscription_ends_at,
        au1_0.subscription_source,
        au1_0.subscription_status,
        au1_0.trial_ends_at 
    from
        app_users au1_0 
    where
        upper(au1_0.email)=upper(?)
Hibernate: 
    select
        au1_0.id,
        au1_0.active,
        au1_0.created_at,
        au1_0.email,
        au1_0.name,
        au1_0.password_hash,
        au1_0.plan_type,
        au1_0.role,
        au1_0.subscription_ends_at,
        au1_0.subscription_source,
        au1_0.subscription_status,
        au1_0.trial_ends_at 
    from
        app_users au1_0 
    where
        upper(au1_0.email)=upper(?)
2026-03-27T20:52:59.234-03:00 DEBUG 25092 --- [ServiceGo] [nio-8080-exec-7] org.hibernate.SQL                        : 
    select
        au1_0.id,
        au1_0.active,
        au1_0.created_at,
        au1_0.email,
        au1_0.name,
        au1_0.password_hash,
        au1_0.plan_type,
        au1_0.role,
        au1_0.subscription_ends_at,
        au1_0.subscription_source,
        au1_0.subscription_status,
        au1_0.trial_ends_at 
    from
        app_users au1_0 
    where
        upper(au1_0.email)=upper(?)
Hibernate: 
    select
        au1_0.id,
        au1_0.active,
        au1_0.created_at,
        au1_0.email,
        au1_0.name,
        au1_0.password_hash,
        au1_0.plan_type,
        au1_0.role,
        au1_0.subscription_ends_at,
        au1_0.subscription_source,
        au1_0.subscription_status,
        au1_0.trial_ends_at 
    from
        app_users au1_0 
    where
        upper(au1_0.email)=upper(?)
2026-03-27T20:52:59.240-03:00 DEBUG 25092 --- [ServiceGo] [nio-8080-exec-4] org.hibernate.SQL                        : 
    select
        au1_0.id,
        au1_0.active,
        au1_0.created_at,
        au1_0.email,
        au1_0.name,
        au1_0.password_hash,
        au1_0.plan_type,
        au1_0.role,
        au1_0.subscription_ends_at,
        au1_0.subscription_source,
        au1_0.subscription_status,
        au1_0.trial_ends_at 
    from
        app_users au1_0 
    where
        upper(au1_0.email)=upper(?)
Hibernate: 
    select
        au1_0.id,
        au1_0.active,
        au1_0.created_at,
        au1_0.email,
        au1_0.name,
        au1_0.password_hash,
        au1_0.plan_type,
        au1_0.role,
        au1_0.subscription_ends_at,
        au1_0.subscription_source,
        au1_0.subscription_status,
        au1_0.trial_ends_at 
    from
        app_users au1_0 
    where
        upper(au1_0.email)=upper(?)
2026-03-27T20:52:59.256-03:00 DEBUG 25092 --- [ServiceGo] [nio-8080-exec-9] org.hibernate.SQL                        : 
    select
        v1_0.id,
        v1_0.ano,
        v1_0.ativo,
        v1_0.cor,
        v1_0.dono_usuario_id,
        dv1_0.id,
        dv1_0.active,
        dv1_0.created_at,
        dv1_0.email,
        dv1_0.name,
        dv1_0.password_hash,
        dv1_0.plan_type,
        dv1_0.role,
        dv1_0.subscription_ends_at,
        dv1_0.subscription_source,
        dv1_0.subscription_status,
        dv1_0.trial_ends_at,
        v1_0.km_atual,
        v1_0.modelo,
        v1_0.placa 
    from
        veiculos v1_0 
    join
        app_users dv1_0 
            on dv1_0.id=v1_0.dono_usuario_id 
    where
        v1_0.dono_usuario_id=? 
    order by
        v1_0.modelo
Hibernate: 
    select
        v1_0.id,
        v1_0.ano,
        v1_0.ativo,
        v1_0.cor,
        v1_0.dono_usuario_id,
        dv1_0.id,
        dv1_0.active,
        dv1_0.created_at,
        dv1_0.email,
        dv1_0.name,
        dv1_0.password_hash,
        dv1_0.plan_type,
        dv1_0.role,
        dv1_0.subscription_ends_at,
        dv1_0.subscription_source,
        dv1_0.subscription_status,
        dv1_0.trial_ends_at,
        v1_0.km_atual,
        v1_0.modelo,
        v1_0.placa 
    from
        veiculos v1_0 
    join
        app_users dv1_0 
            on dv1_0.id=v1_0.dono_usuario_id 
    where
        v1_0.dono_usuario_id=? 
    order by
        v1_0.modelo
2026-03-27T20:52:59.260-03:00 DEBUG 25092 --- [ServiceGo] [nio-8080-exec-7] org.hibernate.SQL                        : 
    select
        au1_0.id,
        au1_0.active,
        au1_0.created_at,
        au1_0.email,
        au1_0.name,
        au1_0.password_hash,
        au1_0.plan_type,
        au1_0.role,
        au1_0.subscription_ends_at,
        au1_0.subscription_source,
        au1_0.subscription_status,
        au1_0.trial_ends_at 
    from
        app_users au1_0 
    where
        upper(au1_0.email)=upper(?)
Hibernate: 
    select
        au1_0.id,
        au1_0.active,
        au1_0.created_at,
        au1_0.email,
        au1_0.name,
        au1_0.password_hash,
        au1_0.plan_type,
        au1_0.role,
        au1_0.subscription_ends_at,
        au1_0.subscription_source,
        au1_0.subscription_status,
        au1_0.trial_ends_at 
    from
        app_users au1_0 
    where
        upper(au1_0.email)=upper(?)
2026-03-27T20:52:59.267-03:00 DEBUG 25092 --- [ServiceGo] [nio-8080-exec-8] org.hibernate.SQL                        : 
    select
        t1_0.id,
        t1_0.actual_amount,
        t1_0.app_platform,
        t1_0.created_at,
        c1_0.id,
        c1_0.created_at,
        c1_0.email,
        c1_0.name,
        c1_0.notes,
        c1_0.owner_user_id,
        c1_0.phone,
        t1_0.destination,
        t1_0.distance_km,
        t1_0.end_at,
        t1_0.estimated_amount,
        t1_0.fuel_efficiency_km_liter,
        t1_0.fuel_price,
        t1_0.fuel_type,
        t1_0.notes,
        t1_0.origin,
        t1_0.start_at,
        t1_0.status,
        t1_0.toll_amount,
        t1_0.trip_type,
        v2_0.id,
        v2_0.ano,
        v2_0.ativo,
        v2_0.cor,
        v2_0.dono_usuario_id,
        dv2_0.id,
        dv2_0.active,
        dv2_0.created_at,
        dv2_0.email,
        dv2_0.name,
        dv2_0.password_hash,
        dv2_0.plan_type,
        dv2_0.role,
        dv2_0.subscription_ends_at,
        dv2_0.subscription_source,
        dv2_0.subscription_status,
        dv2_0.trial_ends_at,
        v2_0.km_atual,
        v2_0.modelo,
        v2_0.placa 
    from
        trips t1_0 
    left join
        veiculos v1_0 
            on v1_0.id=t1_0.vehicle_id 
    left join
        app_users dv1_0 
            on dv1_0.id=v1_0.dono_usuario_id 
    left join
        customers c1_0 
            on c1_0.id=t1_0.customer_id 
    left join
        veiculos v2_0 
            on v2_0.id=t1_0.vehicle_id 
    left join
        app_users dv2_0 
            on dv2_0.id=v2_0.dono_usuario_id 
    where
        dv1_0.id=? 
    order by
        t1_0.start_at desc
Hibernate: 
    select
        t1_0.id,
        t1_0.actual_amount,
        t1_0.app_platform,
        t1_0.created_at,
        c1_0.id,
        c1_0.created_at,
        c1_0.email,
        c1_0.name,
        c1_0.notes,
        c1_0.owner_user_id,
        c1_0.phone,
        t1_0.destination,
        t1_0.distance_km,
        t1_0.end_at,
        t1_0.estimated_amount,
        t1_0.fuel_efficiency_km_liter,
        t1_0.fuel_price,
        t1_0.fuel_type,
        t1_0.notes,
        t1_0.origin,
        t1_0.start_at,
        t1_0.status,
        t1_0.toll_amount,
        t1_0.trip_type,
        v2_0.id,
        v2_0.ano,
        v2_0.ativo,
        v2_0.cor,
        v2_0.dono_usuario_id,
        dv2_0.id,
        dv2_0.active,
        dv2_0.created_at,
        dv2_0.email,
        dv2_0.name,
        dv2_0.password_hash,
        dv2_0.plan_type,
        dv2_0.role,
        dv2_0.subscription_ends_at,
        dv2_0.subscription_source,
        dv2_0.subscription_status,
        dv2_0.trial_ends_at,
        v2_0.km_atual,
        v2_0.modelo,
        v2_0.placa 
    from
        trips t1_0 
    left join
        veiculos v1_0 
            on v1_0.id=t1_0.vehicle_id 
    left join
        app_users dv1_0 
            on dv1_0.id=v1_0.dono_usuario_id 
    left join
        customers c1_0 
            on c1_0.id=t1_0.customer_id 
    left join
        veiculos v2_0 
            on v2_0.id=t1_0.vehicle_id 
    left join
        app_users dv2_0 
            on dv2_0.id=v2_0.dono_usuario_id 
    where
        dv1_0.id=? 
    order by
        t1_0.start_at desc
2026-03-27T20:52:59.273-03:00 DEBUG 25092 --- [ServiceGo] [nio-8080-exec-9] m.m.a.RequestResponseBodyMethodProcessor : Using 'application/json', given [*/*] and supported [application/json, application/*+json, application/yaml]
2026-03-27T20:52:59.273-03:00 DEBUG 25092 --- [ServiceGo] [nio-8080-exec-9] m.m.a.RequestResponseBodyMethodProcessor : Writing [[VeiculoResponse[id=1, modelo=HB20S, placa=FNZ8D38, ano=2015, cor=Azul, ativo=true, kmAtual=145000.0 (truncated)...]
2026-03-27T20:52:59.274-03:00 DEBUG 25092 --- [ServiceGo] [nio-8080-exec-8] m.m.a.RequestResponseBodyMethodProcessor : Using 'application/json', given [*/*] and supported [application/json, application/*+json, application/yaml]
2026-03-27T20:52:59.275-03:00 DEBUG 25092 --- [ServiceGo] [nio-8080-exec-8] m.m.a.RequestResponseBodyMethodProcessor : Writing [[TripResponse[id=12, customerId=null, customerName=null, veiculoId=1, veiculoPlaca=FNZ8D38, veiculoM (truncated)...]
2026-03-27T20:52:59.276-03:00 DEBUG 25092 --- [ServiceGo] [nio-8080-exec-8] o.s.web.servlet.DispatcherServlet        : Completed 200 OK
2026-03-27T20:52:59.278-03:00 DEBUG 25092 --- [ServiceGo] [nio-8080-exec-9] o.s.web.servlet.DispatcherServlet        : Completed 200 OK
2026-03-27T20:52:59.281-03:00 DEBUG 25092 --- [ServiceGo] [nio-8080-exec-7] org.hibernate.SQL                        : 
    select
        e1_0.id,
        e1_0.amount,
        e1_0.category,
        e1_0.description,
        e1_0.occurred_at,
        t1_0.id,
        t1_0.actual_amount,
        t1_0.app_platform,
        t1_0.created_at,
        t1_0.customer_id,
        t1_0.destination,
        t1_0.distance_km,
        t1_0.end_at,
        t1_0.estimated_amount,
        t1_0.fuel_efficiency_km_liter,
        t1_0.fuel_price,
        t1_0.fuel_type,
        t1_0.notes,
        t1_0.origin,
        t1_0.start_at,
        t1_0.status,
        t1_0.toll_amount,
        t1_0.trip_type,
        t1_0.vehicle_id,
        v3_0.id,
        v3_0.ano,
        v3_0.ativo,
        v3_0.cor,
        v3_0.dono_usuario_id,
        v3_0.km_atual,
        v3_0.modelo,
        v3_0.placa 
    from
        expenses e1_0 
    left join
        veiculos v1_0 
            on v1_0.id=e1_0.vehicle_id 
    left join
        app_users dv1_0 
            on dv1_0.id=v1_0.dono_usuario_id 
    left join
        trips t1_0 
            on t1_0.id=e1_0.trip_id 
    left join
        veiculos v3_0 
            on v3_0.id=e1_0.vehicle_id 
    where
        dv1_0.id=? 
    order by
        e1_0.occurred_at desc
Hibernate: 
    select
        e1_0.id,
        e1_0.amount,
        e1_0.category,
        e1_0.description,
        e1_0.occurred_at,
        t1_0.id,
        t1_0.actual_amount,
        t1_0.app_platform,
        t1_0.created_at,
        t1_0.customer_id,
        t1_0.destination,
        t1_0.distance_km,
        t1_0.end_at,
        t1_0.estimated_amount,
        t1_0.fuel_efficiency_km_liter,
        t1_0.fuel_price,
        t1_0.fuel_type,
        t1_0.notes,
        t1_0.origin,
        t1_0.start_at,
        t1_0.status,
        t1_0.toll_amount,
        t1_0.trip_type,
        t1_0.vehicle_id,
        v3_0.id,
        v3_0.ano,
        v3_0.ativo,
        v3_0.cor,
        v3_0.dono_usuario_id,
        v3_0.km_atual,
        v3_0.modelo,
        v3_0.placa 
    from
        expenses e1_0 
    left join
        veiculos v1_0 
            on v1_0.id=e1_0.vehicle_id 
    left join
        app_users dv1_0 
            on dv1_0.id=v1_0.dono_usuario_id 
    left join
        trips t1_0 
            on t1_0.id=e1_0.trip_id 
    left join
        veiculos v3_0 
            on v3_0.id=e1_0.vehicle_id 
    where
        dv1_0.id=? 
    order by
        e1_0.occurred_at desc
2026-03-27T20:52:59.286-03:00 DEBUG 25092 --- [ServiceGo] [nio-8080-exec-4] org.hibernate.SQL                        : 
    select
        p1_0.id,
        p1_0.amount,
        c1_0.id,
        c1_0.created_at,
        c1_0.email,
        c1_0.name,
        c1_0.notes,
        c1_0.owner_user_id,
        c1_0.phone,
        p1_0.due_at,
        p1_0.method,
        p1_0.notes,
        p1_0.numero_parcela,
        p1_0.owner_user_id,
        ou2_0.id,
        ou2_0.active,
        ou2_0.created_at,
        ou2_0.email,
        ou2_0.name,
        ou2_0.password_hash,
        ou2_0.plan_type,
        ou2_0.role,
        ou2_0.subscription_ends_at,
        ou2_0.subscription_source,
        ou2_0.subscription_status,
        ou2_0.trial_ends_at,
        p1_0.pagamento_parcial,
        p1_0.paid_at,
        p1_0.reference_code,
        p1_0.status,
        t1_0.id,
        t1_0.actual_amount,
        t1_0.app_platform,
        t1_0.created_at,
        t1_0.customer_id,
        t1_0.destination,
        t1_0.distance_km,
        t1_0.end_at,
        t1_0.estimated_amount,
        t1_0.fuel_efficiency_km_liter,
        t1_0.fuel_price,
        t1_0.fuel_type,
        t1_0.notes,
        t1_0.origin,
        t1_0.start_at,
        t1_0.status,
        t1_0.toll_amount,
        t1_0.trip_type,
        t1_0.vehicle_id 
    from
        payments p1_0 
    left join
        customers c1_0 
            on c1_0.id=p1_0.customer_id 
    join
        app_users ou2_0 
            on ou2_0.id=p1_0.owner_user_id 
    left join
        trips t1_0 
            on t1_0.id=p1_0.trip_id 
    where
        p1_0.owner_user_id=? 
    order by
        p1_0.id desc
Hibernate: 
    select
        p1_0.id,
        p1_0.amount,
        c1_0.id,
        c1_0.created_at,
        c1_0.email,
        c1_0.name,
        c1_0.notes,
        c1_0.owner_user_id,
        c1_0.phone,
        p1_0.due_at,
        p1_0.method,
        p1_0.notes,
        p1_0.numero_parcela,
        p1_0.owner_user_id,
        ou2_0.id,
        ou2_0.active,
        ou2_0.created_at,
        ou2_0.email,
        ou2_0.name,
        ou2_0.password_hash,
        ou2_0.plan_type,
        ou2_0.role,
        ou2_0.subscription_ends_at,
        ou2_0.subscription_source,
        ou2_0.subscription_status,
        ou2_0.trial_ends_at,
        p1_0.pagamento_parcial,
        p1_0.paid_at,
        p1_0.reference_code,
        p1_0.status,
        t1_0.id,
        t1_0.actual_amount,
        t1_0.app_platform,
        t1_0.created_at,
        t1_0.customer_id,
        t1_0.destination,
        t1_0.distance_km,
        t1_0.end_at,
        t1_0.estimated_amount,
        t1_0.fuel_efficiency_km_liter,
        t1_0.fuel_price,
        t1_0.fuel_type,
        t1_0.notes,
        t1_0.origin,
        t1_0.start_at,
        t1_0.status,
        t1_0.toll_amount,
        t1_0.trip_type,
        t1_0.vehicle_id 
    from
        payments p1_0 
    left join
        customers c1_0 
            on c1_0.id=p1_0.customer_id 
    join
        app_users ou2_0 
            on ou2_0.id=p1_0.owner_user_id 
    left join
        trips t1_0 
            on t1_0.id=p1_0.trip_id 
    where
        p1_0.owner_user_id=? 
    order by
        p1_0.id desc
2026-03-27T20:52:59.293-03:00 DEBUG 25092 --- [ServiceGo] [nio-8080-exec-7] m.m.a.RequestResponseBodyMethodProcessor : Using 'application/json', given [*/*] and supported [application/json, application/*+json, application/yaml]
2026-03-27T20:52:59.293-03:00 DEBUG 25092 --- [ServiceGo] [nio-8080-exec-4] m.m.a.RequestResponseBodyMethodProcessor : Using 'application/json', given [*/*] and supported [application/json, application/*+json, application/yaml]
2026-03-27T20:52:59.293-03:00 DEBUG 25092 --- [ServiceGo] [nio-8080-exec-7] m.m.a.RequestResponseBodyMethodProcessor : Writing [[ExpenseResponse[id=6, tripId=13, veiculoId=1, veiculoPlaca=FNZ8D38, category=PEDAGIO, amount=15.00, (truncated)...]
2026-03-27T20:52:59.293-03:00 DEBUG 25092 --- [ServiceGo] [nio-8080-exec-4] m.m.a.RequestResponseBodyMethodProcessor : Writing [[PaymentResponse[id=9, tripId=13, customerId=1, method=PIX, status=PAGO, amount=60.00, pagamentoParc (truncated)...]
2026-03-27T20:52:59.297-03:00 DEBUG 25092 --- [ServiceGo] [nio-8080-exec-7] o.s.web.servlet.DispatcherServlet        : Completed 200 OK
2026-03-27T20:52:59.298-03:00 DEBUG 25092 --- [ServiceGo] [nio-8080-exec-4] o.s.web.servlet.DispatcherServlet        : Completed 200 OK
2026-03-27T20:53:02.246-03:00 DEBUG 25092 --- [ServiceGo] [nio-8080-exec-3] org.hibernate.SQL                        : 
    select
        au1_0.id,
        au1_0.active,
        au1_0.created_at,
        au1_0.email,
        au1_0.name,
        au1_0.password_hash,
        au1_0.plan_type,
        au1_0.role,
        au1_0.subscription_ends_at,
        au1_0.subscription_source,
        au1_0.subscription_status,
        au1_0.trial_ends_at 
    from
        app_users au1_0 
    where
        upper(au1_0.email)=upper(?) 
        and au1_0.active=true
Hibernate: 
    select
        au1_0.id,
        au1_0.active,
        au1_0.created_at,
        au1_0.email,
        au1_0.name,
        au1_0.password_hash,
        au1_0.plan_type,
        au1_0.role,
        au1_0.subscription_ends_at,
        au1_0.subscription_source,
        au1_0.subscription_status,
        au1_0.trial_ends_at 
    from
        app_users au1_0 
    where
        upper(au1_0.email)=upper(?) 
        and au1_0.active=true
2026-03-27T20:53:02.249-03:00 DEBUG 25092 --- [ServiceGo] [nio-8080-exec-6] org.hibernate.SQL                        : 
    select
        au1_0.id,
        au1_0.active,
        au1_0.created_at,
        au1_0.email,
        au1_0.name,
        au1_0.password_hash,
        au1_0.plan_type,
        au1_0.role,
        au1_0.subscription_ends_at,
        au1_0.subscription_source,
        au1_0.subscription_status,
        au1_0.trial_ends_at 
    from
        app_users au1_0 
    where
        upper(au1_0.email)=upper(?) 
        and au1_0.active=true
Hibernate: 
    select
        au1_0.id,
        au1_0.active,
        au1_0.created_at,
        au1_0.email,
        au1_0.name,
        au1_0.password_hash,
        au1_0.plan_type,
        au1_0.role,
        au1_0.subscription_ends_at,
        au1_0.subscription_source,
        au1_0.subscription_status,
        au1_0.trial_ends_at 
    from
        app_users au1_0 
    where
        upper(au1_0.email)=upper(?) 
        and au1_0.active=true
2026-03-27T20:53:02.250-03:00 DEBUG 25092 --- [ServiceGo] [io-8080-exec-10] org.hibernate.SQL                        : 
    select
        au1_0.id,
        au1_0.active,
        au1_0.created_at,
        au1_0.email,
        au1_0.name,
        au1_0.password_hash,
        au1_0.plan_type,
        au1_0.role,
        au1_0.subscription_ends_at,
        au1_0.subscription_source,
        au1_0.subscription_status,
        au1_0.trial_ends_at 
    from
        app_users au1_0 
    where
        upper(au1_0.email)=upper(?) 
        and au1_0.active=true
Hibernate: 
    select
        au1_0.id,
        au1_0.active,
        au1_0.created_at,
        au1_0.email,
        au1_0.name,
        au1_0.password_hash,
        au1_0.plan_type,
        au1_0.role,
        au1_0.subscription_ends_at,
        au1_0.subscription_source,
        au1_0.subscription_status,
        au1_0.trial_ends_at 
    from
        app_users au1_0 
    where
        upper(au1_0.email)=upper(?) 
        and au1_0.active=true
2026-03-27T20:53:02.260-03:00 DEBUG 25092 --- [ServiceGo] [nio-8080-exec-6] o.s.web.servlet.DispatcherServlet        : GET "/api/payments", parameters={}
2026-03-27T20:53:02.260-03:00 DEBUG 25092 --- [ServiceGo] [nio-8080-exec-3] o.s.web.servlet.DispatcherServlet        : GET "/api/expenses", parameters={}
2026-03-27T20:53:02.261-03:00 DEBUG 25092 --- [ServiceGo] [nio-8080-exec-6] s.w.s.m.m.a.RequestMappingHandlerMapping : Mapped to com.ServiceGo.api.controller.PaymentController#list(Authentication)
2026-03-27T20:53:02.261-03:00 DEBUG 25092 --- [ServiceGo] [nio-8080-exec-3] s.w.s.m.m.a.RequestMappingHandlerMapping : Mapped to com.ServiceGo.api.controller.ExpenseController#list(Authentication)
2026-03-27T20:53:02.263-03:00 DEBUG 25092 --- [ServiceGo] [io-8080-exec-10] o.s.web.servlet.DispatcherServlet        : GET "/api/trips", parameters={}
2026-03-27T20:53:02.264-03:00 DEBUG 25092 --- [ServiceGo] [io-8080-exec-10] s.w.s.m.m.a.RequestMappingHandlerMapping : Mapped to com.ServiceGo.api.controller.TripController#list(Authentication)
2026-03-27T20:53:02.266-03:00 DEBUG 25092 --- [ServiceGo] [nio-8080-exec-6] org.hibernate.SQL                        : 
    select
        au1_0.id,
        au1_0.active,
        au1_0.created_at,
        au1_0.email,
        au1_0.name,
        au1_0.password_hash,
        au1_0.plan_type,
        au1_0.role,
        au1_0.subscription_ends_at,
        au1_0.subscription_source,
        au1_0.subscription_status,
        au1_0.trial_ends_at 
    from
        app_users au1_0 
    where
        upper(au1_0.email)=upper(?)
Hibernate: 
    select
        au1_0.id,
        au1_0.active,
        au1_0.created_at,
        au1_0.email,
        au1_0.name,
        au1_0.password_hash,
        au1_0.plan_type,
        au1_0.role,
        au1_0.subscription_ends_at,
        au1_0.subscription_source,
        au1_0.subscription_status,
        au1_0.trial_ends_at 
    from
        app_users au1_0 
    where
        upper(au1_0.email)=upper(?)
2026-03-27T20:53:02.266-03:00 DEBUG 25092 --- [ServiceGo] [nio-8080-exec-3] org.hibernate.SQL                        : 
    select
        au1_0.id,
        au1_0.active,
        au1_0.created_at,
        au1_0.email,
        au1_0.name,
        au1_0.password_hash,
        au1_0.plan_type,
        au1_0.role,
        au1_0.subscription_ends_at,
        au1_0.subscription_source,
        au1_0.subscription_status,
        au1_0.trial_ends_at 
    from
        app_users au1_0 
    where
        upper(au1_0.email)=upper(?)
Hibernate: 
    select
        au1_0.id,
        au1_0.active,
        au1_0.created_at,
        au1_0.email,
        au1_0.name,
        au1_0.password_hash,
        au1_0.plan_type,
        au1_0.role,
        au1_0.subscription_ends_at,
        au1_0.subscription_source,
        au1_0.subscription_status,
        au1_0.trial_ends_at 
    from
        app_users au1_0 
    where
        upper(au1_0.email)=upper(?)
2026-03-27T20:53:02.268-03:00 DEBUG 25092 --- [ServiceGo] [io-8080-exec-10] org.hibernate.SQL                        : 
    select
        au1_0.id,
        au1_0.active,
        au1_0.created_at,
        au1_0.email,
        au1_0.name,
        au1_0.password_hash,
        au1_0.plan_type,
        au1_0.role,
        au1_0.subscription_ends_at,
        au1_0.subscription_source,
        au1_0.subscription_status,
        au1_0.trial_ends_at 
    from
        app_users au1_0 
    where
        upper(au1_0.email)=upper(?)
Hibernate: 
    select
        au1_0.id,
        au1_0.active,
        au1_0.created_at,
        au1_0.email,
        au1_0.name,
        au1_0.password_hash,
        au1_0.plan_type,
        au1_0.role,
        au1_0.subscription_ends_at,
        au1_0.subscription_source,
        au1_0.subscription_status,
        au1_0.trial_ends_at 
    from
        app_users au1_0 
    where
        upper(au1_0.email)=upper(?)
2026-03-27T20:53:02.278-03:00 DEBUG 25092 --- [ServiceGo] [nio-8080-exec-3] org.hibernate.SQL                        : 
    select
        au1_0.id,
        au1_0.active,
        au1_0.created_at,
        au1_0.email,
        au1_0.name,
        au1_0.password_hash,
        au1_0.plan_type,
        au1_0.role,
        au1_0.subscription_ends_at,
        au1_0.subscription_source,
        au1_0.subscription_status,
        au1_0.trial_ends_at 
    from
        app_users au1_0 
    where
        upper(au1_0.email)=upper(?)
Hibernate: 
    select
        au1_0.id,
        au1_0.active,
        au1_0.created_at,
        au1_0.email,
        au1_0.name,
        au1_0.password_hash,
        au1_0.plan_type,
        au1_0.role,
        au1_0.subscription_ends_at,
        au1_0.subscription_source,
        au1_0.subscription_status,
        au1_0.trial_ends_at 
    from
        app_users au1_0 
    where
        upper(au1_0.email)=upper(?)
2026-03-27T20:53:02.286-03:00 DEBUG 25092 --- [ServiceGo] [io-8080-exec-10] org.hibernate.SQL                        : 
    select
        t1_0.id,
        t1_0.actual_amount,
        t1_0.app_platform,
        t1_0.created_at,
        c1_0.id,
        c1_0.created_at,
        c1_0.email,
        c1_0.name,
        c1_0.notes,
        c1_0.owner_user_id,
        c1_0.phone,
        t1_0.destination,
        t1_0.distance_km,
        t1_0.end_at,
        t1_0.estimated_amount,
        t1_0.fuel_efficiency_km_liter,
        t1_0.fuel_price,
        t1_0.fuel_type,
        t1_0.notes,
        t1_0.origin,
        t1_0.start_at,
        t1_0.status,
        t1_0.toll_amount,
        t1_0.trip_type,
        v2_0.id,
        v2_0.ano,
        v2_0.ativo,
        v2_0.cor,
        v2_0.dono_usuario_id,
        dv2_0.id,
        dv2_0.active,
        dv2_0.created_at,
        dv2_0.email,
        dv2_0.name,
        dv2_0.password_hash,
        dv2_0.plan_type,
        dv2_0.role,
        dv2_0.subscription_ends_at,
        dv2_0.subscription_source,
        dv2_0.subscription_status,
        dv2_0.trial_ends_at,
        v2_0.km_atual,
        v2_0.modelo,
        v2_0.placa 
    from
        trips t1_0 
    left join
        veiculos v1_0 
            on v1_0.id=t1_0.vehicle_id 
    left join
        app_users dv1_0 
            on dv1_0.id=v1_0.dono_usuario_id 
    left join
        customers c1_0 
            on c1_0.id=t1_0.customer_id 
    left join
        veiculos v2_0 
            on v2_0.id=t1_0.vehicle_id 
    left join
        app_users dv2_0 
            on dv2_0.id=v2_0.dono_usuario_id 
    where
        dv1_0.id=? 
    order by
        t1_0.start_at desc
Hibernate: 
    select
        t1_0.id,
        t1_0.actual_amount,
        t1_0.app_platform,
        t1_0.created_at,
        c1_0.id,
        c1_0.created_at,
        c1_0.email,
        c1_0.name,
        c1_0.notes,
        c1_0.owner_user_id,
        c1_0.phone,
        t1_0.destination,
        t1_0.distance_km,
        t1_0.end_at,
        t1_0.estimated_amount,
        t1_0.fuel_efficiency_km_liter,
        t1_0.fuel_price,
        t1_0.fuel_type,
        t1_0.notes,
        t1_0.origin,
        t1_0.start_at,
        t1_0.status,
        t1_0.toll_amount,
        t1_0.trip_type,
        v2_0.id,
        v2_0.ano,
        v2_0.ativo,
        v2_0.cor,
        v2_0.dono_usuario_id,
        dv2_0.id,
        dv2_0.active,
        dv2_0.created_at,
        dv2_0.email,
        dv2_0.name,
        dv2_0.password_hash,
        dv2_0.plan_type,
        dv2_0.role,
        dv2_0.subscription_ends_at,
        dv2_0.subscription_source,
        dv2_0.subscription_status,
        dv2_0.trial_ends_at,
        v2_0.km_atual,
        v2_0.modelo,
        v2_0.placa 
    from
        trips t1_0 
    left join
        veiculos v1_0 
            on v1_0.id=t1_0.vehicle_id 
    left join
        app_users dv1_0 
            on dv1_0.id=v1_0.dono_usuario_id 
    left join
        customers c1_0 
            on c1_0.id=t1_0.customer_id 
    left join
        veiculos v2_0 
            on v2_0.id=t1_0.vehicle_id 
    left join
        app_users dv2_0 
            on dv2_0.id=v2_0.dono_usuario_id 
    where
        dv1_0.id=? 
    order by
        t1_0.start_at desc
2026-03-27T20:53:02.288-03:00 DEBUG 25092 --- [ServiceGo] [nio-8080-exec-6] org.hibernate.SQL                        : 
    select
        p1_0.id,
        p1_0.amount,
        c1_0.id,
        c1_0.created_at,
        c1_0.email,
        c1_0.name,
        c1_0.notes,
        c1_0.owner_user_id,
        c1_0.phone,
        p1_0.due_at,
        p1_0.method,
        p1_0.notes,
        p1_0.numero_parcela,
        p1_0.owner_user_id,
        ou2_0.id,
        ou2_0.active,
        ou2_0.created_at,
        ou2_0.email,
        ou2_0.name,
        ou2_0.password_hash,
        ou2_0.plan_type,
        ou2_0.role,
        ou2_0.subscription_ends_at,
        ou2_0.subscription_source,
        ou2_0.subscription_status,
        ou2_0.trial_ends_at,
        p1_0.pagamento_parcial,
        p1_0.paid_at,
        p1_0.reference_code,
        p1_0.status,
        t1_0.id,
        t1_0.actual_amount,
        t1_0.app_platform,
        t1_0.created_at,
        t1_0.customer_id,
        t1_0.destination,
        t1_0.distance_km,
        t1_0.end_at,
        t1_0.estimated_amount,
        t1_0.fuel_efficiency_km_liter,
        t1_0.fuel_price,
        t1_0.fuel_type,
        t1_0.notes,
        t1_0.origin,
        t1_0.start_at,
        t1_0.status,
        t1_0.toll_amount,
        t1_0.trip_type,
        t1_0.vehicle_id 
    from
        payments p1_0 
    left join
        customers c1_0 
            on c1_0.id=p1_0.customer_id 
    join
        app_users ou2_0 
            on ou2_0.id=p1_0.owner_user_id 
    left join
        trips t1_0 
            on t1_0.id=p1_0.trip_id 
    where
        p1_0.owner_user_id=? 
    order by
        p1_0.id desc
Hibernate: 
    select
        p1_0.id,
        p1_0.amount,
        c1_0.id,
        c1_0.created_at,
        c1_0.email,
        c1_0.name,
        c1_0.notes,
        c1_0.owner_user_id,
        c1_0.phone,
        p1_0.due_at,
        p1_0.method,
        p1_0.notes,
        p1_0.numero_parcela,
        p1_0.owner_user_id,
        ou2_0.id,
        ou2_0.active,
        ou2_0.created_at,
        ou2_0.email,
        ou2_0.name,
        ou2_0.password_hash,
        ou2_0.plan_type,
        ou2_0.role,
        ou2_0.subscription_ends_at,
        ou2_0.subscription_source,
        ou2_0.subscription_status,
        ou2_0.trial_ends_at,
        p1_0.pagamento_parcial,
        p1_0.paid_at,
        p1_0.reference_code,
        p1_0.status,
        t1_0.id,
        t1_0.actual_amount,
        t1_0.app_platform,
        t1_0.created_at,
        t1_0.customer_id,
        t1_0.destination,
        t1_0.distance_km,
        t1_0.end_at,
        t1_0.estimated_amount,
        t1_0.fuel_efficiency_km_liter,
        t1_0.fuel_price,
        t1_0.fuel_type,
        t1_0.notes,
        t1_0.origin,
        t1_0.start_at,
        t1_0.status,
        t1_0.toll_amount,
        t1_0.trip_type,
        t1_0.vehicle_id 
    from
        payments p1_0 
    left join
        customers c1_0 
            on c1_0.id=p1_0.customer_id 
    join
        app_users ou2_0 
            on ou2_0.id=p1_0.owner_user_id 
    left join
        trips t1_0 
            on t1_0.id=p1_0.trip_id 
    where
        p1_0.owner_user_id=? 
    order by
        p1_0.id desc
2026-03-27T20:53:02.292-03:00 DEBUG 25092 --- [ServiceGo] [nio-8080-exec-3] org.hibernate.SQL                        : 
    select
        e1_0.id,
        e1_0.amount,
        e1_0.category,
        e1_0.description,
        e1_0.occurred_at,
        t1_0.id,
        t1_0.actual_amount,
        t1_0.app_platform,
        t1_0.created_at,
        t1_0.customer_id,
        t1_0.destination,
        t1_0.distance_km,
        t1_0.end_at,
        t1_0.estimated_amount,
        t1_0.fuel_efficiency_km_liter,
        t1_0.fuel_price,
        t1_0.fuel_type,
        t1_0.notes,
        t1_0.origin,
        t1_0.start_at,
        t1_0.status,
        t1_0.toll_amount,
        t1_0.trip_type,
        t1_0.vehicle_id,
        v3_0.id,
        v3_0.ano,
        v3_0.ativo,
        v3_0.cor,
        v3_0.dono_usuario_id,
        v3_0.km_atual,
        v3_0.modelo,
        v3_0.placa 
    from
        expenses e1_0 
    left join
        veiculos v1_0 
            on v1_0.id=e1_0.vehicle_id 
    left join
        app_users dv1_0 
            on dv1_0.id=v1_0.dono_usuario_id 
    left join
        trips t1_0 
            on t1_0.id=e1_0.trip_id 
    left join
        veiculos v3_0 
            on v3_0.id=e1_0.vehicle_id 
    where
        dv1_0.id=? 
    order by
        e1_0.occurred_at desc
Hibernate: 
    select
        e1_0.id,
        e1_0.amount,
        e1_0.category,
        e1_0.description,
        e1_0.occurred_at,
        t1_0.id,
        t1_0.actual_amount,
        t1_0.app_platform,
        t1_0.created_at,
        t1_0.customer_id,
        t1_0.destination,
        t1_0.distance_km,
        t1_0.end_at,
        t1_0.estimated_amount,
        t1_0.fuel_efficiency_km_liter,
        t1_0.fuel_price,
        t1_0.fuel_type,
        t1_0.notes,
        t1_0.origin,
        t1_0.start_at,
        t1_0.status,
        t1_0.toll_amount,
        t1_0.trip_type,
        t1_0.vehicle_id,
        v3_0.id,
        v3_0.ano,
        v3_0.ativo,
        v3_0.cor,
        v3_0.dono_usuario_id,
        v3_0.km_atual,
        v3_0.modelo,
        v3_0.placa 
    from
        expenses e1_0 
    left join
        veiculos v1_0 
            on v1_0.id=e1_0.vehicle_id 
    left join
        app_users dv1_0 
            on dv1_0.id=v1_0.dono_usuario_id 
    left join
        trips t1_0 
            on t1_0.id=e1_0.trip_id 
    left join
        veiculos v3_0 
            on v3_0.id=e1_0.vehicle_id 
    where
        dv1_0.id=? 
    order by
        e1_0.occurred_at desc
2026-03-27T20:53:02.297-03:00 DEBUG 25092 --- [ServiceGo] [nio-8080-exec-6] m.m.a.RequestResponseBodyMethodProcessor : Using 'application/json', given [*/*] and supported [application/json, application/*+json, application/yaml]
2026-03-27T20:53:02.299-03:00 DEBUG 25092 --- [ServiceGo] [io-8080-exec-10] m.m.a.RequestResponseBodyMethodProcessor : Using 'application/json', given [*/*] and supported [application/json, application/*+json, application/yaml]
2026-03-27T20:53:02.300-03:00 DEBUG 25092 --- [ServiceGo] [io-8080-exec-10] m.m.a.RequestResponseBodyMethodProcessor : Writing [[TripResponse[id=12, customerId=null, customerName=null, veiculoId=1, veiculoPlaca=FNZ8D38, veiculoM (truncated)...]
2026-03-27T20:53:02.300-03:00 DEBUG 25092 --- [ServiceGo] [nio-8080-exec-6] m.m.a.RequestResponseBodyMethodProcessor : Writing [[PaymentResponse[id=9, tripId=13, customerId=1, method=PIX, status=PAGO, amount=60.00, pagamentoParc (truncated)...]
2026-03-27T20:53:02.301-03:00 DEBUG 25092 --- [ServiceGo] [nio-8080-exec-3] m.m.a.RequestResponseBodyMethodProcessor : Using 'application/json', given [*/*] and supported [application/json, application/*+json, application/yaml]
2026-03-27T20:53:02.302-03:00 DEBUG 25092 --- [ServiceGo] [nio-8080-exec-3] m.m.a.RequestResponseBodyMethodProcessor : Writing [[ExpenseResponse[id=6, tripId=13, veiculoId=1, veiculoPlaca=FNZ8D38, category=PEDAGIO, amount=15.00, (truncated)...]
2026-03-27T20:53:02.303-03:00 DEBUG 25092 --- [ServiceGo] [io-8080-exec-10] o.s.web.servlet.DispatcherServlet        : Completed 200 OK
2026-03-27T20:53:02.304-03:00 DEBUG 25092 --- [ServiceGo] [nio-8080-exec-6] o.s.web.servlet.DispatcherServlet        : Completed 200 OK
2026-03-27T20:53:02.308-03:00 DEBUG 25092 --- [ServiceGo] [nio-8080-exec-3] o.s.web.servlet.DispatcherServlet        : Completed 200 OK
2026-03-27T20:53:02.341-03:00 DEBUG 25092 --- [ServiceGo] [nio-8080-exec-2] org.hibernate.SQL                        : 
    select
        au1_0.id,
        au1_0.active,
        au1_0.created_at,
        au1_0.email,
        au1_0.name,
        au1_0.password_hash,
        au1_0.plan_type,
        au1_0.role,
        au1_0.subscription_ends_at,
        au1_0.subscription_source,
        au1_0.subscription_status,
        au1_0.trial_ends_at 
    from
        app_users au1_0 
    where
        upper(au1_0.email)=upper(?) 
        and au1_0.active=true
Hibernate: 
    select
        au1_0.id,
        au1_0.active,
        au1_0.created_at,
        au1_0.email,
        au1_0.name,
        au1_0.password_hash,
        au1_0.plan_type,
        au1_0.role,
        au1_0.subscription_ends_at,
        au1_0.subscription_source,
        au1_0.subscription_status,
        au1_0.trial_ends_at 
    from
        app_users au1_0 
    where
        upper(au1_0.email)=upper(?) 
        and au1_0.active=true
2026-03-27T20:53:02.342-03:00 DEBUG 25092 --- [ServiceGo] [nio-8080-exec-1] org.hibernate.SQL                        : 
    select
        au1_0.id,
        au1_0.active,
        au1_0.created_at,
        au1_0.email,
        au1_0.name,
        au1_0.password_hash,
        au1_0.plan_type,
        au1_0.role,
        au1_0.subscription_ends_at,
        au1_0.subscription_source,
        au1_0.subscription_status,
        au1_0.trial_ends_at 
    from
        app_users au1_0 
    where
        upper(au1_0.email)=upper(?) 
        and au1_0.active=true
Hibernate: 
    select
        au1_0.id,
        au1_0.active,
        au1_0.created_at,
        au1_0.email,
        au1_0.name,
        au1_0.password_hash,
        au1_0.plan_type,
        au1_0.role,
        au1_0.subscription_ends_at,
        au1_0.subscription_source,
        au1_0.subscription_status,
        au1_0.trial_ends_at 
    from
        app_users au1_0 
    where
        upper(au1_0.email)=upper(?) 
        and au1_0.active=true
2026-03-27T20:53:02.343-03:00 DEBUG 25092 --- [ServiceGo] [nio-8080-exec-5] org.hibernate.SQL                        : 
    select
        au1_0.id,
        au1_0.active,
        au1_0.created_at,
        au1_0.email,
        au1_0.name,
        au1_0.password_hash,
        au1_0.plan_type,
        au1_0.role,
        au1_0.subscription_ends_at,
        au1_0.subscription_source,
        au1_0.subscription_status,
        au1_0.trial_ends_at 
    from
        app_users au1_0 
    where
        upper(au1_0.email)=upper(?) 
        and au1_0.active=true
Hibernate: 
    select
        au1_0.id,
        au1_0.active,
        au1_0.created_at,
        au1_0.email,
        au1_0.name,
        au1_0.password_hash,
        au1_0.plan_type,
        au1_0.role,
        au1_0.subscription_ends_at,
        au1_0.subscription_source,
        au1_0.subscription_status,
        au1_0.trial_ends_at 
    from
        app_users au1_0 
    where
        upper(au1_0.email)=upper(?) 
        and au1_0.active=true
2026-03-27T20:53:02.359-03:00 DEBUG 25092 --- [ServiceGo] [nio-8080-exec-2] o.s.web.servlet.DispatcherServlet        : GET "/api/trips", parameters={}
2026-03-27T20:53:02.360-03:00 DEBUG 25092 --- [ServiceGo] [nio-8080-exec-2] s.w.s.m.m.a.RequestMappingHandlerMapping : Mapped to com.ServiceGo.api.controller.TripController#list(Authentication)
2026-03-27T20:53:02.360-03:00 DEBUG 25092 --- [ServiceGo] [nio-8080-exec-1] o.s.web.servlet.DispatcherServlet        : GET "/api/expenses", parameters={}
2026-03-27T20:53:02.362-03:00 DEBUG 25092 --- [ServiceGo] [nio-8080-exec-1] s.w.s.m.m.a.RequestMappingHandlerMapping : Mapped to com.ServiceGo.api.controller.ExpenseController#list(Authentication)
2026-03-27T20:53:02.362-03:00 DEBUG 25092 --- [ServiceGo] [nio-8080-exec-5] o.s.web.servlet.DispatcherServlet        : GET "/api/payments", parameters={}
2026-03-27T20:53:02.362-03:00 DEBUG 25092 --- [ServiceGo] [nio-8080-exec-5] s.w.s.m.m.a.RequestMappingHandlerMapping : Mapped to com.ServiceGo.api.controller.PaymentController#list(Authentication)
2026-03-27T20:53:02.367-03:00 DEBUG 25092 --- [ServiceGo] [nio-8080-exec-5] org.hibernate.SQL                        : 
    select
        au1_0.id,
        au1_0.active,
        au1_0.created_at,
        au1_0.email,
        au1_0.name,
        au1_0.password_hash,
        au1_0.plan_type,
        au1_0.role,
        au1_0.subscription_ends_at,
        au1_0.subscription_source,
        au1_0.subscription_status,
        au1_0.trial_ends_at 
    from
        app_users au1_0 
    where
        upper(au1_0.email)=upper(?)
Hibernate: 
    select
        au1_0.id,
        au1_0.active,
        au1_0.created_at,
        au1_0.email,
        au1_0.name,
        au1_0.password_hash,
        au1_0.plan_type,
        au1_0.role,
        au1_0.subscription_ends_at,
        au1_0.subscription_source,
        au1_0.subscription_status,
        au1_0.trial_ends_at 
    from
        app_users au1_0 
    where
        upper(au1_0.email)=upper(?)
2026-03-27T20:53:02.367-03:00 DEBUG 25092 --- [ServiceGo] [nio-8080-exec-2] org.hibernate.SQL                        : 
    select
        au1_0.id,
        au1_0.active,
        au1_0.created_at,
        au1_0.email,
        au1_0.name,
        au1_0.password_hash,
        au1_0.plan_type,
        au1_0.role,
        au1_0.subscription_ends_at,
        au1_0.subscription_source,
        au1_0.subscription_status,
        au1_0.trial_ends_at 
    from
        app_users au1_0 
    where
        upper(au1_0.email)=upper(?)
Hibernate: 
    select
        au1_0.id,
        au1_0.active,
        au1_0.created_at,
        au1_0.email,
        au1_0.name,
        au1_0.password_hash,
        au1_0.plan_type,
        au1_0.role,
        au1_0.subscription_ends_at,
        au1_0.subscription_source,
        au1_0.subscription_status,
        au1_0.trial_ends_at 
    from
        app_users au1_0 
    where
        upper(au1_0.email)=upper(?)
2026-03-27T20:53:02.367-03:00 DEBUG 25092 --- [ServiceGo] [nio-8080-exec-1] org.hibernate.SQL                        : 
    select
        au1_0.id,
        au1_0.active,
        au1_0.created_at,
        au1_0.email,
        au1_0.name,
        au1_0.password_hash,
        au1_0.plan_type,
        au1_0.role,
        au1_0.subscription_ends_at,
        au1_0.subscription_source,
        au1_0.subscription_status,
        au1_0.trial_ends_at 
    from
        app_users au1_0 
    where
        upper(au1_0.email)=upper(?)
Hibernate: 
    select
        au1_0.id,
        au1_0.active,
        au1_0.created_at,
        au1_0.email,
        au1_0.name,
        au1_0.password_hash,
        au1_0.plan_type,
        au1_0.role,
        au1_0.subscription_ends_at,
        au1_0.subscription_source,
        au1_0.subscription_status,
        au1_0.trial_ends_at 
    from
        app_users au1_0 
    where
        upper(au1_0.email)=upper(?)
2026-03-27T20:53:02.380-03:00 DEBUG 25092 --- [ServiceGo] [nio-8080-exec-1] org.hibernate.SQL                        : 
    select
        au1_0.id,
        au1_0.active,
        au1_0.created_at,
        au1_0.email,
        au1_0.name,
        au1_0.password_hash,
        au1_0.plan_type,
        au1_0.role,
        au1_0.subscription_ends_at,
        au1_0.subscription_source,
        au1_0.subscription_status,
        au1_0.trial_ends_at 
    from
        app_users au1_0 
    where
        upper(au1_0.email)=upper(?)
Hibernate: 
    select
        au1_0.id,
        au1_0.active,
        au1_0.created_at,
        au1_0.email,
        au1_0.name,
        au1_0.password_hash,
        au1_0.plan_type,
        au1_0.role,
        au1_0.subscription_ends_at,
        au1_0.subscription_source,
        au1_0.subscription_status,
        au1_0.trial_ends_at 
    from
        app_users au1_0 
    where
        upper(au1_0.email)=upper(?)
2026-03-27T20:53:02.381-03:00 DEBUG 25092 --- [ServiceGo] [nio-8080-exec-2] org.hibernate.SQL                        : 
    select
        t1_0.id,
        t1_0.actual_amount,
        t1_0.app_platform,
        t1_0.created_at,
        c1_0.id,
        c1_0.created_at,
        c1_0.email,
        c1_0.name,
        c1_0.notes,
        c1_0.owner_user_id,
        c1_0.phone,
        t1_0.destination,
        t1_0.distance_km,
        t1_0.end_at,
        t1_0.estimated_amount,
        t1_0.fuel_efficiency_km_liter,
        t1_0.fuel_price,
        t1_0.fuel_type,
        t1_0.notes,
        t1_0.origin,
        t1_0.start_at,
        t1_0.status,
        t1_0.toll_amount,
        t1_0.trip_type,
        v2_0.id,
        v2_0.ano,
        v2_0.ativo,
        v2_0.cor,
        v2_0.dono_usuario_id,
        dv2_0.id,
        dv2_0.active,
        dv2_0.created_at,
        dv2_0.email,
        dv2_0.name,
        dv2_0.password_hash,
        dv2_0.plan_type,
        dv2_0.role,
        dv2_0.subscription_ends_at,
        dv2_0.subscription_source,
        dv2_0.subscription_status,
        dv2_0.trial_ends_at,
        v2_0.km_atual,
        v2_0.modelo,
        v2_0.placa 
    from
        trips t1_0 
    left join
        veiculos v1_0 
            on v1_0.id=t1_0.vehicle_id 
    left join
        app_users dv1_0 
            on dv1_0.id=v1_0.dono_usuario_id 
    left join
        customers c1_0 
            on c1_0.id=t1_0.customer_id 
    left join
        veiculos v2_0 
            on v2_0.id=t1_0.vehicle_id 
    left join
        app_users dv2_0 
            on dv2_0.id=v2_0.dono_usuario_id 
    where
        dv1_0.id=? 
    order by
        t1_0.start_at desc
Hibernate: 
    select
        t1_0.id,
        t1_0.actual_amount,
        t1_0.app_platform,
        t1_0.created_at,
        c1_0.id,
        c1_0.created_at,
        c1_0.email,
        c1_0.name,
        c1_0.notes,
        c1_0.owner_user_id,
        c1_0.phone,
        t1_0.destination,
        t1_0.distance_km,
        t1_0.end_at,
        t1_0.estimated_amount,
        t1_0.fuel_efficiency_km_liter,
        t1_0.fuel_price,
        t1_0.fuel_type,
        t1_0.notes,
        t1_0.origin,
        t1_0.start_at,
        t1_0.status,
        t1_0.toll_amount,
        t1_0.trip_type,
        v2_0.id,
        v2_0.ano,
        v2_0.ativo,
        v2_0.cor,
        v2_0.dono_usuario_id,
        dv2_0.id,
        dv2_0.active,
        dv2_0.created_at,
        dv2_0.email,
        dv2_0.name,
        dv2_0.password_hash,
        dv2_0.plan_type,
        dv2_0.role,
        dv2_0.subscription_ends_at,
        dv2_0.subscription_source,
        dv2_0.subscription_status,
        dv2_0.trial_ends_at,
        v2_0.km_atual,
        v2_0.modelo,
        v2_0.placa 
    from
        trips t1_0 
    left join
        veiculos v1_0 
            on v1_0.id=t1_0.vehicle_id 
    left join
        app_users dv1_0 
            on dv1_0.id=v1_0.dono_usuario_id 
    left join
        customers c1_0 
            on c1_0.id=t1_0.customer_id 
    left join
        veiculos v2_0 
            on v2_0.id=t1_0.vehicle_id 
    left join
        app_users dv2_0 
            on dv2_0.id=v2_0.dono_usuario_id 
    where
        dv1_0.id=? 
    order by
        t1_0.start_at desc
2026-03-27T20:53:02.384-03:00 DEBUG 25092 --- [ServiceGo] [nio-8080-exec-5] org.hibernate.SQL                        : 
    select
        p1_0.id,
        p1_0.amount,
        c1_0.id,
        c1_0.created_at,
        c1_0.email,
        c1_0.name,
        c1_0.notes,
        c1_0.owner_user_id,
        c1_0.phone,
        p1_0.due_at,
        p1_0.method,
        p1_0.notes,
        p1_0.numero_parcela,
        p1_0.owner_user_id,
        ou2_0.id,
        ou2_0.active,
        ou2_0.created_at,
        ou2_0.email,
        ou2_0.name,
        ou2_0.password_hash,
        ou2_0.plan_type,
        ou2_0.role,
        ou2_0.subscription_ends_at,
        ou2_0.subscription_source,
        ou2_0.subscription_status,
        ou2_0.trial_ends_at,
        p1_0.pagamento_parcial,
        p1_0.paid_at,
        p1_0.reference_code,
        p1_0.status,
        t1_0.id,
        t1_0.actual_amount,
        t1_0.app_platform,
        t1_0.created_at,
        t1_0.customer_id,
        t1_0.destination,
        t1_0.distance_km,
        t1_0.end_at,
        t1_0.estimated_amount,
        t1_0.fuel_efficiency_km_liter,
        t1_0.fuel_price,
        t1_0.fuel_type,
        t1_0.notes,
        t1_0.origin,
        t1_0.start_at,
        t1_0.status,
        t1_0.toll_amount,
        t1_0.trip_type,
        t1_0.vehicle_id 
    from
        payments p1_0 
    left join
        customers c1_0 
            on c1_0.id=p1_0.customer_id 
    join
        app_users ou2_0 
            on ou2_0.id=p1_0.owner_user_id 
    left join
        trips t1_0 
            on t1_0.id=p1_0.trip_id 
    where
        p1_0.owner_user_id=? 
    order by
        p1_0.id desc
Hibernate: 
    select
        p1_0.id,
        p1_0.amount,
        c1_0.id,
        c1_0.created_at,
        c1_0.email,
        c1_0.name,
        c1_0.notes,
        c1_0.owner_user_id,
        c1_0.phone,
        p1_0.due_at,
        p1_0.method,
        p1_0.notes,
        p1_0.numero_parcela,
        p1_0.owner_user_id,
        ou2_0.id,
        ou2_0.active,
        ou2_0.created_at,
        ou2_0.email,
        ou2_0.name,
        ou2_0.password_hash,
        ou2_0.plan_type,
        ou2_0.role,
        ou2_0.subscription_ends_at,
        ou2_0.subscription_source,
        ou2_0.subscription_status,
        ou2_0.trial_ends_at,
        p1_0.pagamento_parcial,
        p1_0.paid_at,
        p1_0.reference_code,
        p1_0.status,
        t1_0.id,
        t1_0.actual_amount,
        t1_0.app_platform,
        t1_0.created_at,
        t1_0.customer_id,
        t1_0.destination,
        t1_0.distance_km,
        t1_0.end_at,
        t1_0.estimated_amount,
        t1_0.fuel_efficiency_km_liter,
        t1_0.fuel_price,
        t1_0.fuel_type,
        t1_0.notes,
        t1_0.origin,
        t1_0.start_at,
        t1_0.status,
        t1_0.toll_amount,
        t1_0.trip_type,
        t1_0.vehicle_id 
    from
        payments p1_0 
    left join
        customers c1_0 
            on c1_0.id=p1_0.customer_id 
    join
        app_users ou2_0 
            on ou2_0.id=p1_0.owner_user_id 
    left join
        trips t1_0 
            on t1_0.id=p1_0.trip_id 
    where
        p1_0.owner_user_id=? 
    order by
        p1_0.id desc
2026-03-27T20:53:02.389-03:00 DEBUG 25092 --- [ServiceGo] [nio-8080-exec-1] org.hibernate.SQL                        : 
    select
        e1_0.id,
        e1_0.amount,
        e1_0.category,
        e1_0.description,
        e1_0.occurred_at,
        t1_0.id,
        t1_0.actual_amount,
        t1_0.app_platform,
        t1_0.created_at,
        t1_0.customer_id,
        t1_0.destination,
        t1_0.distance_km,
        t1_0.end_at,
        t1_0.estimated_amount,
        t1_0.fuel_efficiency_km_liter,
        t1_0.fuel_price,
        t1_0.fuel_type,
        t1_0.notes,
        t1_0.origin,
        t1_0.start_at,
        t1_0.status,
        t1_0.toll_amount,
        t1_0.trip_type,
        t1_0.vehicle_id,
        v3_0.id,
        v3_0.ano,
        v3_0.ativo,
        v3_0.cor,
        v3_0.dono_usuario_id,
        v3_0.km_atual,
        v3_0.modelo,
        v3_0.placa 
    from
        expenses e1_0 
    left join
        veiculos v1_0 
            on v1_0.id=e1_0.vehicle_id 
    left join
        app_users dv1_0 
            on dv1_0.id=v1_0.dono_usuario_id 
    left join
        trips t1_0 
            on t1_0.id=e1_0.trip_id 
    left join
        veiculos v3_0 
            on v3_0.id=e1_0.vehicle_id 
    where
        dv1_0.id=? 
    order by
        e1_0.occurred_at desc
Hibernate: 
    select
        e1_0.id,
        e1_0.amount,
        e1_0.category,
        e1_0.description,
        e1_0.occurred_at,
        t1_0.id,
        t1_0.actual_amount,
        t1_0.app_platform,
        t1_0.created_at,
        t1_0.customer_id,
        t1_0.destination,
        t1_0.distance_km,
        t1_0.end_at,
        t1_0.estimated_amount,
        t1_0.fuel_efficiency_km_liter,
        t1_0.fuel_price,
        t1_0.fuel_type,
        t1_0.notes,
        t1_0.origin,
        t1_0.start_at,
        t1_0.status,
        t1_0.toll_amount,
        t1_0.trip_type,
        t1_0.vehicle_id,
        v3_0.id,
        v3_0.ano,
        v3_0.ativo,
        v3_0.cor,
        v3_0.dono_usuario_id,
        v3_0.km_atual,
        v3_0.modelo,
        v3_0.placa 
    from
        expenses e1_0 
    left join
        veiculos v1_0 
            on v1_0.id=e1_0.vehicle_id 
    left join
        app_users dv1_0 
            on dv1_0.id=v1_0.dono_usuario_id 
    left join
        trips t1_0 
            on t1_0.id=e1_0.trip_id 
    left join
        veiculos v3_0 
            on v3_0.id=e1_0.vehicle_id 
    where
        dv1_0.id=? 
    order by
        e1_0.occurred_at desc
2026-03-27T20:53:02.391-03:00 DEBUG 25092 --- [ServiceGo] [nio-8080-exec-5] m.m.a.RequestResponseBodyMethodProcessor : Using 'application/json', given [*/*] and supported [application/json, application/*+json, application/yaml]
2026-03-27T20:53:02.393-03:00 DEBUG 25092 --- [ServiceGo] [nio-8080-exec-5] m.m.a.RequestResponseBodyMethodProcessor : Writing [[PaymentResponse[id=9, tripId=13, customerId=1, method=PIX, status=PAGO, amount=60.00, pagamentoParc (truncated)...]
2026-03-27T20:53:02.396-03:00 DEBUG 25092 --- [ServiceGo] [nio-8080-exec-2] m.m.a.RequestResponseBodyMethodProcessor : Using 'application/json', given [*/*] and supported [application/json, application/*+json, application/yaml]
2026-03-27T20:53:02.397-03:00 DEBUG 25092 --- [ServiceGo] [nio-8080-exec-2] m.m.a.RequestResponseBodyMethodProcessor : Writing [[TripResponse[id=12, customerId=null, customerName=null, veiculoId=1, veiculoPlaca=FNZ8D38, veiculoM (truncated)...]
2026-03-27T20:53:02.397-03:00 DEBUG 25092 --- [ServiceGo] [nio-8080-exec-5] o.s.web.servlet.DispatcherServlet        : Completed 200 OK
2026-03-27T20:53:02.401-03:00 DEBUG 25092 --- [ServiceGo] [nio-8080-exec-2] o.s.web.servlet.DispatcherServlet        : Completed 200 OK
2026-03-27T20:53:02.405-03:00 DEBUG 25092 --- [ServiceGo] [nio-8080-exec-1] m.m.a.RequestResponseBodyMethodProcessor : Using 'application/json', given [*/*] and supported [application/json, application/*+json, application/yaml]
2026-03-27T20:53:02.406-03:00 DEBUG 25092 --- [ServiceGo] [nio-8080-exec-1] m.m.a.RequestResponseBodyMethodProcessor : Writing [[ExpenseResponse[id=6, tripId=13, veiculoId=1, veiculoPlaca=FNZ8D38, category=PEDAGIO, amount=15.00, (truncated)...]
2026-03-27T20:53:02.411-03:00 DEBUG 25092 --- [ServiceGo] [nio-8080-exec-1] o.s.web.servlet.DispatcherServlet        : Completed 200 OK
[INFO] ------------------------------------------------------------------------
[INFO] BUILD FAILURE
[INFO] ------------------------------------------------------------------------
[INFO] Total time:  21:05 min
[INFO] Finished at: 2026-03-27T21:07:30-03:00
[INFO] ------------------------------------------------------------------------
[ERROR] Failed to execute goal org.springframework.boot:spring-boot-maven-plugin:4.0.3:run (default-cli) on project ServiceGo: Process terminated with exit code: -1 -> [Help 1]
[ERROR] 
[ERROR] To see the full stack trace of the errors, re-run Maven with the -e switch.
[ERROR] Re-run Maven using the -X switch to enable full debug logging.
[ERROR] 
[ERROR] For more information about the errors and possible solutions, please read the following articles:
[ERROR] [Help 1] http://cwiki.apache.org/confluence/display/MAVEN/MojoExecutionException
